class,cap-shape,cap-surface,cap-color,bruises,odor,gill-attachment,gill-spacing,gill-size,gill-color,stalk-shape,stalk-root,stalk-surface-above-ring,stalk-surface-below-ring,stalk-color-above-ring,stalk-color-below-ring,veil-type,veil-color,ring-number,ring-type,spore-print-color,population,habitat
p,x,s,n,t,p,f,c,n,k,e,?,s,s,w,w,p,w,o,p,k,s,u
e,x,s,y,t,a,f,c,b,k,e,c,s,s,w,w,p,w,o,p,n,n,g
e,b,s,w,t,l,f,c,b,n,e,c,s,s,w,w,p,w,o,p,n,n,m
p,,y,w,t,p,f,c,n,n,e,e,s,s,w,w,p,w,o,p,k,,u
e,x,s,g,f,n,f,w,b,k,t,e,s,s,w,w,p,w,o,e,n,a,g
e,x,,y,t,a,f,c,b,n,e,?,s,s,w,w,p,w,o,p,k,n,g
e,b,s,w,t,a,f,c,b,g,e,c,s,s,w,w,p,,o,p,k,n,m
e,b,y,w,t,l,f,c,b,n,e,c,s,s,w,w,p,w,o,p,n,s,m
p,x,y,w,t,p,f,c,n,p,e,?,s,s,w,w,p,w,o,p,k,v,g
e,b,s,y,t,a,f,c,b,g,e,c,s,s,w,w,p,w,o,p,k,s,m
e,x,,y,t,l,f,c,b,g,e,c,s,s,w,w,p,w,o,p,n,n,g
e,x,y,y,t,a,f,c,b,n,e,c,s,s,w,w,p,w,o,p,k,s,m
e,b,s,y,,a,f,c,b,w,e,c,s,s,w,w,p,,o,p,n,s,g
p,x,y,wrong,t,p,f,c,n,k,e,?,s,s,w,w,p,w,o,p,n,v,u
e,x,f,n,,??,f,w,b,n,t,e,s,f,w,w,p,w,o,e,k,a,g
e,s,f,,f,n,f,c,n,k,e,e,s,s,w,w,p,w,o,p,n,y,u
e,f,f,w,f,n,f,w,b,k,t,e,s,s,w,w,p,w,o,e,n,a,g
p,x,s,n,t,p,f,c,n,n,e,?,s,s,w,w,p,w,o,p,k,s,g
p,x,y,w,t,p,f,c,n,n,e,?,s,s,w,w,p,w,o,p,n,s,u
p,,s,n,t,p,f,c,,k,e,e,s,s,w,w,p,w,o,p,n,s,u
e,b,,y,t,a,f,c,b,k,e,?,s,s,w,w,p,w,o,p,n,s,m
p,x,,n,t,p,f,c,n,n,e,e,s,s,w,w,p,w,o,p,n,v,g
e,b,y,y,t,l,f,c,b,k,e,c,s,s,w,w,p,w,o,p,n,s,m
e,b,y,w,t,a,f,c,b,w,e,c,s,s,w,w,p,w,,p,n,n,m
e,b,s,w,t,l,f,c,b,g,e,c,s,s,w,w,p,w,o,p,k,s,m
p,f,s,w,t,p,f,c,n,n,e,e,s,s,w,w,p,w,o,p,n,v,g
e,x,y,y,t,a,f,c,b,n,e,c,s,s,w,w,p,w,o,p,n,n,m
e,x,y,w,t,l,f,c,b,w,e,c,s,s,w,w,p,w,o,p,n,n,m
e,f,f,n,f,n,f,c,n,k,e,e,s,s,w,w,p,w,o,p,k,y,u
e,x,s,y,t,a,f,w,n,n,t,b,s,s,w,w,p,w,o,p,n,v,d
e,b,s,y,t,l,f,c,b,g,e,c,s,s,w,w,p,w,o,p,n,n,m
p,x,y,w,t,p,f,c,n,k,e,e,s,s,w,w,p,w,o,p,n,s,u
e,x,y,y,t,l,f,c,b,n,e,c,s,s,w,w,p,w,o,p,n,n,m
e,x,y,n,t,l,f,c,b,p,e,r,s,y,w,w,p,w,o,p,,y,p
e,b,y,y,t,l,f,c,b,n,e,c,s,s,w,w,p,w,o,p,n,s,m
e,x,f,y,t,l,f,w,n,w,t,b,s,s,w,w,p,w,o,p,n,v,d
e,s,f,g,f,n,f,c,n,k,,e,s,s,w,w,p,w,o,p,k,v,u
p,x,y,n,t,p,f,c,n,w,e,e,s,s,w,w,p,w,o,p,n,s,u
e,x,f,y,t,a,f,w,n,p,t,b,s,s,w,w,p,w,o,p,n,v,d
e,b,s,y,t,l,f,c,b,k,e,c,s,s,w,w,p,,o,p,k,s,m
e,b,y,y,t,a,f,c,b,n,e,c,s,s,w,w,p,w,o,p,n,s,g
e,x,y,y,t,l,f,c,b,n,e,r,s,y,w,w,p,w,o,p,k,y,p
e,x,f,n,f,n,f,c,n,g,e,e,s,s,w,w,p,w,o,p,k,y,u
p,x,y,w,t,p,f,c,n,p,e,e,s,s,w,w,p,w,o,p,n,v,g
e,x,s,y,t,a,f,c,b,w,e,c,s,s,w,w,p,w,o,p,k,n,m
e,x,y,w,t,a,f,c,b,n,e,?,s,s,w,w,p,w,o,p,n,n,g
e,x,y,y,t,l,f,c,b,k,e,,s,s,,w,p,w,o,p,k,s,m
e,x,s,w,t,l,f,c,b,w,e,c,s,s,w,w,p,w,o,p,n,n,m
e,x,,y,t,l,f,c,b,n,e,r,s,y,w,w,p,w,o,p,n,s,p
e,f,y,y,t,l,,c,b,w,e,r,s,y,w,w,p,w,o,p,k,s,p
e,x,y,n,t,a,f,c,b,w,e,r,s,y,w,w,p,w,o,p,k,s,g
e,x,s,w,t,l,f,c,b,k,e,c,s,s,w,w,p,w,o,p,k,s,g
e,b,,w,t,l,f,c,b,k,e,c,s,s,w,w,p,w,o,p,n,n,m
p,x,y,n,t,p,f,c,n,k,e,e,s,s,w,w,p,w,o,p,n,v,u
p,x,s,w,t,p,f,c,n,k,e,e,s,s,w,w,p,w,o,p,k,v,u
e,b,y,y,t,a,f,c,b,w,e,c,s,s,w,w,p,w,o,p,k,s,m
e,f,f,g,f,n,f,w,b,n,t,e,s,s,w,w,p,w,o,e,n,a,g
e,b,s,w,t,a,f,c,b,w,e,c,s,s,w,w,p,w,o,p,n,n,g
e,x,s,y,t,l,f,c,b,k,e,c,s,s,w,w,p,w,o,p,k,n,g
e,x,y,n,t,a,f,c,b,p,e,r,s,y,w,w,p,w,o,p,k,y,p
e,s,f,g,f,n,f,c,n,k,e,e,s,s,w,w,p,w,o,p,n,v,u
e,b,y,,t,a,f,c,b,k,e,c,s,s,w,w,p,w,o,p,n,s,m
e,b,s,y,t,l,f,c,b,g,e,c,,s,w,w,p,w,o,p,n,s,m
e,b,y,y,t,l,f,c,b,g,e,c,s,s,w,w,p,w,o,p,n,n,m
e,b,y,,t,l,f,c,b,n,e,c,s,s,w,w,p,w,o,p,,s,g
e,f,s,n,f,n,,w,b,k,t,e,s,s,w,w,p,w,o,e,k,a,g
e,x,s,w,t,l,f,c,b,n,e,c,s,s,w,w,p,w,o,p,k,s,g
e,f,y,y,t,a,f,c,b,w,e,r,s,y,w,w,p,w,o,p,n,s,g
e,x,y,y,t,a,f,c,b,w,e,c,s,s,w,w,p,w,o,p,k,n,g
e,x,f,g,f,n,f,c,n,p,e,e,s,s,w,w,p,w,o,p,n,v,u
e,f,f,y,t,l,f,w,n,p,t,b,s,s,w,w,p,w,o,p,n,v,d
e,b,y,w,t,l,f,c,b,g,e,c,s,s,w,w,p,,o,p,n,s,m
e,f,f,y,t,l,f,w,n,w,t,b,s,s,w,w,p,w,o,p,n,v,d
e,x,y,n,t,a,f,c,b,p,e,r,s,y,w,,p,w,o,p,k,s,p
e,b,s,y,t,a,f,c,b,k,e,c,s,s,w,w,p,w,o,p,k,s,g
e,f,s,y,t,l,f,w,n,p,t,b,s,s,w,w,p,w,o,p,n,v,d
e,x,s,w,t,l,f,w,n,n,t,b,s,s,w,w,p,w,o,p,u,v,d
e,f,y,n,t,l,f,c,b,p,e,r,s,y,w,w,p,w,o,p,n,y,p
p,x,y,n,t,p,f,c,n,w,e,e,s,s,w,w,p,w,o,p,n,v,u
e,f,y,n,t,,,c,b,n,e,r,s,y,w,w,p,w,o,p,n,y,g
e,x,s,n,f,n,f,w,b,k,t,e,f,s,w,w,p,w,o,e,n,s,g
p,x,y,w,t,p,f,c,n,w,e,e,s,s,w,w,p,w,o,p,k,s,g
e,f,f,g,f,n,f,c,n,n,e,e,s,s,w,w,p,w,o,p,n,y,u
e,x,f,g,f,n,f,w,b,n,t,e,s,s,w,w,p,w,o,e,n,s,g
e,x,y,y,t,l,,c,b,w,e,r,s,y,w,w,p,w,o,p,k,s,g
e,x,s,n,f,n,f,w,b,k,t,e,s,s,w,,p,w,o,e,k,s,g
e,b,s,w,t,a,f,c,b,w,e,c,s,s,w,w,p,w,o,p,k,s,g
e,x,s,w,t,l,f,c,b,n,e,c,s,s,w,w,p,w,o,p,n,s,g
e,,y,n,t,,f,c,b,w,e,r,s,y,w,w,p,w,o,p,k,y,g
e,s,f,n,f,n,f,c,n,n,e,e,s,s,w,w,p,w,o,p,,v,u
e,x,f,n,f,n,f,c,n,n,e,e,s,s,w,w,p,w,o,p,n,y,u
e,b,s,w,t,l,f,c,b,k,e,c,s,s,w,w,p,w,o,p,k,s,g
e,x,y,y,t,a,f,c,b,g,e,c,s,s,w,w,p,w,o,p,k,s,g
,x,y,y,t,l,f,c,b,g,e,c,s,s,w,w,p,w,o,p,k,n,m
e,x,s,wrong,f,n,f,w,b,n,t,e,s,s,w,w,p,w,o,e,n,a,g
e,x,s,w,t,a,f,c,b,g,e,c,s,s,w,w,p,w,o,p,n,s,g
e,f,y,n,t,l,f,c,b,p,e,r,s,y,w,w,p,w,o,p,,s,g
e,x,s,y,t,a,f,c,b,n,e,c,s,s,w,w,p,w,o,p,k,n,g
e,b,s,w,t,a,f,c,b,g,e,c,s,s,w,w,p,w,o,p,n,s,g
e,x,y,w,t,a,f,c,b,g,e,?,s,s,w,w,p,w,o,p,k,s,g
e,x,f,n,f,n,f,w,b,p,t,e,f,s,w,w,p,w,o,e,k,s,g
,,s,y,t,l,f,c,b,n,e,c,s,s,w,w,p,w,o,p,k,n,g
e,,y,y,t,l,f,c,b,w,e,r,s,y,w,w,p,w,o,p,n,s,g
e,x,y,y,t,??,f,c,b,n,e,r,s,y,w,w,p,w,o,p,k,,p
e,b,y,w,t,,f,c,b,g,e,c,s,s,w,w,p,w,o,p,n,n,g
e,x,y,y,t,a,f,c,b,n,e,c,s,s,w,w,p,w,o,p,k,n,m
e,x,y,y,t,a,f,c,b,w,e,?,s,y,w,w,p,w,o,p,n,y,g
e,b,y,w,t,l,f,c,b,n,e,c,s,s,w,w,p,w,o,p,k,s,m
e,b,y,w,t,a,f,c,b,g,e,c,s,s,w,w,p,w,o,p,n,s,m
e,x,s,y,t,a,f,c,b,k,e,c,s,s,w,w,p,w,o,p,k,n,m
e,x,s,y,t,l,f,c,b,w,e,c,s,s,w,w,p,w,o,p,k,n,g
e,s,f,g,f,n,f,c,n,g,e,e,s,s,w,w,p,w,o,p,k,y,u
e,x,f,w,t,a,f,w,n,w,t,b,s,s,w,w,p,w,o,p,u,v,d
e,x,s,y,t,a,f,c,b,n,e,c,s,s,w,w,p,w,o,p,k,n,m
p,x,y,w,t,p,f,c,n,n,e,e,s,s,w,w,p,w,o,p,n,v,u
e,x,y,y,t,l,f,c,b,p,e,r,s,y,w,w,p,w,o,p,n,s,g
e,s,f,g,f,n,f,c,n,p,e,e,s,s,w,w,p,w,o,p,n,y,u
e,x,y,,t,l,f,c,b,w,e,r,s,y,w,w,p,w,o,p,k,y,g
e,x,s,y,t,l,f,w,n,p,t,b,s,s,w,w,p,w,o,p,u,v,d
e,s,f,n,f,n,f,c,n,k,e,e,s,s,w,w,p,w,o,p,n,y,u
p,x,s,w,t,p,f,c,n,k,e,e,s,s,w,w,p,w,o,p,k,v,g
e,x,y,w,t,a,f,c,b,g,e,c,s,s,w,w,p,w,o,p,n,n,m
p,f,y,n,t,p,f,c,n,p,e,e,s,s,w,w,p,w,o,p,k,v,g
e,,s,,f,n,f,w,b,k,t,,s,s,w,w,p,w,o,e,n,a,g
e,x,s,y,t,l,f,c,b,g,e,c,s,s,w,w,p,,o,p,n,s,m
e,x,s,w,f,n,f,w,b,n,t,e,s,f,w,w,p,w,o,e,k,s,g
e,b,s,y,t,a,f,c,b,w,e,c,s,s,w,w,p,w,o,p,n,n,g
e,f,f,g,f,n,f,w,b,h,t,e,s,s,w,w,p,w,o,e,n,a,g
e,x,s,w,t,??,f,c,b,n,e,c,s,s,w,w,,w,o,p,k,n,g
e,b,s,w,t,l,f,c,b,n,e,c,s,s,w,w,p,w,o,p,n,s,m
e,b,s,w,t,l,f,c,b,w,e,c,s,s,w,w,p,w,o,p,n,s,g
e,b,y,w,t,l,f,c,b,w,e,c,s,s,w,w,p,w,o,p,n,s,m
e,f,s,w,t,l,f,w,n,w,t,b,s,s,w,w,p,w,o,p,u,v,d
e,x,y,y,t,l,f,c,b,g,,c,s,s,w,w,p,w,o,p,k,s,m
e,f,,w,t,a,f,w,n,p,t,b,s,s,w,w,p,,o,p,n,v,d
p,x,y,,t,p,f,c,n,w,e,e,s,s,w,w,p,w,o,p,n,v,u
e,f,f,w,t,l,f,w,n,w,t,b,,s,w,w,p,w,o,p,n,v,d
e,x,y,y,t,a,f,c,b,n,e,c,s,s,w,w,p,w,o,p,n,s,g
p,x,s,n,t,p,f,c,n,p,e,e,s,s,w,w,p,w,o,p,n,v,g
e,b,s,y,t,l,f,c,b,w,e,c,s,s,w,w,p,w,o,p,n,n,g
e,x,y,n,t,a,f,c,b,w,e,r,s,y,w,w,p,w,o,p,k,y,p
e,b,y,y,t,l,f,c,b,g,e,c,s,s,w,w,p,w,,p,k,n,m
e,s,f,n,f,n,f,c,n,k,e,e,s,s,w,w,p,w,o,p,n,v,u
e,f,y,n,t,,f,c,b,w,e,r,s,,w,w,p,w,o,p,k,y,p
e,x,y,y,t,a,f,,Z,k,e,c,s,s,w,w,p,w,o,p,k,XXX,g
e,x,f,g,f,n,f,w,b,k,t,e,f,f,,w,p,w,o,e,k,s,g
e,f,f,w,f,n,f,w,b,k,t,e,s,f,w,w,p,w,o,e,n,a,g
e,x,y,y,,l,f,c,b,w,e,c,s,s,w,w,p,w,o,p,n,n,m
e,b,s,y,t,l,f,c,b,k,e,c,s,s,w,w,p,w,o,p,k,n,g
e,,y,w,t,a,f,c,b,g,e,c,,s,w,w,p,w,o,p,k,n,m
e,x,y,w,t,a,f,c,b,w,e,c,s,s,w,w,p,w,o,p,n,s,g
e,x,s,n,f,n,f,w,b,p,t,?,f,s,w,w,p,w,o,e,n,a,g
e,x,y,w,t,l,f,c,b,,e,c,,s,w,w,p,w,o,p,n,s,g
e,s,f,n,f,n,f,c,n,k,e,e,s,s,w,w,p,w,o,p,k,v,u
e,x,s,w,t,a,f,w,n,w,t,b,s,s,w,,p,w,o,p,u,v,d
e,x,y,n,t,l,f,,b,w,e,r,s,y,w,w,p,w,o,p,k,s,g
e,b,y,y,t,a,f,c,b,k,e,c,s,s,w,w,p,w,o,p,n,n,g
e,x,y,w,t,a,f,c,b,k,e,c,s,s,w,w,p,w,o,p,n,n,g
e,b,y,w,t,a,f,c,b,n,e,c,s,s,w,w,p,w,o,p,k,s,
e,b,s,y,t,a,f,c,b,g,e,c,s,s,w,w,p,w,o,p,k,s,g
e,b,s,y,t,l,f,c,b,g,e,c,s,s,w,w,p,w,o,p,k,s,m
e,b,y,y,t,a,f,c,b,n,e,c,s,s,w,w,p,w,o,p,k,n,g
e,,f,n,f,n,,c,n,k,e,e,s,s,w,w,p,w,o,p,n,y,u
e,f,y,n,t,l,f,c,b,n,e,r,s,y,w,w,p,w,o,p,n,y,g
e,x,y,w,t,a,f,c,b,k,e,c,s,s,w,w,p,w,o,p,n,s,g
e,f,y,y,t,l,f,c,b,w,e,r,s,y,w,w,p,w,o,p,n,y,p
e,b,s,w,t,a,f,c,b,w,e,c,s,s,w,w,p,w,o,p,n,s,g
e,b,,w,t,a,f,c,b,w,e,?,s,s,w,w,p,w,o,p,k,s,m
e,x,y,n,t,l,f,c,b,w,e,r,s,y,w,w,p,w,o,p,k,y,g
e,b,s,w,t,a,f,c,b,k,e,c,s,s,w,w,p,w,o,p,k,s,g
e,x,f,g,f,n,f,c,n,g,e,e,s,s,w,w,p,w,o,p,n,y,u
e,b,s,y,t,l,f,c,b,k,e,c,,s,w,w,p,w,o,p,n,s,g
e,x,f,y,t,l,f,w,n,n,t,b,s,s,w,w,p,w,o,p,u,v,d
e,b,y,y,t,a,f,c,b,w,e,c,s,s,w,w,p,w,o,p,k,s,g
e,f,y,y,t,l,f,c,b,p,e,r,s,y,w,w,p,w,o,p,n,s,g
e,b,y,w,t,l,,c,b,w,e,c,s,,w,w,p,w,o,p,k,n,m
e,b,y,w,t,a,f,c,b,k,e,c,s,s,w,w,p,w,o,p,k,n,m
e,b,y,y,t,a,f,c,b,g,e,c,s,s,w,w,p,w,o,p,n,s,g
e,x,y,y,t,l,f,c,b,g,e,c,s,s,w,w,p,w,o,p,n,n,m
e,b,s,y,t,l,f,c,b,g,e,c,s,s,w,w,p,w,o,p,n,n,g
p,x,y,w,t,p,f,c,n,p,e,e,s,s,w,w,p,w,o,p,n,v,u
e,s,f,n,f,n,f,c,n,g,e,e,s,s,w,w,p,w,o,p,n,,u
e,f,f,n,f,n,f,c,n,g,e,e,s,s,w,w,p,w,o,p,k,v,u
e,x,s,,t,a,f,c,b,g,e,c,s,s,w,w,p,w,o,p,n,s,m
e,f,y,n,t,a,f,c,b,p,e,r,s,y,w,w,p,w,o,p,k,s,p
p,x,y,w,t,p,f,c,n,k,e,e,s,s,w,w,p,w,o,p,k,s,g
e,b,s,w,t,l,f,c,b,g,e,c,s,s,w,w,p,w,o,p,n,s,m
e,f,f,g,f,n,f,c,n,p,e,e,s,s,w,w,p,w,o,p,k,v,u
e,b,y,y,t,??,f,c,b,g,e,c,s,s,w,w,p,w,o,p,n,n,g
e,x,y,n,t,a,f,c,b,w,e,r,s,y,w,w,p,w,o,p,n,y,p
e,x,f,w,f,n,f,w,b,p,t,e,s,f,w,w,p,w,o,e,k,s,g
e,x,s,,t,l,,w,n,w,t,b,s,s,w,w,p,w,o,p,n,v,d
e,b,s,w,t,l,f,c,b,w,e,c,s,s,w,w,p,w,o,p,n,s,m
e,f,s,y,t,a,f,w,n,w,t,,s,s,w,w,p,w,o,p,n,v,d
e,x,s,y,t,a,f,c,b,k,e,c,s,s,w,w,p,w,o,p,n,n,m
e,f,f,g,f,n,f,c,n,g,e,,s,,w,w,p,w,o,p,n,y,u
e,b,s,y,t,a,f,c,b,n,e,c,s,s,w,w,p,w,o,p,k,s,g
e,x,s,w,t,l,f,c,b,g,e,c,s,s,w,w,p,w,o,p,n,n,m
e,x,y,w,t,l,f,c,b,n,e,c,s,s,w,w,p,w,o,p,n,s,m
e,f,s,w,t,a,f,w,n,n,t,b,s,s,w,w,p,w,o,p,n,v,d
e,x,y,y,t,l,f,c,b,w,e,c,s,s,w,w,p,w,o,p,n,s,g
e,b,s,w,t,l,f,c,b,w,e,c,s,s,w,w,p,w,o,p,k,s,g
e,x,s,w,t,a,f,c,b,g,e,c,s,s,w,w,p,w,o,p,k,n,g
e,x,f,w,f,n,,w,b,h,t,e,f,,w,w,,w,o,e,k,s,g
e,f,y,n,t,l,f,c,b,n,e,r,s,y,w,w,p,w,o,p,k,y,p
p,x,s,w,t,p,f,c,n,k,e,e,s,s,w,w,p,w,o,p,n,v,u
e,b,s,w,t,a,f,c,b,n,,c,s,,w,w,p,w,o,p,n,n,g
e,b,s,w,t,a,f,c,b,k,e,c,s,s,w,w,p,w,o,p,k,s,m
e,b,y,w,t,,f,c,b,n,e,c,s,s,w,w,p,w,o,p,n,n,g
e,b,y,w,t,a,f,c,b,w,e,c,s,s,w,w,p,w,o,p,k,n,g
e,x,s,y,t,a,f,c,b,w,e,c,,s,w,w,p,w,o,p,k,s,g
e,b,s,w,t,l,f,c,b,w,e,c,s,s,w,w,p,w,o,p,k,n,m
e,x,f,y,t,a,f,w,n,n,t,b,s,s,w,w,p,w,o,p,n,v,d
e,x,f,g,f,n,f,c,n,n,e,e,s,s,w,w,p,w,o,p,n,y,u
e,f,y,y,t,a,f,c,b,n,e,r,s,y,w,w,p,w,o,p,n,s,g
e,b,s,w,t,l,f,c,b,n,e,c,s,s,w,w,p,w,o,p,k,n,m
e,x,s,y,t,a,f,c,b,g,e,c,s,s,w,w,p,w,o,p,k,s,g
e,x,y,y,t,a,f,c,b,k,e,c,s,s,w,,,w,o,p,,s,g
e,x,y,w,t,l,f,c,b,w,e,c,s,s,w,w,p,w,o,p,n,s,g
e,s,f,g,f,n,f,c,n,p,e,e,s,s,w,w,p,w,o,p,n,v,u
e,x,s,w,t,a,f,c,b,n,e,c,s,s,w,w,p,w,o,p,n,n,
p,x,s,w,,p,,c,n,k,e,e,s,s,w,w,p,w,o,p,k,s,g
e,x,y,y,t,a,f,c,b,n,e,r,s,y,w,w,p,w,o,p,n,s,g
e,f,f,w,t,a,f,w,n,p,t,b,s,s,,w,p,w,o,p,n,v,d
e,x,y,w,t,l,f,c,b,g,e,c,s,s,w,w,p,w,o,p,k,n,m
e,b,y,w,t,l,f,c,b,n,e,c,s,s,w,w,p,w,o,p,k,s,g
e,x,s,w,t,a,f,c,b,g,e,c,s,s,w,,p,w,o,p,n,n,g
e,x,s,y,t,a,f,c,b,g,e,c,s,s,w,w,p,w,o,p,n,s,g
p,x,y,n,t,p,f,c,n,p,e,e,s,s,w,w,p,w,o,p,k,v,u
e,b,s,y,t,a,f,c,b,n,e,c,s,s,w,w,p,w,o,p,n,n,g
e,x,f,g,f,n,f,c,n,n,e,e,s,s,w,w,p,w,o,p,k,y,u
p,x,y,w,t,p,f,c,n,k,e,e,s,s,w,w,p,w,o,,k,s,u
e,x,y,y,t,l,f,c,b,n,e,r,s,y,w,w,p,w,o,p,n,y,p
,f,f,n,f,n,f,c,n,k,e,e,s,s,w,w,p,w,o,p,k,v,u
e,b,s,w,t,l,f,c,b,k,e,c,s,s,w,w,p,w,o,p,n,n,g
e,x,f,w,t,l,f,w,n,w,t,b,s,s,w,w,p,w,o,p,n,v,d
e,x,y,w,t,l,f,c,b,w,e,c,s,s,w,w,p,w,o,p,k,s,g
e,b,y,y,t,l,f,c,b,n,e,c,s,s,w,w,p,w,o,p,n,s,g
e,x,y,y,t,l,f,c,b,n,e,r,s,y,w,w,p,w,o,p,k,s,g
,f,y,y,t,a,f,c,b,p,e,r,s,y,w,w,p,w,o,p,k,s,p
e,f,y,y,t,a,f,c,b,,e,r,s,y,w,w,p,w,o,p,k,y,p
e,x,s,w,t,l,f,c,b,w,e,c,s,s,w,w,p,w,o,p,k,s,g
e,x,s,w,t,a,f,c,b,w,e,c,s,s,w,w,p,w,o,p,n,n,m
p,x,s,w,t,p,f,c,n,n,e,e,s,s,w,w,p,w,o,p,k,v,u
e,f,f,w,t,a,f,w,n,p,t,b,s,s,w,w,p,w,o,p,u,v,d
e,x,s,w,t,l,f,c,b,w,e,c,s,s,w,w,,w,o,p,n,s,g
e,x,,w,t,l,f,w,n,p,t,b,s,s,w,w,p,w,o,p,u,v,d
e,x,,w,t,a,f,c,b,n,e,c,s,s,w,w,p,w,o,p,k,s,m
e,f,y,y,t,l,f,c,b,w,e,r,s,y,w,w,p,w,o,p,k,y,p
e,x,s,n,f,n,f,w,b,p,t,e,f,s,w,w,,w,o,e,k,s,g
e,f,,y,t,a,f,c,b,w,e,?,s,y,w,w,p,w,o,p,n,y,g
p,x,s,n,t,p,f,,n,p,e,e,,s,w,w,p,w,o,p,n,s,g
e,s,f,n,f,n,f,c,n,g,e,e,,s,w,w,p,w,o,p,n,v,u
e,b,y,y,t,??,f,c,b,w,e,c,s,s,w,w,p,w,o,p,n,s,m
e,,s,w,t,l,f,c,b,n,e,c,s,s,w,w,p,w,o,p,n,s,g
e,b,y,w,t,l,f,c,b,k,e,c,s,s,w,w,p,w,o,,n,n,m
e,f,f,n,f,n,f,c,n,k,e,e,s,s,w,w,p,w,o,p,n,v,u
e,x,s,w,t,a,f,c,b,w,e,c,s,s,w,w,p,w,o,p,k,n,m
e,b,y,w,t,l,f,c,b,g,e,c,s,s,w,w,p,w,o,p,k,n,g
e,b,y,w,t,a,f,c,b,g,e,c,s,s,w,w,p,w,o,p,n,n,m
e,f,y,n,t,l,f,c,b,w,e,r,s,y,w,w,p,w,o,p,n,s,g
p,x,y,w,t,p,f,c,n,k,e,e,s,s,w,w,p,w,o,p,k,v,g
e,x,s,w,t,a,f,c,b,n,e,c,s,s,w,w,p,w,o,p,n,n,g
e,x,y,w,t,a,f,c,b,n,e,c,s,s,w,w,p,w,o,p,n,s,m
e,f,f,w,t,l,f,w,n,w,t,b,,s,w,w,p,w,o,p,u,v,d
e,f,f,g,f,n,f,c,n,g,e,?,s,s,w,w,p,w,o,p,k,v,u
e,f,s,g,f,n,f,w,b,p,t,e,s,s,w,w,p,w,o,e,k,a,g
e,x,y,y,,a,f,c,b,g,e,c,s,s,w,w,p,w,o,p,n,s,m
e,b,s,w,t,a,f,c,b,k,e,c,s,s,w,w,p,w,o,p,n,s,m
p,f,y,n,t,p,f,c,n,w,e,e,s,s,w,w,p,w,o,p,k,s,u
e,x,s,w,t,l,f,c,b,n,e,,s,s,w,w,p,w,o,p,k,n,m
p,f,s,n,,p,f,c,n,w,e,e,s,s,w,w,p,w,o,p,k,v,u
e,x,y,w,t,l,f,c,b,k,e,c,,s,w,w,p,w,o,p,n,s,
e,x,y,y,t,a,f,c,b,k,e,c,s,s,w,w,p,w,o,p,n,n,m
e,f,y,y,t,a,f,c,b,n,e,r,s,y,w,w,p,w,o,p,n,s,p
e,x,y,n,t,a,f,c,b,w,e,r,s,y,w,w,p,w,o,p,n,s,p
e,f,y,n,t,a,f,c,b,w,e,r,s,y,w,w,p,w,o,p,,y,g
e,x,y,w,t,a,f,c,b,w,e,c,s,s,w,w,p,w,o,p,n,n,m
e,f,f,n,f,n,f,w,b,h,t,,s,s,w,w,p,w,o,e,k,s,g
e,x,s,y,t,l,f,c,b,k,,c,s,s,w,w,p,w,o,p,n,n,m
p,x,y,w,t,p,f,c,n,w,e,e,s,s,w,w,p,w,o,p,n,s,g
e,b,y,y,t,a,f,c,b,,e,c,s,s,w,w,p,w,o,p,n,n,m
e,s,f,,f,n,f,c,n,p,e,e,s,s,w,w,p,w,o,p,n,v,u
e,x,s,y,t,l,f,c,b,k,e,c,s,s,w,w,p,w,o,p,k,s,m
e,b,y,w,t,l,f,c,b,n,e,c,s,s,w,w,p,w,o,p,k,n,m
e,f,y,n,t,a,f,c,b,n,e,r,s,y,w,w,p,w,o,p,k,s,g
e,b,y,y,t,a,f,c,b,g,e,c,s,s,w,w,p,w,o,p,k,s,m
e,b,y,w,t,a,f,c,b,g,e,c,s,s,w,w,p,w,o,p,k,s,g
e,x,y,n,t,l,f,c,b,n,e,r,s,y,w,w,p,w,o,p,n,y,p
e,f,f,g,f,n,f,c,n,p,e,e,s,s,w,w,p,,o,p,n,y,u
e,,f,g,f,n,f,c,n,g,e,e,s,s,w,w,p,w,o,p,k,y,u
e,,y,y,t,l,f,c,b,n,e,c,s,s,w,w,p,w,o,p,k,s,g
e,x,s,y,t,l,f,c,b,n,e,c,s,s,w,w,p,w,o,p,k,s,m
e,b,y,w,t,l,f,c,b,k,e,c,s,s,w,w,p,w,o,p,,s,g
e,x,s,w,t,a,f,c,b,,e,c,s,s,w,w,p,w,o,p,k,s,m
e,b,s,y,t,a,f,c,b,g,e,c,s,s,w,w,p,w,o,p,n,n,m
e,x,s,y,t,a,f,c,b,k,e,c,s,s,w,w,p,w,o,,k,s,m
e,x,f,g,f,n,f,w,b,p,t,e,f,f,w,w,p,w,o,e,k,s,g
e,f,s,,t,a,f,w,n,p,t,b,s,,w,w,p,w,o,p,n,v,d
p,x,y,w,t,p,f,c,n,p,e,e,s,s,w,w,p,w,o,p,k,s,g
e,x,f,w,f,n,f,w,b,k,t,e,f,s,w,w,p,w,o,e,k,a,g
e,b,y,w,t,a,f,c,b,w,e,c,s,s,w,w,p,w,o,p,k,s,g
e,x,s,y,t,l,f,w,n,w,t,b,s,s,w,,p,w,o,p,n,v,d
e,b,y,w,t,a,f,c,b,n,e,c,s,s,w,w,p,w,o,p,k,s,g
e,,y,w,t,l,f,c,b,g,e,?,s,s,w,w,p,w,o,p,k,,g
e,x,f,n,t,n,f,c,b,p,t,b,s,s,g,,p,w,o,p,n,y,d
e,b,y,w,t,l,f,c,b,k,e,c,s,s,w,w,p,w,o,p,n,s,m
e,x,s,y,t,l,f,c,b,g,e,c,s,s,w,,p,w,o,p,n,n,m
e,f,y,n,t,,f,c,b,p,,?,s,y,w,w,p,w,o,p,k,y,g
e,x,f,wrong,f,n,f,w,b,n,,e,s,s,w,w,p,w,o,e,n,s,g
e,x,s,y,t,l,f,c,b,w,e,c,s,s,w,w,p,w,o,p,k,s,
p,x,y,w,t,p,f,c,n,n,e,e,s,s,w,w,p,w,o,p,n,v,g
e,x,y,y,t,l,f,c,b,n,e,c,s,s,w,w,p,w,o,p,k,s,g
e,x,f,w,t,a,f,w,n,p,t,b,s,s,w,w,p,w,o,p,n,v,d
e,b,s,y,t,a,f,c,b,g,e,?,s,s,w,w,p,w,o,p,n,n,g
,x,y,w,t,,f,c,n,k,e,e,s,s,w,w,p,w,o,p,k,v,u
e,x,s,y,t,a,f,w,n,w,t,b,s,s,w,w,p,w,o,p,n,v,d
e,x,y,w,t,a,f,c,b,k,e,c,s,s,w,w,p,w,o,p,k,n,m
,x,f,w,t,l,f,w,n,n,t,b,s,s,w,w,p,w,o,p,n,v,d
e,f,s,w,t,l,f,w,n,w,t,b,s,s,w,w,p,w,o,p,n,v,d
e,x,y,y,t,l,f,c,b,k,e,c,s,s,w,w,p,w,o,p,n,s,m
e,f,f,y,t,a,f,w,n,w,t,b,s,s,w,,p,w,o,p,u,v,d
e,x,s,w,t,a,f,c,b,w,e,c,s,s,w,w,p,w,o,p,k,s,
e,b,y,y,t,a,f,c,b,n,e,c,s,s,w,w,p,w,o,p,k,s,m
e,x,y,n,t,l,f,c,b,p,e,r,s,y,w,w,p,w,o,p,n,s,p
e,b,y,wrong,t,l,f,c,,k,e,c,s,s,w,w,p,w,o,p,k,n,g
e,x,s,y,t,a,f,c,b,n,e,c,s,s,w,w,p,w,o,p,n,s,m
p,x,y,n,t,p,f,c,n,n,e,e,s,s,w,w,p,w,o,p,n,v,u
e,b,s,y,t,l,f,c,b,w,e,c,s,s,w,w,p,w,o,p,k,n,g
e,b,y,w,t,a,f,c,b,g,e,c,s,s,w,w,p,w,o,p,k,n,g
p,x,y,n,t,p,f,c,n,w,e,e,s,s,w,w,p,w,o,p,k,v,u
e,b,s,w,t,l,f,c,b,n,e,c,s,s,w,w,p,w,o,p,k,s,
e,b,y,y,t,l,f,c,b,w,e,c,s,s,w,w,p,w,o,p,n,n,m
e,b,y,y,t,a,f,c,b,n,e,c,s,s,w,w,p,w,o,p,k,s,g
e,x,y,w,t,l,f,c,b,g,e,c,s,s,w,w,p,w,o,p,n,n,g
e,x,f,n,t,,f,c,b,p,t,?,s,s,p,w,p,w,o,p,k,y,d
e,x,y,,t,a,f,c,b,w,e,r,s,y,w,w,p,w,o,p,,y,g
e,b,s,y,t,l,f,c,b,n,e,c,s,s,w,w,p,w,o,p,n,s,g
e,x,f,g,f,n,f,c,n,g,e,e,s,s,w,w,p,w,,p,n,v,
e,x,y,n,t,l,f,c,b,n,e,r,s,y,w,w,p,w,o,p,k,y,g
e,x,s,w,t,a,f,c,b,k,e,c,s,s,w,w,p,w,o,p,n,s,g
e,b,y,w,t,a,f,c,b,n,e,c,s,s,w,w,p,w,o,p,k,n,g
e,x,,y,t,a,f,c,b,g,e,c,s,s,w,w,p,w,o,p,k,s,m
e,f,f,y,t,a,f,w,n,p,t,b,,s,w,w,p,w,o,p,n,v,d
e,b,y,y,t,l,f,c,b,g,e,?,s,s,w,w,p,w,o,p,n,s,g
e,x,f,n,f,n,f,w,b,n,t,e,s,f,w,w,p,w,o,e,n,a,g
e,x,f,y,t,l,,w,n,n,t,b,s,s,w,w,p,w,,p,n,v,d
e,x,s,y,t,a,f,c,b,n,e,c,s,s,w,w,p,w,o,p,n,n,m
e,f,s,g,f,n,f,w,b,n,t,e,,f,w,w,p,w,o,e,k,s,g
e,x,f,n,f,n,f,c,n,g,e,e,s,s,w,,p,w,o,p,n,y,u
e,f,s,g,f,n,f,w,,h,t,e,f,f,w,w,p,w,o,e,n,,g
e,f,y,n,t,a,f,c,b,p,e,r,s,y,w,w,p,,o,p,n,s,p
e,b,y,w,t,a,f,c,b,k,e,c,s,s,w,w,p,w,o,p,n,s,g
e,b,s,y,t,a,f,c,b,k,e,c,s,s,w,w,p,w,o,p,k,s,m
e,x,y,y,t,l,f,c,b,w,e,r,s,y,w,w,p,w,o,p,k,s,p
e,s,f,g,f,n,f,c,n,g,e,,s,s,w,w,p,w,o,,n,v,u
e,f,y,n,t,a,f,c,b,p,e,r,s,y,w,w,p,w,o,p,n,y,p
p,,y,n,t,p,f,c,n,k,e,e,s,s,w,w,p,w,o,p,,s,u
e,x,y,y,t,a,f,c,b,p,e,r,s,y,w,w,p,w,o,p,n,y,p
e,x,y,y,t,a,f,c,b,w,e,c,s,s,w,w,p,w,o,p,n,s,g
e,x,f,n,f,n,f,w,b,h,t,?,s,f,w,w,p,w,o,e,n,s,g
e,x,f,n,f,n,f,w,b,p,t,e,f,f,w,w,p,w,o,e,k,a,g
e,f,s,n,f,n,f,w,b,k,t,e,f,s,w,w,p,w,o,e,k,a,
e,f,y,n,t,a,f,c,b,n,e,r,s,y,w,w,p,w,o,p,n,s,p
e,x,s,y,t,a,f,c,b,w,e,c,s,s,w,w,p,w,o,p,k,n,g
e,f,f,n,f,n,f,c,n,p,e,e,s,s,w,w,p,w,o,p,k,v,
e,x,y,y,t,a,f,,b,w,e,r,s,y,w,w,p,w,o,p,n,s,p
e,x,f,y,t,a,f,w,n,p,t,b,s,s,w,w,p,w,o,p,u,v,d
e,b,y,y,t,a,f,c,b,g,e,c,,s,w,w,p,w,o,p,,n,g
e,x,f,g,f,n,f,w,b,n,t,?,s,s,w,w,p,w,o,e,k,s,g
e,x,y,y,t,a,f,c,b,w,e,r,s,y,w,w,p,w,o,,n,s,g
e,f,y,n,,l,f,c,b,n,e,r,s,y,w,w,p,w,o,p,k,y,g
e,x,s,y,t,a,f,c,b,w,e,c,s,s,w,w,p,w,o,p,k,s,m
e,s,f,n,f,n,f,c,n,n,e,e,s,s,w,w,p,w,o,p,n,y,u
e,x,s,w,t,a,f,c,b,k,e,c,s,s,w,w,p,w,o,p,k,s,m
e,b,s,w,t,l,f,c,b,n,e,c,s,s,w,w,p,w,o,p,k,n,g
e,s,f,n,f,n,f,c,n,k,e,e,s,s,w,w,p,w,o,p,k,,u
e,b,y,y,t,l,f,c,b,n,e,c,s,s,w,w,p,w,o,p,n,n,m
e,x,y,,t,l,f,c,Z,k,e,c,s,s,w,w,p,w,o,p,n,XXX,g
e,b,y,y,t,a,f,c,b,k,e,c,s,s,w,w,p,w,o,p,n,s,g
p,x,y,n,t,p,f,c,n,p,e,e,s,s,w,w,p,,o,p,k,s,u
e,x,s,w,f,n,f,w,b,k,t,e,f,s,w,w,p,w,o,e,n,s,g
e,x,y,w,t,a,f,c,b,w,e,c,s,s,w,w,p,w,o,p,k,s,m
e,b,s,w,t,a,f,c,b,g,e,c,s,s,w,w,p,w,o,p,n,n,g
e,x,f,n,t,n,f,c,b,n,t,b,s,s,g,w,p,w,o,p,n,y,d
p,x,s,n,t,p,f,c,n,w,e,e,s,s,w,w,p,w,o,p,n,s,u
e,x,y,n,t,l,f,c,b,w,e,r,s,y,w,w,p,w,o,p,k,y,p
e,,s,n,f,n,f,w,b,n,t,?,s,s,w,w,p,w,o,e,k,a,g
e,b,y,y,t,,f,c,b,n,e,c,s,s,w,w,p,w,o,p,k,n,m
e,x,s,y,t,a,f,c,b,w,e,c,s,s,w,w,p,w,o,p,n,n,m
e,b,s,y,t,a,f,c,b,n,e,?,,s,w,w,p,w,o,p,n,s,m
e,x,s,y,t,l,f,c,b,g,e,c,s,s,w,w,p,w,o,p,k,n,m
e,b,y,w,t,a,f,c,b,n,e,c,s,s,w,w,p,w,o,p,n,n,g
e,x,f,g,f,n,f,c,n,k,e,e,s,s,w,w,p,w,o,p,n,v,u
e,f,y,n,t,a,f,c,b,w,e,r,s,y,w,w,p,w,o,p,k,,g
e,x,f,g,f,n,f,w,b,h,,e,f,f,w,w,p,w,o,e,n,a,g
e,x,s,w,t,l,f,c,b,k,e,c,s,s,w,w,p,w,o,p,n,n,m
e,x,y,y,t,l,f,c,b,,e,c,s,s,w,w,p,w,o,p,n,s,m
e,x,f,g,f,n,f,c,n,n,e,?,s,s,w,w,p,w,o,p,k,v,u
p,x,s,n,t,,f,c,n,p,e,e,s,s,w,w,p,w,o,p,n,s,u
e,b,y,w,t,l,f,c,b,w,e,c,s,s,w,w,p,w,o,p,n,n,g
e,b,y,w,t,a,f,c,b,n,e,c,s,s,w,w,p,w,o,p,k,n,m
p,x,y,n,t,p,f,c,n,p,,e,s,s,w,w,p,w,o,p,n,v,u
e,b,s,y,t,l,f,c,b,w,e,c,s,s,w,w,p,,o,p,n,s,m
e,x,s,w,,l,f,c,b,k,e,c,s,s,w,,p,w,o,p,n,s,m
e,x,y,y,t,l,f,c,b,n,e,c,s,s,w,w,p,w,o,p,k,s,m
e,b,y,y,t,l,f,c,b,n,e,c,s,s,w,w,p,w,o,p,n,n,g
e,x,s,w,,a,f,c,b,g,e,c,s,s,w,w,p,w,o,p,n,s,m
e,x,s,w,t,a,f,c,b,g,e,c,s,,w,w,p,w,o,p,k,s,g
e,x,y,n,t,l,f,,b,w,e,r,s,y,w,w,p,w,o,p,n,y,p
e,x,s,w,t,a,f,c,b,w,e,c,s,s,w,w,p,w,o,p,n,s,
e,x,s,n,f,n,f,w,b,n,t,e,f,f,w,w,p,,o,e,k,s,g
e,x,,n,t,l,f,c,b,n,e,r,s,y,w,w,p,w,o,p,n,s,p
e,x,y,y,t,l,f,c,b,n,e,r,s,y,w,w,p,w,o,p,k,y,g
p,x,y,n,t,p,f,c,n,k,e,e,s,s,w,w,p,w,,p,k,v,g
e,b,y,y,t,a,f,c,b,w,e,c,s,s,w,w,p,w,o,p,n,n,g
e,x,f,w,t,l,f,w,n,p,t,b,s,s,w,w,p,w,o,p,u,v,d
p,x,s,n,,p,f,c,n,w,e,e,s,s,w,w,p,w,o,p,k,s,u
e,x,y,y,t,l,f,c,b,k,e,c,s,,w,w,p,w,o,p,k,n,g
e,f,f,g,f,??,f,,b,h,t,e,f,f,w,w,p,w,o,e,n,a,g
e,x,y,w,t,l,f,c,b,n,e,c,s,s,w,w,p,w,o,p,k,s,g
e,b,y,w,t,a,f,c,b,w,e,c,s,s,w,w,p,w,,p,n,s,m
p,x,y,n,t,p,f,c,n,p,e,e,s,s,w,w,,w,o,p,n,s,u
e,f,,n,t,l,f,c,b,w,e,r,s,y,w,w,p,w,o,p,k,,g
e,x,s,w,t,l,f,c,b,n,e,c,s,s,w,w,p,w,o,p,,n,m
e,x,s,w,t,a,f,w,n,n,t,b,s,s,w,w,p,w,o,p,n,v,d
e,,y,n,t,a,f,c,b,n,e,r,s,y,w,w,p,w,o,p,n,y,p
e,b,s,w,t,a,f,c,b,k,e,c,s,s,w,w,p,w,o,p,n,n,m
e,x,,wrong,f,n,f,w,b,p,t,e,f,f,w,w,p,w,o,e,k,a,g
e,f,f,g,f,n,f,c,n,n,e,e,s,s,w,w,p,w,o,p,n,v,u
e,x,y,w,t,a,f,c,b,g,e,c,s,s,w,w,p,w,o,p,n,s,g
e,x,y,y,t,l,f,c,b,n,e,r,s,y,w,w,p,w,o,p,n,y,g
e,b,s,y,t,l,f,c,b,g,e,c,s,s,w,,p,w,o,p,n,s,g
e,b,s,y,t,l,f,c,b,w,e,?,s,s,w,w,,w,o,p,k,s,g
e,f,s,w,t,l,f,w,n,n,t,b,s,s,w,w,p,w,o,p,n,v,d
e,b,s,w,t,a,f,c,b,w,e,c,s,s,w,w,,w,o,p,k,n,m
e,x,f,y,t,a,f,w,n,n,t,b,s,s,w,w,p,w,o,p,u,v,d
e,x,y,w,t,l,f,c,b,g,e,c,s,s,w,w,p,w,o,p,n,n,m
e,b,y,y,t,l,,c,b,k,e,c,s,s,w,w,p,w,o,p,n,n,m
e,x,y,n,t,a,f,c,b,p,e,?,s,y,w,w,p,w,o,p,n,y,p
e,x,y,w,t,??,f,c,b,n,e,c,s,s,w,w,p,w,o,p,k,s,m
e,x,y,w,t,l,f,c,b,g,e,c,s,s,w,w,p,w,o,p,k,s,m
e,x,y,y,t,a,f,c,b,p,e,r,s,y,w,w,p,w,o,p,k,y,p
e,x,y,w,t,l,f,c,b,n,e,c,s,s,w,w,p,w,o,p,k,n,m
e,x,,y,t,,f,c,b,w,e,c,s,s,w,w,p,w,o,p,k,n,m
e,x,y,n,t,,f,c,b,p,e,r,s,y,w,w,p,w,o,p,k,,g
e,x,s,w,t,l,f,c,b,n,e,c,s,s,w,w,p,w,o,p,n,n,g
e,f,y,n,t,l,f,c,b,n,e,r,s,y,w,w,p,w,o,p,k,s,g
e,b,s,w,t,l,f,c,b,w,e,c,s,s,w,w,p,w,o,p,k,s,m
e,x,f,n,t,n,f,c,b,n,t,b,s,s,g,p,p,w,o,p,,y,d
e,x,y,w,t,l,f,c,b,k,,c,s,s,w,w,,w,o,p,n,s,m
e,b,s,w,t,l,f,c,b,g,e,c,,s,w,w,p,w,o,p,k,n,g
e,b,s,y,t,l,f,c,b,g,e,c,,s,w,w,p,w,o,p,k,n,m
,x,f,y,t,l,f,w,n,p,t,,s,s,w,w,p,w,o,p,n,v,d
e,,s,w,t,l,f,c,b,g,e,?,s,s,w,w,p,,o,p,n,n,m
e,x,s,g,f,n,f,w,b,h,t,e,s,f,w,w,p,w,o,e,k,a,g
e,b,s,w,t,a,f,c,b,k,e,c,s,s,w,w,p,w,o,p,n,n,g
e,b,s,y,t,l,f,c,b,w,e,c,s,s,w,w,p,w,o,p,k,s,m
e,f,y,y,t,a,f,c,b,n,e,r,s,y,w,w,p,w,o,p,k,y,p
e,f,y,n,t,a,f,c,b,w,e,r,s,y,w,w,p,w,o,p,n,y,p
e,x,s,w,t,a,f,c,b,k,e,c,,s,w,w,p,w,o,p,n,,m
e,f,y,y,t,l,f,c,b,n,e,?,s,y,w,w,p,w,o,p,n,s,g
e,b,s,w,t,a,f,c,b,g,e,c,s,s,w,w,p,w,o,p,,s,g
e,x,y,y,t,a,f,c,b,w,e,c,s,s,w,w,p,w,o,p,n,n,m
e,x,f,n,f,n,f,c,n,k,e,e,s,s,w,w,p,w,o,p,k,v,u
e,f,y,n,t,a,f,c,b,p,e,r,s,y,w,,p,w,o,p,n,y,g
e,,s,wrong,t,a,f,c,,g,,c,s,,w,w,p,w,o,p,k,n,m
e,x,s,y,t,l,f,c,b,g,e,?,s,s,w,w,p,w,o,p,,n,
e,b,y,y,t,l,f,c,b,g,e,c,s,s,w,w,p,w,o,p,k,,g
e,f,y,y,t,a,f,c,b,w,e,r,s,y,w,w,p,w,o,p,n,s,p
e,x,y,y,,l,f,c,b,g,e,c,s,s,w,w,p,w,o,p,k,n,g
e,x,y,w,,a,f,c,b,w,e,,s,s,w,w,p,w,o,p,k,n,m
,f,f,w,t,a,f,w,n,n,t,b,s,s,w,w,p,,o,p,u,v,d
e,s,f,g,f,n,f,c,n,k,e,e,s,s,w,w,p,w,o,p,k,y,u
e,f,s,y,t,l,f,w,n,n,t,b,s,s,w,w,p,w,o,p,n,v,d
e,f,f,g,f,n,f,c,n,k,e,e,s,s,w,w,p,w,o,p,k,y,u
e,x,f,n,f,n,f,c,n,p,e,e,s,s,w,w,p,w,o,p,n,y,u
e,b,y,w,t,a,f,c,b,w,e,?,s,s,w,w,p,w,o,p,n,n,g
e,,s,w,t,a,f,,n,p,t,b,s,s,w,w,p,w,o,p,n,v,d
e,b,y,y,t,l,f,c,b,n,e,c,s,s,w,w,p,w,o,p,k,s,m
e,b,y,y,t,a,f,c,b,k,e,c,s,s,w,w,p,w,o,p,k,s,m
e,b,y,y,t,l,f,c,b,g,e,c,s,s,w,w,p,w,o,p,k,s,g
e,f,s,w,t,l,f,w,n,p,t,b,s,s,w,w,p,w,o,p,u,v,d
e,f,f,wrong,f,n,f,c,n,g,e,e,s,s,w,w,p,w,o,p,k,y,u
e,f,s,w,t,a,f,w,n,w,t,b,s,s,w,w,p,w,o,p,n,v,d
e,f,y,y,t,a,f,c,b,p,e,r,s,y,w,w,p,w,o,p,k,y,g
e,x,y,w,t,l,f,c,b,w,e,c,s,s,w,w,p,w,o,p,n,s,m
e,s,f,n,f,n,f,c,n,p,e,e,s,s,w,w,p,w,o,p,n,y,u
e,x,y,n,t,l,f,c,b,n,e,r,s,y,w,w,p,w,o,p,k,s,p
e,x,y,n,t,a,f,c,b,n,e,r,s,y,w,w,p,w,o,p,k,s,p
e,f,f,y,t,a,f,w,n,n,t,b,s,s,w,w,p,w,o,p,u,v,d
p,f,s,n,t,p,f,c,n,p,e,e,s,s,w,w,p,w,o,p,n,s,g
p,x,s,n,t,p,f,c,n,k,e,e,s,s,w,w,p,,o,p,n,v,u
e,f,y,n,t,l,f,,b,w,e,?,s,y,w,w,p,w,o,p,n,s,p
e,x,y,y,t,a,f,c,b,w,e,r,s,y,w,w,p,w,o,p,k,s,g
e,b,s,y,t,a,f,c,b,k,e,c,s,s,w,w,p,w,o,p,n,n,m
e,f,f,w,f,n,f,w,b,h,t,e,f,s,w,w,p,w,o,e,,a,g
e,f,y,n,t,a,f,c,b,p,e,r,s,y,w,w,p,w,o,p,n,s,g
e,x,y,w,t,a,f,c,b,n,e,c,s,s,w,w,p,w,o,p,n,s,g
e,b,s,y,t,l,f,c,b,w,e,c,s,s,w,w,p,w,o,p,k,n,m
e,x,s,y,t,a,f,c,b,w,e,c,s,s,w,w,p,w,o,p,n,n,g
e,b,y,y,t,a,f,c,b,g,e,c,s,s,w,w,,w,o,p,k,n,g
e,x,,w,t,l,f,c,b,g,,,s,s,w,w,p,w,o,p,k,n,m
e,b,s,y,t,a,f,c,b,,e,?,s,s,w,w,p,w,o,p,k,s,m
e,b,y,y,t,a,f,c,b,w,e,c,s,s,w,w,p,w,o,p,n,s,g
p,x,s,n,t,p,f,c,n,n,e,e,s,s,w,w,p,w,o,p,n,v,g
e,x,s,g,f,n,f,w,b,p,t,e,s,,w,w,p,w,o,e,n,s,g
e,f,s,n,f,n,f,w,b,p,t,e,f,s,w,w,p,w,o,e,n,a,g
e,x,f,w,t,a,f,w,n,n,t,b,s,s,w,w,p,w,o,p,n,v,d
e,f,f,g,f,n,f,c,n,p,e,e,s,s,w,w,p,w,o,p,n,v,u
e,f,f,n,f,n,f,c,n,k,e,e,s,s,w,,p,w,o,p,n,y,u
e,b,y,y,t,a,,c,b,k,e,c,s,s,w,w,p,w,o,p,k,s,
e,x,f,w,t,a,f,w,n,n,t,b,s,s,w,w,p,w,o,,u,v,d
e,s,f,g,f,n,f,c,n,n,e,e,s,s,w,w,p,w,o,p,n,,u
e,x,f,n,f,n,f,c,n,k,e,e,s,s,w,w,p,w,o,p,n,v,u
e,x,f,w,f,n,f,w,b,h,t,e,f,s,w,w,p,w,o,e,n,a,g
e,x,,n,t,l,f,c,b,n,e,r,s,y,w,w,p,,o,p,k,y,p
e,b,s,y,t,a,f,c,Z,k,e,c,s,s,w,w,p,w,o,p,k,XXX,g
,x,y,w,t,l,f,c,b,k,e,c,s,s,w,w,p,w,o,,k,s,g
e,x,y,y,t,a,f,c,b,k,e,c,s,s,w,w,p,w,o,p,n,n,g
e,x,s,w,t,l,f,c,b,w,e,c,,s,w,w,p,w,o,p,k,n,m
e,b,s,w,t,l,f,c,b,n,e,c,s,s,w,w,p,w,o,p,k,s,g
e,f,y,y,t,a,f,c,b,p,e,r,s,y,w,,p,w,o,p,n,y,p
p,x,s,n,t,p,f,c,n,n,e,e,s,s,w,w,p,w,o,p,n,s,u
e,f,f,g,f,n,f,c,n,n,e,e,s,s,w,w,p,w,o,p,k,y,u
e,b,s,y,t,l,,c,b,w,e,c,s,s,w,w,p,w,o,p,n,s,g
e,f,y,n,t,,f,c,b,w,e,r,s,y,w,w,p,w,o,p,n,s,p
e,x,s,y,t,a,f,c,b,k,e,c,s,s,w,w,p,w,o,p,n,s,m
e,x,f,n,f,n,f,c,n,k,e,e,s,,w,w,p,w,o,p,k,y,u
e,f,y,y,t,a,f,c,b,w,e,r,s,y,w,w,p,w,o,,,y,p
e,x,y,n,t,a,f,c,b,n,e,r,s,y,w,w,p,w,o,p,n,y,p
e,x,s,w,t,a,f,c,b,n,e,c,s,s,w,w,p,w,o,p,k,s,g
p,x,y,w,t,p,f,c,n,n,e,e,s,s,w,w,p,w,o,,k,s,g
,f,y,n,t,l,f,c,b,w,e,?,s,y,w,w,p,w,o,p,k,y,p
p,f,s,n,t,p,f,c,n,k,e,e,s,s,w,w,p,w,o,,k,s,g
e,x,f,w,f,??,f,w,b,k,t,e,f,s,w,w,p,w,o,e,k,s,g
e,b,y,w,t,a,f,c,b,k,e,c,s,s,w,w,p,w,o,p,k,s,m
e,s,f,n,f,n,f,c,n,p,e,e,s,s,w,w,p,w,o,p,k,v,u
e,x,y,y,t,l,f,c,b,g,e,c,s,s,w,w,p,w,,p,n,s,m
e,f,s,w,t,a,f,w,n,p,t,b,s,s,w,w,p,w,o,p,u,v,d
,x,s,y,t,a,f,c,b,n,e,c,s,s,w,w,p,w,o,,k,s,m
e,f,f,g,f,n,f,w,b,p,t,e,s,f,w,w,p,w,o,e,k,s,g
p,x,y,w,t,p,f,c,n,n,e,e,s,s,w,w,p,w,o,p,n,s,g
e,x,y,,t,a,f,c,b,,e,r,s,y,w,w,p,w,o,p,k,s,g
e,f,f,n,f,n,f,w,b,n,t,e,s,s,w,w,p,w,o,,k,a,g
e,x,s,w,t,a,f,c,b,w,e,c,,s,w,w,p,w,o,p,k,s,m
e,b,y,y,t,l,f,c,b,g,e,c,s,s,w,w,p,w,o,p,n,s,m
e,f,f,g,,n,f,c,n,g,e,e,s,s,w,w,p,w,o,p,n,v,u
e,x,f,y,t,l,f,w,n,p,t,b,s,s,w,w,p,w,o,p,u,v,d
e,x,s,y,t,a,f,c,b,g,e,c,s,s,w,w,p,w,o,p,n,n,m
e,f,f,n,f,n,f,c,n,n,e,e,s,s,w,w,p,w,o,p,n,y,u
e,x,f,g,f,n,f,w,b,h,t,e,f,s,w,w,p,w,o,e,n,s,g
e,x,y,y,t,l,f,c,b,,e,r,s,y,w,w,p,w,o,p,k,s,p
e,f,s,w,t,l,f,w,n,p,t,b,s,s,w,w,p,w,o,p,n,v,d
e,x,s,y,t,l,f,c,b,k,e,c,s,s,w,w,p,w,o,p,k,s,g
e,f,y,y,t,a,f,c,b,p,e,r,s,y,w,w,p,w,o,p,k,y,p
p,x,y,n,t,p,f,c,n,k,e,e,s,s,w,w,p,w,o,p,k,v,u
e,x,f,w,t,l,f,w,n,w,t,b,s,s,w,w,p,w,o,p,u,v,d
e,x,s,w,t,l,f,c,b,w,e,c,s,s,w,w,p,w,o,p,k,n,g
e,x,y,y,t,a,f,c,Z,g,e,c,s,s,w,w,p,w,o,p,n,XXX,
e,b,s,y,t,a,f,c,b,g,e,c,s,s,w,w,p,w,o,p,n,s,g
e,x,s,y,t,a,f,w,n,w,t,b,s,s,w,w,p,w,o,p,u,v,d
e,x,s,y,t,a,f,w,n,n,t,b,s,,w,w,p,w,o,p,u,v,d
e,x,f,w,,n,f,w,b,n,t,?,f,s,w,w,p,w,o,e,k,s,g
e,b,s,w,t,a,f,c,,w,e,c,s,s,w,w,p,w,o,p,n,s,m
p,x,y,w,t,p,f,c,n,w,e,e,s,s,w,w,p,w,o,p,k,v,g
e,x,y,y,t,a,f,c,b,g,e,c,s,s,w,w,p,w,o,p,n,,g
e,f,s,g,f,n,f,w,b,k,t,e,s,f,w,w,p,w,o,e,k,s,g
p,x,s,n,t,p,f,c,n,n,e,e,s,s,w,w,p,w,o,p,n,s,g
e,b,y,w,t,a,f,c,b,w,e,c,s,s,w,w,p,w,o,p,k,n,m
e,x,s,w,t,a,,c,b,k,e,c,s,s,w,w,p,w,,p,k,n,m
e,f,f,y,t,l,f,w,n,n,t,b,s,s,w,w,p,w,o,p,n,v,d
e,x,s,y,t,a,f,c,b,k,e,c,s,s,w,w,p,,o,p,k,n,g
e,b,y,,t,l,f,c,b,,e,c,s,s,w,w,p,w,o,p,k,n,g
e,x,y,n,t,a,f,c,b,w,e,r,s,y,w,w,p,w,o,p,n,y,g
e,x,s,y,t,l,f,c,b,w,e,c,s,s,w,w,p,w,o,p,n,,g
e,x,f,n,f,n,f,c,n,p,e,e,s,s,w,w,p,w,o,p,n,v,u
e,x,s,y,t,l,f,c,,n,e,c,s,s,w,w,p,w,o,p,n,s,g
e,x,y,y,t,l,f,c,b,w,e,r,,y,w,w,p,w,o,p,n,y,g
p,x,s,n,t,p,f,c,n,,e,e,s,s,w,w,p,w,o,p,n,s,g
e,x,s,w,t,a,f,c,b,g,e,c,s,s,w,w,p,w,o,,n,n,m
e,x,s,y,t,a,f,c,b,w,e,c,s,s,w,w,p,w,o,p,n,s,m
e,x,y,w,t,l,,c,b,k,e,c,s,s,w,w,p,w,o,p,k,n,g
e,x,y,y,t,a,f,c,b,n,e,r,s,y,w,w,p,w,o,p,n,y,g
e,f,y,y,t,a,f,c,b,w,e,r,s,y,w,w,p,w,o,p,k,s,g
e,x,y,w,t,a,f,c,b,k,e,c,s,s,w,w,p,w,o,p,n,s,m
e,s,f,g,f,n,f,c,n,g,e,e,s,s,w,w,p,w,o,p,k,v,u
e,f,f,n,f,n,f,c,n,n,e,e,s,s,w,w,p,w,o,p,k,y,u
e,s,f,g,f,n,f,c,n,n,e,e,s,s,w,w,p,w,o,p,k,v,u
e,x,y,w,t,a,f,c,b,n,e,c,s,s,w,w,p,w,o,p,k,n,m
p,x,s,w,t,p,f,c,n,k,e,e,s,s,w,w,p,w,o,p,k,s,u
e,x,s,g,f,n,f,w,b,h,,e,s,f,w,w,p,w,o,e,k,s,g
e,x,y,y,t,l,f,c,b,g,e,c,s,s,w,w,p,w,o,p,k,s,g
p,x,y,w,t,p,f,c,n,k,e,e,s,s,w,w,p,w,o,p,n,s,g
e,x,s,y,t,a,f,c,b,g,e,c,s,s,w,w,p,w,o,p,k,n,m
p,x,s,n,t,,f,c,n,p,e,e,s,s,w,w,p,w,o,p,k,v,u
e,b,s,y,t,l,,c,b,n,e,c,s,s,w,w,p,w,o,p,k,n,m
e,b,y,w,t,l,f,c,b,g,e,c,s,s,w,w,p,w,o,p,k,s,m
p,x,y,w,t,p,f,c,n,p,e,e,s,s,w,w,p,w,o,p,n,s,g
p,x,s,n,t,??,f,c,n,n,e,,s,s,w,w,p,w,o,p,k,s,u
e,x,s,g,f,n,f,w,b,n,t,e,s,f,w,w,p,w,o,e,n,a,g
e,x,y,n,t,l,f,c,b,w,e,r,s,y,w,w,p,w,o,p,n,,g
e,f,f,w,f,n,f,w,b,k,t,e,f,f,w,w,p,w,o,e,,a,g
e,f,y,n,t,l,f,c,b,n,e,r,s,y,w,,p,w,o,p,n,s,p
e,b,y,w,t,l,f,,b,w,e,c,s,s,w,w,p,w,o,p,k,s,m
e,b,s,w,,a,f,c,b,n,e,c,s,s,w,w,p,w,o,p,k,n,g
e,x,s,,f,n,f,w,b,n,t,?,s,f,w,w,p,w,o,e,n,s,g
e,f,y,n,t,a,f,c,b,n,e,r,s,y,w,w,p,w,o,p,k,y,g
e,x,s,w,,l,f,c,b,w,e,c,s,s,w,w,p,w,o,p,k,s,m
e,f,f,g,f,n,f,c,n,n,e,e,s,s,w,w,p,w,o,p,k,v,u
e,f,s,n,f,n,f,w,b,h,t,e,f,s,w,w,p,w,o,e,n,a,g
e,x,f,g,f,n,f,w,b,n,t,e,s,f,w,w,p,w,o,e,n,s,g
e,f,s,w,f,n,f,w,b,p,t,e,s,f,w,w,p,w,o,e,k,a,g
p,x,s,w,t,p,f,c,n,k,e,e,s,s,w,w,p,w,o,p,n,s,u
e,x,y,y,t,l,f,c,b,p,e,?,s,y,w,w,p,w,o,p,k,s,g
e,b,s,w,t,l,f,c,b,g,e,c,s,s,,w,p,w,o,p,k,s,g
e,f,f,g,f,n,f,w,b,p,t,e,s,s,w,w,p,w,o,e,k,a,g
e,b,y,w,t,l,f,c,b,g,e,c,s,s,w,w,,w,o,p,k,s,g
e,b,s,y,t,a,f,c,b,n,e,c,s,s,w,w,p,w,o,p,n,n,m
e,s,f,g,f,n,f,c,n,n,e,e,s,s,w,w,p,w,o,p,n,y,u
e,f,y,y,t,l,f,c,b,p,e,?,s,y,w,w,p,w,o,p,k,s,g
e,b,s,wrong,t,l,f,c,b,w,e,c,s,s,w,w,p,w,o,p,n,n,g
e,x,f,wrong,t,l,f,w,n,n,t,b,s,s,w,w,p,w,o,p,u,v,
e,f,y,y,t,a,f,c,b,n,e,r,s,y,w,w,p,w,o,p,k,s,p
e,f,f,g,f,n,f,c,n,p,e,e,s,s,w,w,p,w,o,p,k,y,u
e,x,s,w,t,l,f,c,b,g,e,c,s,s,w,w,p,w,o,p,k,,m
e,f,f,y,t,l,f,w,n,w,t,b,s,s,w,w,p,w,o,p,u,v,d
e,s,f,g,f,n,f,c,n,p,e,e,s,s,w,w,p,w,o,p,k,y,u
e,b,y,w,t,,f,c,b,g,,c,s,s,w,w,p,w,o,p,n,s,g
e,,s,w,t,a,f,c,b,k,e,c,s,s,w,w,p,w,o,p,k,n,g
e,f,f,n,f,n,f,w,b,n,t,e,s,s,w,w,p,w,o,e,n,s,
e,b,y,y,t,a,f,c,b,k,e,c,s,s,w,w,p,w,o,p,k,n,m
e,x,f,n,t,n,f,,b,n,t,b,s,s,w,g,p,w,o,p,k,v,d
e,x,y,n,t,l,f,c,b,n,e,,s,y,w,w,p,w,o,p,k,s,g
e,x,y,n,t,a,f,c,b,p,e,,s,y,w,w,p,w,o,p,n,s,g
e,b,y,y,t,a,f,c,b,w,e,c,s,s,w,w,p,,o,p,n,s,m
e,f,y,y,t,a,f,c,b,p,e,r,s,y,w,w,p,w,o,p,k,,g
e,x,y,y,t,l,f,c,b,n,e,c,s,s,w,w,p,w,o,p,k,n,m
e,x,s,n,f,n,f,w,b,h,t,e,s,s,w,w,p,w,o,e,k,s,g
e,x,y,w,t,a,f,,b,g,e,c,s,s,w,w,p,w,o,p,k,s,m
e,b,y,y,t,l,f,c,b,w,,c,s,s,w,w,p,w,o,p,k,n,m
e,x,y,n,t,a,f,c,b,,e,r,s,y,w,w,p,w,o,p,n,y,g
e,f,y,n,t,l,f,c,b,w,e,r,s,y,w,w,p,w,o,p,k,s,p
e,f,y,n,t,a,f,c,b,w,e,r,s,y,w,w,p,w,o,p,k,y,g
e,f,y,y,t,l,f,c,b,n,e,r,s,y,w,w,,w,o,p,k,s,p
e,x,s,y,t,l,f,w,n,n,t,b,s,s,w,w,p,w,o,p,u,v,d
e,b,y,w,,a,f,c,b,g,e,c,s,s,w,w,p,w,o,p,k,s,m
e,b,s,w,t,l,f,c,b,k,e,c,s,s,w,w,p,w,o,p,k,n,m
e,x,y,y,t,a,f,c,b,n,e,c,s,s,w,w,p,w,o,p,k,s,g
e,f,f,wrong,t,l,f,w,n,p,t,b,s,s,w,w,p,w,o,p,u,v,d
e,x,s,y,t,a,f,c,b,n,e,,s,s,w,w,p,w,o,p,k,s,g
e,b,s,y,t,l,f,c,b,n,e,c,s,s,w,w,p,w,o,p,n,n,m
e,f,,y,t,a,f,c,b,w,e,r,s,y,w,w,p,w,o,p,k,y,g
p,x,y,wrong,t,p,f,c,n,w,e,e,s,s,w,w,p,w,o,p,k,s,g
p,x,y,w,t,p,f,c,n,w,e,e,s,s,w,w,p,w,o,p,k,v,u
e,x,s,y,t,l,f,c,b,g,e,c,s,s,w,w,p,w,o,p,n,s,g
e,f,f,w,f,n,f,w,b,k,t,e,s,s,w,w,p,w,o,e,n,s,g
e,b,s,y,t,a,f,c,b,g,e,c,s,s,w,w,p,w,o,p,k,n,g
e,x,y,y,t,l,f,c,b,w,e,r,s,y,w,w,p,w,o,p,k,y,p
e,f,f,g,,n,f,c,n,k,e,e,s,s,w,w,p,w,o,p,n,y,u
e,b,s,w,t,a,f,c,b,n,e,c,s,,w,w,,w,o,p,k,s,g
e,x,,w,t,l,f,c,b,k,e,c,s,s,w,w,p,w,o,p,k,s,m
p,,y,n,t,,f,c,n,n,e,e,s,s,w,w,p,w,o,p,k,s,g
p,x,s,n,t,p,f,c,n,,e,e,s,s,w,w,p,w,o,p,n,s,g
e,b,s,w,t,l,f,c,b,g,e,c,s,s,w,w,p,w,o,p,n,s,g
e,b,s,y,t,a,f,c,b,w,e,c,s,s,w,w,p,w,o,p,n,n,m
e,f,y,n,t,a,f,c,b,w,e,r,s,y,w,w,p,w,o,p,n,s,g
e,x,y,y,,l,f,c,b,p,e,r,s,y,w,w,p,w,o,p,n,y,g
e,f,y,y,t,l,f,c,b,n,e,r,s,y,w,w,p,w,o,p,n,y,p
e,x,y,w,t,a,f,c,b,w,e,c,s,s,w,w,p,w,o,p,n,,g
e,x,s,y,t,a,f,c,b,k,e,c,s,s,w,w,p,w,o,p,k,s,g
e,f,f,n,f,n,,c,n,p,e,e,s,s,w,w,p,w,o,p,n,v,u
e,f,f,n,f,n,f,w,b,p,t,e,s,s,w,w,p,w,o,e,k,a,g
e,x,f,y,t,l,f,w,n,w,t,?,s,s,w,w,p,w,o,p,u,v,d
e,f,y,y,t,l,f,c,b,w,e,r,s,y,w,w,p,w,o,,n,s,p
e,f,f,n,f,n,f,c,n,g,e,e,s,s,w,w,p,w,o,p,k,y,u
e,f,f,g,f,n,f,c,n,k,e,e,s,s,w,w,p,w,o,p,n,v,u
e,x,y,n,t,l,f,c,b,n,e,r,s,y,w,w,p,w,o,p,n,y,g
e,,y,y,t,l,f,c,b,w,e,r,s,y,w,w,p,w,o,p,n,y,p
e,b,s,w,t,a,f,c,b,g,e,c,s,s,w,w,p,w,o,p,k,s,m
e,x,s,w,t,l,f,w,n,n,t,b,s,s,w,w,p,w,o,p,n,v,d
e,x,y,w,t,,f,c,b,n,e,?,s,s,,w,p,w,o,p,n,n,m
e,x,f,y,t,a,f,w,n,w,t,b,s,s,w,w,p,w,o,p,u,v,d
e,b,s,y,t,a,f,c,b,w,e,c,s,s,w,w,p,w,o,p,k,n,g
e,x,f,n,t,n,f,c,b,p,t,b,s,s,p,w,p,w,o,p,n,v,d
e,x,y,w,t,a,f,c,b,g,e,c,s,s,w,,p,w,o,p,k,n,m
e,f,f,g,f,n,f,c,n,k,e,e,s,s,w,w,p,w,o,p,k,v,u
e,b,y,w,t,a,f,c,b,n,e,c,s,s,w,w,p,w,o,p,n,s,m
e,x,y,y,t,l,f,c,b,w,e,c,s,s,w,w,p,w,o,p,k,n,m
e,x,s,w,t,a,,c,b,k,e,c,s,s,,w,p,w,o,p,k,s,g
e,b,s,y,t,a,f,c,b,w,e,c,s,s,w,w,p,w,o,p,k,s,g
e,b,y,w,t,l,f,c,b,k,e,?,s,s,w,w,p,w,o,p,k,s,g
e,x,y,n,t,a,f,c,b,p,e,r,s,y,w,w,p,w,o,p,n,s,p
e,f,s,g,f,n,f,w,b,k,t,e,f,s,w,w,p,w,o,e,n,a,g
p,x,y,n,t,p,f,c,n,p,e,e,s,s,w,w,p,w,o,p,n,s,g
e,b,y,wrong,,a,f,c,b,n,e,c,s,s,w,w,p,w,o,p,n,s,g
e,b,s,y,t,a,f,c,b,w,e,c,s,s,w,w,p,w,o,p,n,s,m
p,x,y,n,t,p,,c,n,w,,e,s,s,w,,p,w,o,p,k,v,g
p,x,s,n,t,p,f,c,n,p,e,e,s,s,w,w,p,w,o,p,n,v,u
e,f,s,n,f,n,f,w,b,n,t,e,f,s,w,w,p,w,o,e,n,a,g
p,x,s,n,t,p,f,c,n,w,e,e,s,s,w,w,p,w,o,p,k,s,g
e,f,f,g,f,n,f,w,b,h,t,e,s,f,w,w,p,w,o,e,n,a,g
e,x,y,y,t,l,f,c,b,n,e,r,s,y,w,w,p,w,o,p,k,s,p
e,b,y,w,t,l,f,c,,k,e,c,s,s,w,w,p,w,o,p,k,n,m
e,f,y,y,t,l,f,c,b,p,e,r,s,y,w,w,p,w,o,p,n,s,p
e,f,y,y,t,l,f,c,b,p,e,r,s,y,w,w,p,w,o,p,k,y,p
,b,y,y,t,l,f,c,b,k,e,c,s,s,w,w,p,w,o,p,k,n,m
e,s,f,n,f,,f,c,n,p,e,e,,s,w,w,p,w,o,p,k,y,u
e,x,s,w,t,a,f,c,b,k,e,c,s,s,w,w,p,w,o,p,n,n,m
e,b,y,y,t,a,f,c,b,g,e,c,s,s,w,w,p,w,o,p,k,n,m
e,f,y,y,t,a,f,c,b,w,e,r,s,y,w,w,p,w,o,p,k,s,p
e,f,s,n,f,,f,w,b,p,t,e,f,f,w,w,p,w,o,e,n,a,g
,x,s,w,t,l,f,c,b,w,e,c,s,s,w,w,p,w,o,p,n,s,m
e,b,y,y,t,l,f,c,b,w,e,c,s,s,w,w,p,w,o,p,n,n,g
e,b,y,y,t,l,f,c,b,k,e,c,s,s,w,w,p,w,,p,k,s,g
e,b,y,y,t,a,f,c,b,n,e,c,s,s,w,w,p,w,o,p,n,s,m
e,b,s,w,t,l,f,c,b,k,e,c,s,s,w,w,p,w,o,p,n,s,m
e,x,y,y,t,a,,c,b,n,e,r,s,y,w,w,p,w,o,p,k,s,p
e,x,y,n,t,a,f,c,b,n,e,r,s,y,w,w,p,w,o,p,n,s,g
e,s,f,n,f,n,f,c,n,g,e,e,s,s,w,w,p,w,o,p,k,v,u
e,f,y,n,t,a,f,c,b,n,e,r,s,y,w,w,p,w,o,p,n,s,g
e,x,s,w,t,a,f,c,b,,e,c,s,s,w,w,p,w,o,p,k,n,
e,f,s,y,t,l,f,w,n,w,t,b,s,s,,w,p,w,o,p,n,v,d
e,x,s,n,f,n,,w,b,p,t,e,s,s,w,w,p,w,o,e,n,a,g
e,f,y,y,t,a,f,c,b,n,e,r,s,y,w,w,p,w,o,p,k,s,
p,x,y,n,t,p,f,c,n,k,e,e,s,s,w,,p,w,o,p,n,v,g
e,x,s,w,t,l,f,c,b,w,e,c,s,s,w,w,p,w,o,p,n,n,g
e,x,f,w,f,n,f,w,b,h,t,e,f,s,w,w,p,w,o,e,n,s,g
e,,s,w,t,a,f,c,b,n,e,c,s,s,w,w,p,w,o,p,n,s,m
e,x,y,w,t,l,f,c,b,w,e,c,s,s,w,w,p,w,o,p,k,s,m
e,f,y,y,t,l,f,c,b,w,e,r,s,y,w,w,p,w,o,p,k,y,g
e,x,f,n,f,n,f,w,Z,n,t,e,f,s,w,w,p,w,o,e,n,XXX,g
p,x,s,w,t,p,f,c,n,k,e,e,s,s,w,w,p,w,o,p,,s,g
p,x,y,w,t,p,f,c,n,p,e,e,s,s,w,w,p,w,o,p,k,s,u
e,x,y,w,t,l,f,c,b,g,e,c,s,s,w,w,p,w,o,p,k,n,g
e,b,y,w,t,a,f,c,b,w,e,c,s,s,w,w,p,w,o,p,n,s,g
,,f,w,t,a,f,w,n,w,t,b,s,s,w,w,p,w,,p,n,v,d
p,x,y,w,t,p,f,c,n,w,e,e,,s,w,w,p,w,o,p,k,s,u
e,x,s,w,t,l,f,c,b,g,e,c,s,s,w,w,p,w,o,p,k,s,g
e,x,f,g,f,n,f,c,n,p,e,e,s,s,w,w,p,w,o,p,k,v,u
e,x,f,n,f,n,f,c,n,p,e,e,s,s,w,w,p,w,o,p,k,v,u
e,b,s,w,t,a,f,c,b,n,e,c,s,s,w,w,p,w,o,p,k,s,m
e,x,y,n,t,a,f,c,b,p,e,r,s,y,w,w,p,w,o,p,k,s,g
e,b,y,w,t,a,f,c,b,k,e,c,s,s,w,w,p,w,o,p,n,n,m
e,f,y,y,t,l,f,c,b,n,e,r,s,y,w,w,p,w,o,p,n,s,p
e,x,y,w,t,l,f,c,b,n,e,c,s,s,w,w,p,w,o,p,n,n,g
e,b,y,w,t,l,f,c,b,w,e,c,s,s,w,w,p,w,o,p,n,s,g
e,b,y,w,t,a,f,c,b,w,e,c,s,s,w,w,p,w,o,p,k,s,m
,x,s,n,t,p,f,c,n,w,e,e,s,s,w,w,p,w,o,p,n,v,u
e,f,s,y,t,a,f,w,n,n,t,b,s,s,w,w,,w,o,p,u,v,d
e,x,y,n,t,a,f,c,b,n,e,r,s,y,w,w,p,w,o,p,n,s,p
e,b,s,y,t,l,f,c,b,k,e,c,s,s,w,w,p,w,o,p,n,,g
e,f,s,w,t,a,f,w,n,n,t,b,s,s,w,w,p,w,o,p,u,v,d
e,b,y,y,t,l,f,c,b,w,e,c,s,s,w,w,p,w,o,p,k,s,g
e,b,y,y,t,a,f,,b,k,e,c,s,s,w,w,p,w,o,p,n,n,m
e,b,s,y,t,a,f,c,b,n,e,c,s,s,w,w,p,w,o,p,k,n,g
e,f,y,y,t,l,f,c,b,n,e,r,s,y,w,w,p,w,o,p,n,y,g
e,x,s,w,f,n,f,w,b,n,t,e,f,f,w,w,p,w,o,e,n,a,g
e,b,y,y,t,a,f,c,Z,w,e,c,s,s,w,w,p,w,o,p,n,XXX,m
e,x,y,n,t,a,f,c,b,n,e,?,s,y,w,w,p,w,o,p,k,y,p
e,b,s,w,t,l,,c,b,g,e,c,s,s,w,w,p,w,o,p,n,n,g
e,f,y,n,t,l,f,c,b,p,e,r,s,y,w,w,p,w,o,p,k,y,g
e,x,s,w,t,l,f,c,b,g,e,c,s,s,w,w,p,w,o,p,n,n,g
e,x,f,n,f,n,f,c,n,g,e,e,s,s,w,w,p,w,o,p,n,v,u
e,x,y,n,t,l,f,c,b,w,e,r,s,y,w,w,p,w,o,p,k,s,p
e,f,f,g,f,n,f,w,b,k,t,e,s,f,w,w,p,w,o,e,k,a,g
e,x,s,w,t,l,f,w,n,p,t,b,s,s,w,w,p,w,o,p,n,v,d
e,f,f,n,f,n,f,c,n,g,e,e,s,s,w,w,p,w,o,p,n,y,u
e,b,y,y,t,a,f,c,b,g,e,c,s,s,w,w,p,w,o,p,n,s,m
e,b,s,w,t,a,f,c,b,k,e,c,s,s,w,w,p,w,o,p,k,n,m
e,x,s,w,t,a,f,c,b,w,e,c,s,,w,w,p,w,o,p,n,n,g
e,b,s,y,t,l,f,c,b,k,e,c,s,s,w,w,p,w,o,p,n,s,m
e,x,y,y,t,a,f,c,b,k,e,c,s,s,w,w,p,w,,,k,n,m
e,x,s,y,t,a,f,w,n,p,t,b,s,s,w,w,p,w,o,p,n,v,d
e,f,f,g,f,n,f,w,b,h,t,e,f,s,w,w,p,w,o,e,k,a,g
e,x,y,y,t,a,f,c,b,p,e,r,s,y,w,w,p,w,o,p,n,s,g
p,x,y,n,t,p,f,c,n,k,e,e,s,s,w,w,p,w,o,p,n,s,u
e,x,y,n,t,a,f,c,b,p,e,r,s,y,w,w,,w,o,p,n,y,g
e,x,s,y,t,l,f,c,b,n,e,c,s,s,w,w,p,w,o,p,n,n,g
e,b,y,w,t,l,f,c,b,w,e,c,s,s,w,w,p,w,o,p,n,n,m
e,x,y,y,t,a,f,c,b,w,e,c,s,s,w,w,p,w,o,p,k,s,m
e,s,f,n,f,n,f,c,n,g,e,e,s,s,w,w,p,w,o,p,k,y,u
e,b,y,y,t,l,f,c,b,w,e,c,s,s,w,w,p,,o,p,k,s,m
e,x,s,w,t,l,f,c,b,n,e,c,s,s,w,w,p,w,o,p,k,s,m
e,x,,w,t,a,f,c,b,w,e,c,s,s,w,w,p,w,o,p,k,n,g
p,x,s,n,t,p,f,c,n,w,e,e,s,s,w,w,p,w,o,p,,v,g
e,x,f,n,f,n,f,c,n,n,e,e,s,s,w,w,p,w,o,p,k,v,u
e,x,y,y,t,l,f,c,b,w,e,c,s,s,w,w,p,w,o,p,n,n,g
p,x,y,n,t,p,f,c,n,k,e,e,s,s,w,w,p,w,o,p,n,s,g
e,x,y,y,t,l,f,c,b,p,e,r,s,y,w,w,p,w,o,p,k,y,p
e,b,y,y,t,l,f,c,b,k,e,c,s,s,w,w,p,w,o,p,n,s,g
e,f,y,n,t,l,f,c,b,p,e,r,s,y,w,w,p,w,o,p,k,y,p
e,x,y,w,t,a,f,c,b,k,e,c,s,s,w,w,,w,o,p,k,n,g
e,x,s,y,t,a,f,c,b,n,e,c,s,s,w,w,p,w,o,p,n,n,g
,x,y,n,t,p,f,c,n,p,e,e,s,s,w,w,p,,o,p,n,v,g
p,x,y,n,t,p,f,c,n,n,e,?,s,s,w,w,p,w,o,p,n,s,u
e,b,y,y,t,l,f,c,b,n,e,,s,s,w,w,,w,o,p,k,n,
e,x,s,w,f,n,f,w,b,h,t,e,f,s,w,w,p,w,o,e,k,s,g
p,x,s,w,t,p,f,c,n,k,e,e,,s,w,w,p,w,o,p,n,v,g
e,x,y,n,t,l,f,c,b,w,e,r,s,y,w,w,p,w,o,p,n,s,p
e,b,s,w,t,a,f,c,b,n,e,c,s,s,w,w,p,w,o,p,k,n,m
e,x,y,y,t,a,f,c,b,w,e,c,s,s,w,w,p,w,o,p,n,n,g
p,x,s,n,t,p,f,c,n,n,e,e,s,s,w,w,p,w,o,p,n,v,u
e,b,y,y,t,l,f,c,b,w,e,c,s,s,w,w,,w,o,p,k,n,g
e,b,y,w,t,a,f,c,b,k,e,c,s,s,w,w,p,w,o,p,n,n,g
e,f,y,y,t,l,f,c,b,w,e,r,s,y,w,w,p,w,o,,k,s,g
e,b,y,w,t,a,f,c,b,k,e,c,s,s,w,w,p,w,o,p,k,s,g
e,x,y,y,t,a,f,c,b,p,e,r,s,y,w,w,p,w,o,p,k,y,g
e,b,s,y,t,l,f,c,b,n,e,c,s,s,w,w,p,w,o,p,n,s,m
e,x,s,y,t,l,f,w,n,p,t,?,s,s,w,w,p,w,o,p,n,v,d
e,b,s,y,t,a,f,c,b,g,e,c,s,s,w,w,p,w,o,p,k,n,m
e,b,s,y,t,a,f,c,b,n,e,c,s,s,w,w,p,,o,p,k,n,m
p,x,y,,t,p,f,c,n,p,e,e,s,s,w,w,p,w,o,p,k,v,u
p,x,y,w,t,p,f,c,n,w,e,e,s,s,w,w,p,w,o,p,n,v,g
p,x,s,n,t,p,f,c,n,k,e,e,s,s,w,w,p,w,o,p,k,v,u
e,x,s,w,t,a,f,c,b,n,e,c,s,s,w,w,p,w,o,p,k,s,m
e,x,y,n,t,a,f,c,b,p,e,r,s,y,w,w,p,w,o,p,k,y,g
e,x,y,y,t,a,f,c,b,n,e,r,s,y,w,w,p,w,o,p,k,y,g
e,x,s,w,t,a,f,w,n,w,t,b,s,s,w,w,p,w,o,p,n,v,d
e,b,y,w,t,l,,c,b,k,e,c,s,s,w,w,p,w,o,p,n,n,g
e,b,s,y,t,l,f,c,Z,w,e,c,s,s,w,w,p,w,o,p,n,XXX,m
e,x,f,g,f,n,f,c,n,k,e,e,s,s,w,w,p,w,o,p,k,v,u
e,b,s,y,t,a,f,c,b,n,e,c,s,s,w,w,p,w,o,p,k,s,m
e,x,s,w,t,l,f,c,b,g,e,c,s,s,w,w,p,w,o,p,n,s,g
e,x,y,n,t,a,f,c,b,w,e,r,s,y,w,w,p,w,o,p,k,s,p
e,x,y,y,t,l,f,,b,w,e,c,s,s,w,w,p,w,o,p,k,s,m
e,f,f,w,t,l,f,,n,n,t,b,s,s,w,w,p,w,o,p,,v,d
e,f,f,w,t,a,f,w,n,w,t,b,s,s,w,w,p,w,o,p,u,v,d
,,,w,t,l,f,c,b,g,e,c,s,s,w,w,p,w,o,,n,s,m
e,f,s,y,t,l,f,w,n,p,t,b,s,s,w,w,p,w,o,p,u,v,d
e,s,f,g,f,n,f,c,n,p,e,e,s,s,w,w,p,w,o,p,k,v,u
e,f,f,y,t,a,f,w,n,w,t,b,s,s,w,w,p,w,o,p,n,v,d
e,x,y,n,t,l,f,c,,p,e,r,s,y,w,w,p,w,o,p,k,y,g
e,x,y,y,t,,f,c,b,,e,r,s,y,w,w,p,w,o,p,n,,g
e,x,y,y,,l,f,c,b,p,e,r,s,y,w,w,p,w,o,p,n,y,p
p,x,s,n,t,p,f,c,,k,e,e,s,s,w,w,p,w,o,p,n,v,g
e,x,s,y,t,l,f,c,b,n,e,c,s,s,w,w,p,w,o,p,,s,m
p,x,y,w,t,p,f,c,n,p,e,e,s,s,w,w,p,w,o,p,n,s,u
e,x,y,y,t,a,f,c,Z,w,e,c,s,s,w,w,p,w,o,p,k,XXX,g
e,x,y,w,t,a,f,c,b,w,e,c,s,s,w,w,p,w,o,p,k,s,g
e,f,s,y,t,a,f,w,n,w,t,b,s,s,w,w,p,w,o,p,u,v,d
p,x,y,n,t,p,f,c,n,w,e,e,s,,w,w,p,w,o,p,n,v,g
e,b,s,w,t,a,f,c,b,n,e,c,s,s,w,w,p,w,o,,n,s,g
e,s,f,g,f,n,,c,n,n,e,e,s,s,w,w,p,w,o,p,k,y,u
e,x,s,y,t,a,f,c,b,g,e,c,s,s,w,w,p,w,o,p,k,n,g
e,x,f,g,f,,,w,b,k,t,e,s,f,w,w,p,w,o,e,n,s,g
e,x,y,y,t,a,f,c,b,n,e,c,s,,w,w,p,w,o,p,n,s,m
e,b,y,w,t,l,f,c,b,g,e,c,s,s,w,w,p,w,o,p,n,s,g
e,b,s,y,t,l,f,c,b,k,e,c,s,s,w,w,p,w,o,p,n,n,m
e,x,s,w,t,l,f,w,n,w,t,b,s,s,w,w,p,w,o,p,u,v,d
e,b,s,w,t,l,f,c,b,k,,c,s,s,w,w,p,w,o,p,n,s,g
e,f,y,n,t,a,f,c,b,p,e,r,s,y,w,w,p,w,o,p,k,s,g
e,s,f,g,f,,f,c,n,g,e,e,s,s,w,w,p,w,o,p,n,y,u
e,x,f,w,f,n,f,w,b,p,t,e,f,s,w,w,p,w,o,e,n,a,g
e,s,f,n,f,n,f,c,n,,e,e,s,s,w,w,p,w,o,p,k,v,u
e,f,y,n,,l,f,c,b,p,e,?,s,y,w,w,p,w,o,p,k,s,p
,f,s,y,t,,f,w,n,n,t,b,s,s,w,w,p,w,o,p,u,v,d
e,b,s,y,t,a,f,c,b,n,e,c,s,s,w,w,p,w,o,p,n,s,g
,b,s,y,t,a,f,c,b,k,e,c,s,s,w,w,p,w,o,p,k,n,m
p,x,,n,t,p,f,c,n,p,e,e,s,s,,w,p,w,o,p,k,v,g
e,f,y,n,t,l,f,c,b,w,e,r,s,y,w,w,p,w,o,p,n,y,p
e,x,s,y,t,a,f,c,b,w,e,c,s,s,w,w,p,w,o,p,,s,g
e,,y,y,t,a,f,c,b,p,e,r,s,y,w,w,p,w,o,p,n,s,g
e,x,y,w,t,a,f,c,b,g,e,c,s,s,w,w,p,w,o,p,n,n,g
e,x,y,y,t,a,f,c,b,w,e,c,s,s,w,w,p,w,o,p,n,s,m
e,x,y,y,t,l,f,c,,k,e,c,s,s,w,w,p,w,o,p,k,s,g
e,f,f,n,f,n,f,c,n,n,e,e,,s,,w,p,w,o,p,n,v,u
e,f,y,y,t,l,f,c,b,p,e,r,s,y,w,,p,w,o,p,,y,p
e,x,f,g,f,n,f,c,n,p,e,e,s,s,w,w,p,w,o,,n,y,u
e,x,s,y,t,l,f,c,b,k,e,c,s,s,w,w,p,w,o,p,n,n,g
e,f,y,n,t,a,f,c,b,p,e,r,s,y,w,w,p,w,o,p,k,y,p
e,x,s,y,t,l,f,c,b,w,e,c,s,s,w,w,p,w,o,p,n,n,g
e,x,y,y,t,a,f,c,b,k,e,c,s,s,w,w,p,w,o,p,n,s,m
e,x,,n,t,n,f,c,b,n,t,b,s,s,g,w,p,w,o,p,k,v,d
e,x,s,w,t,a,f,c,b,n,e,c,s,s,w,w,p,w,o,p,n,s,m
e,x,y,y,t,l,f,c,b,p,e,r,s,y,w,w,p,w,o,p,n,s,p
e,x,y,w,t,a,f,c,b,k,e,c,s,s,w,w,p,w,o,p,n,n,m
e,x,s,w,t,l,f,c,b,k,e,c,s,s,w,w,p,w,o,p,k,n,g
e,,y,y,t,l,f,c,b,w,e,r,s,y,w,w,p,w,o,p,n,y,g
e,b,s,y,,l,f,c,b,n,e,c,s,s,w,w,p,w,o,p,n,n,g
e,f,f,w,t,a,f,w,n,w,t,b,s,s,w,w,p,w,o,p,n,v,d
e,f,s,g,f,n,f,w,b,n,t,e,s,f,w,w,p,w,o,e,n,s,g
e,x,y,w,t,a,f,c,b,w,e,c,s,s,w,,p,w,o,p,k,n,g
e,x,y,w,t,l,f,c,,n,e,c,s,s,w,w,p,w,o,p,k,n,g
e,f,y,y,t,l,f,c,b,n,e,r,s,y,w,w,p,w,o,p,k,s,g
e,x,s,w,t,a,f,w,n,p,t,b,s,s,w,w,p,w,o,p,u,v,d
e,x,s,y,t,a,f,c,b,n,e,c,s,s,w,w,p,w,o,p,n,s,g
e,f,y,y,t,a,f,c,b,n,e,r,s,,w,w,p,w,o,p,n,y,g
e,x,y,y,t,a,f,c,Z,w,e,r,s,,w,w,p,w,o,p,k,XXX,p
e,x,s,y,t,l,f,c,b,g,e,c,s,s,,w,p,w,o,p,n,n,g
e,x,f,n,t,n,,c,Z,u,t,b,s,s,g,p,p,w,o,p,n,XXX,d
e,f,y,y,t,l,f,c,b,p,e,r,s,y,w,w,p,w,o,p,k,y,g
e,x,s,w,t,a,f,c,b,n,,c,s,s,w,w,p,w,o,p,k,n,g
e,b,s,y,t,a,f,c,b,g,e,c,s,s,w,w,p,w,o,p,n,s,m
e,x,s,y,t,l,f,c,b,k,e,c,s,s,w,w,p,w,o,p,n,s,m
e,x,y,n,t,l,f,c,b,p,e,r,s,y,w,w,p,w,o,p,n,s,g
e,b,y,y,t,a,f,c,b,k,e,c,s,s,w,w,p,w,o,p,k,n,g
e,x,s,w,t,l,f,c,b,k,e,c,s,s,w,w,p,w,o,p,k,n,
e,x,y,w,t,l,f,c,b,k,e,c,s,s,w,w,p,w,o,p,k,s,m
e,x,s,y,t,l,f,c,b,n,e,c,s,s,w,w,p,w,o,p,k,s,g
e,f,y,y,t,l,f,c,b,n,e,r,s,y,w,w,p,w,o,p,k,y,p
e,x,f,w,f,n,f,w,b,n,t,e,f,f,w,w,p,w,o,e,n,a,g
e,x,s,n,f,n,f,w,b,p,t,e,f,f,w,w,p,w,o,e,k,s,g
e,x,s,w,f,n,f,w,b,h,t,e,f,s,w,w,p,w,o,e,n,s,g
e,x,s,y,t,l,f,c,b,w,e,c,s,s,w,w,p,w,o,p,n,n,m
e,f,f,w,f,n,f,w,b,p,t,e,f,s,w,,p,w,o,e,k,s,g
p,f,s,n,t,p,f,c,n,n,e,e,s,s,w,w,p,w,o,p,k,s,g
e,x,f,g,f,n,f,w,b,p,t,e,f,f,w,w,p,w,o,e,n,s,g
p,f,y,n,t,p,f,c,n,p,e,e,s,s,w,w,p,w,o,p,n,v,u
p,x,s,n,t,p,f,c,n,w,e,?,,s,w,w,p,w,o,p,n,v,g
e,b,s,w,t,l,f,c,b,k,e,c,s,s,w,w,p,w,o,p,k,n,g
e,x,f,g,f,n,f,w,b,p,t,e,f,f,w,w,p,w,o,e,k,a,g
e,x,,w,t,l,f,c,b,g,e,,s,s,w,w,p,w,o,p,k,n,g
e,f,f,g,f,n,f,w,b,n,t,e,s,s,w,w,p,w,o,e,k,a,g
e,x,s,g,f,n,f,w,b,k,,e,s,s,w,w,p,w,o,e,k,s,g
e,x,s,w,t,a,f,c,b,k,e,c,s,s,w,w,p,w,o,p,n,n,g
e,x,s,w,t,l,f,c,b,n,e,c,s,s,w,w,p,w,o,p,n,s,m
e,,y,g,t,n,f,c,b,n,t,b,s,s,g,w,p,w,o,p,n,y,d
e,f,f,,f,n,f,w,b,k,t,e,f,f,w,w,p,w,o,e,,a,g
e,x,s,w,f,n,f,w,b,h,t,e,s,f,w,w,p,w,o,e,k,s,g
e,f,f,n,f,n,f,w,b,p,t,e,f,s,w,w,p,w,o,e,k,a,g
e,x,s,n,f,n,f,w,b,p,t,e,f,f,w,w,p,w,o,e,n,a,g
e,x,y,y,t,l,f,c,b,n,e,c,s,s,w,,p,w,o,p,k,n,g
e,x,s,y,t,l,f,,n,w,t,b,s,s,w,w,p,w,o,p,u,v,d
e,f,f,w,f,n,f,w,b,k,t,e,f,s,w,w,p,w,o,e,n,s,g
e,x,s,n,f,n,f,w,b,h,t,e,f,s,w,w,p,w,o,e,n,a,g
e,x,s,g,f,n,f,w,b,k,t,e,f,s,w,w,p,w,o,e,k,a,g
p,x,y,n,t,p,f,c,n,w,e,e,s,s,w,w,p,w,o,p,k,s,u
e,x,f,g,f,n,f,c,n,k,e,e,s,s,w,w,p,w,o,p,n,y,u
e,b,s,w,t,a,f,c,b,n,e,c,s,s,w,w,p,w,o,p,n,n,m
e,x,s,g,f,n,f,w,b,h,t,e,s,s,w,w,p,w,o,e,k,a,g
e,f,f,g,f,n,f,w,b,n,t,e,,f,w,w,p,w,o,e,n,s,g
p,f,s,n,t,p,f,c,n,n,e,e,s,s,w,w,p,w,o,p,n,v,g
e,x,s,y,t,l,f,c,b,k,e,c,s,s,w,w,p,w,o,p,n,s,g
e,x,f,n,f,n,f,c,,n,e,e,s,s,w,w,p,w,,p,k,y,u
e,,s,w,f,n,f,w,b,p,t,e,s,f,w,w,,w,o,e,k,s,g
e,x,y,y,t,a,f,c,b,w,e,c,s,s,w,w,p,w,o,p,k,n,m
e,x,f,n,f,n,f,w,b,p,t,e,s,s,w,w,p,w,o,e,k,s,g
e,f,s,g,f,n,f,w,b,n,t,e,f,s,w,w,p,w,o,e,k,a,g
e,x,y,e,t,n,f,c,b,u,t,b,s,s,g,,p,w,o,p,n,y,d
e,b,y,y,t,a,f,c,b,n,e,c,s,s,w,w,p,w,,p,n,n,g
e,x,f,w,f,n,f,w,b,n,t,e,f,f,w,w,p,w,o,e,k,s,g
p,x,s,w,t,p,f,c,n,w,e,e,s,s,w,w,p,w,o,p,n,s,g
e,x,f,g,f,n,f,,b,p,t,e,s,s,w,w,p,w,o,e,n,s,g
e,f,f,g,t,n,f,c,b,n,t,,s,s,w,g,p,w,o,p,n,v,d
e,f,f,n,f,n,f,w,b,h,t,e,f,f,w,w,p,w,,e,n,a,g
e,f,f,w,f,n,f,w,b,n,t,?,f,f,w,w,p,w,o,e,k,s,g
e,b,y,w,t,l,f,c,b,w,e,c,s,,w,w,p,w,o,p,k,s,g
e,f,f,n,f,n,f,w,b,n,t,e,f,s,w,w,p,w,o,e,k,a,g
p,f,y,n,t,p,f,c,n,w,e,e,s,s,w,w,p,w,o,p,n,v,u
p,,y,w,t,p,f,c,n,w,e,e,s,s,w,w,p,w,o,p,n,s,u
e,b,s,y,t,l,f,c,b,n,e,c,s,s,w,w,p,w,o,p,k,s,g
e,f,s,g,f,n,f,w,b,h,t,e,,f,w,,p,w,o,e,n,a,g
e,x,f,g,f,n,f,w,b,n,t,,s,f,w,w,p,w,o,e,n,a,g
e,f,f,n,f,n,f,w,b,h,t,e,f,s,w,w,p,w,o,e,n,s,g
e,b,s,w,t,l,f,c,b,k,e,c,s,s,w,w,p,w,o,p,k,,m
p,x,s,w,t,,f,c,n,w,e,e,s,s,w,w,p,w,o,p,k,v,u
e,x,y,n,t,n,f,c,b,n,t,b,s,s,p,p,p,w,o,p,k,v,d
e,f,f,w,t,l,f,w,n,n,t,b,s,,w,w,p,w,o,p,u,v,d
e,x,y,y,t,l,f,c,b,k,e,c,s,s,w,w,p,w,o,p,n,n,m
e,x,f,n,f,n,f,w,b,n,t,e,f,f,w,w,p,w,o,e,k,a,g
e,f,,w,f,n,f,w,b,h,t,e,f,s,w,w,p,w,o,e,k,a,g
e,x,f,n,t,n,f,c,b,n,t,b,s,s,g,p,p,w,o,p,k,v,d
e,x,f,n,t,n,f,c,b,n,t,b,s,s,p,g,p,w,o,p,n,y,d
e,f,s,g,f,n,f,w,b,k,t,e,f,f,w,w,p,w,o,e,k,s,g
e,f,s,g,f,n,f,w,b,n,t,e,s,s,w,w,p,w,o,e,k,s,g
p,f,s,n,t,p,f,c,n,w,e,e,s,s,w,w,p,w,o,p,k,s,g
e,x,f,n,t,n,f,c,b,n,t,b,s,s,w,p,p,w,o,p,k,y,d
e,x,s,n,f,n,f,w,b,k,t,e,f,f,w,w,p,w,o,e,k,s,g
e,x,f,w,f,n,f,w,b,k,t,e,s,f,w,w,p,w,o,e,k,s,g
e,f,f,n,f,n,f,w,b,n,,,f,s,w,w,p,w,o,e,n,,g
e,x,f,n,t,n,f,c,b,n,t,b,s,s,p,w,p,w,o,p,k,v,d
e,f,f,n,t,n,f,c,b,,t,b,s,s,p,w,p,w,o,p,k,v,d
e,x,f,,f,n,f,w,b,n,t,e,s,f,w,w,p,w,o,e,k,s,g
e,f,f,n,t,n,f,c,b,u,t,b,s,s,p,w,p,w,o,p,k,y,d
e,x,s,g,f,n,f,w,b,p,t,e,f,f,w,w,p,w,o,e,k,s,g
e,b,y,w,t,l,f,c,b,n,e,c,s,s,w,w,p,w,o,p,k,n,g
e,x,f,n,t,n,f,c,b,n,t,b,s,,p,p,p,w,o,p,k,y,d
e,x,y,,t,l,f,c,,k,e,c,s,s,w,w,p,w,o,p,n,s,g
e,f,f,g,f,n,f,w,b,p,t,e,f,f,w,w,p,w,o,e,k,a,g
e,f,f,n,t,n,f,c,b,u,t,b,s,s,p,p,p,w,o,,n,y,d
e,x,s,y,t,l,f,c,b,g,e,c,s,s,w,w,p,w,o,p,k,s,m
e,f,f,g,f,n,f,w,b,h,t,e,s,s,w,,p,w,o,e,k,s,g
e,x,f,n,f,n,f,w,b,k,t,e,s,s,w,w,p,w,o,e,n,s,g
p,x,s,w,t,p,f,c,n,n,e,e,s,s,w,w,p,w,,p,k,s,u
e,x,f,w,f,n,f,w,b,n,t,e,f,f,w,,p,w,o,e,n,s,g
e,f,f,w,f,n,f,w,b,n,t,e,f,s,w,w,p,w,o,e,k,a,g
e,x,s,wrong,f,n,f,w,b,n,t,e,s,f,w,w,p,w,o,e,n,a,g
e,x,s,g,f,n,f,w,b,k,t,e,s,f,w,w,p,w,o,e,k,a,g
e,x,y,y,t,l,f,c,b,n,e,c,s,s,w,w,p,w,o,p,n,n,g
e,x,s,y,t,l,f,c,b,n,e,c,s,s,w,w,p,w,o,p,k,n,m
e,x,s,g,f,n,f,w,b,p,t,e,s,f,w,w,p,w,o,e,k,a,g
e,x,s,n,f,n,f,w,b,p,,e,f,s,w,w,p,w,o,e,n,s,g
e,f,f,n,f,n,f,c,n,n,e,e,s,s,w,w,p,w,,p,k,v,u
e,f,s,w,f,n,f,w,b,k,t,e,s,f,w,w,p,w,o,e,k,,g
e,f,s,wrong,f,n,f,w,b,n,t,e,f,f,w,w,p,w,o,e,k,a,g
e,x,y,wrong,t,l,f,c,b,n,e,c,,s,w,w,,w,o,,n,s,m
e,f,,w,t,a,,w,n,w,t,b,s,s,w,w,p,w,o,p,u,v,d
e,b,s,w,t,l,f,c,b,w,e,c,s,s,,w,p,w,o,p,n,n,m
p,f,y,w,t,p,f,c,n,p,e,e,s,s,w,w,p,w,o,p,k,v,u
e,x,f,g,t,n,f,c,b,n,t,b,s,s,p,p,p,w,o,p,k,y,d
e,f,y,n,t,l,f,c,b,p,e,r,s,y,w,w,p,w,o,p,n,y,g
,f,s,n,f,n,f,w,b,k,t,e,s,s,w,w,p,,o,e,n,s,g
p,x,s,w,t,p,f,c,n,w,e,e,s,s,w,w,p,w,o,p,k,v,g
e,x,y,n,t,l,f,c,b,p,e,?,s,y,w,w,p,w,o,p,n,y,g
,x,s,g,f,n,,w,b,p,t,?,s,f,w,w,p,w,o,e,n,a,g
e,x,s,w,f,n,f,w,b,k,t,e,f,s,w,w,p,w,o,e,n,a,g
e,f,f,w,f,n,f,w,b,p,t,e,f,s,w,w,p,w,o,e,,s,g
e,x,f,n,f,n,f,w,Z,k,t,e,s,s,,w,p,w,o,e,n,XXX,g
,x,s,w,t,l,f,c,b,k,e,c,s,s,w,w,p,w,o,p,n,s,g
e,,y,w,t,a,f,c,b,g,e,c,s,s,w,w,p,w,o,p,n,s,m
e,x,s,w,f,n,f,w,b,k,t,e,s,s,w,w,p,w,o,e,k,s,g
e,f,y,y,t,a,f,c,b,p,e,r,s,y,w,w,p,w,o,p,n,s,p
e,f,s,n,f,n,f,w,b,n,t,e,s,f,w,w,p,w,o,e,k,s,g
e,f,f,g,f,n,f,w,b,h,t,e,f,f,w,w,p,w,o,e,k,s,g
e,f,f,y,t,a,,w,n,,t,b,s,s,w,w,p,w,o,p,,v,d
e,f,y,n,t,,f,c,,n,e,r,s,y,w,w,p,w,o,p,n,s,g
e,x,f,n,t,n,f,c,b,p,t,b,s,s,p,w,p,w,o,p,n,y,d
p,f,s,n,t,p,f,c,n,w,e,e,s,s,w,w,p,w,o,p,n,s,g
e,x,f,n,t,n,f,c,b,n,t,b,s,s,w,p,p,w,o,p,k,v,d
e,f,f,n,f,n,f,w,b,n,t,?,f,f,w,w,p,w,o,e,n,a,g
e,,s,y,t,a,f,c,b,w,e,c,s,s,w,w,p,w,o,p,k,n,m
e,b,y,w,t,a,f,c,b,k,e,c,s,s,w,w,p,w,o,p,k,n,g
e,x,y,w,t,a,f,c,b,w,e,c,s,s,w,w,p,w,o,p,n,s,m
p,f,y,wrong,t,p,f,c,n,n,e,e,s,s,w,w,p,w,o,p,k,v,u
p,f,y,w,t,p,f,c,n,p,e,e,s,s,w,w,p,w,o,p,n,s,g
e,x,f,n,f,n,f,c,n,n,e,e,s,s,w,w,p,w,o,p,n,v,u
e,f,s,y,t,l,f,w,n,w,t,b,s,s,w,w,p,w,o,p,u,v,d
e,x,y,y,t,l,f,c,b,k,e,c,s,s,w,w,p,w,o,p,k,n,m
e,x,s,w,f,n,f,,b,k,t,e,s,s,w,w,p,w,o,e,k,a,g
e,x,f,g,t,n,f,c,b,u,t,b,s,s,g,g,p,w,o,p,n,y,d
p,x,y,n,t,p,,c,n,n,e,e,s,s,w,w,p,w,o,p,k,v,g
e,x,f,g,f,n,f,w,b,p,t,e,s,f,w,w,p,w,o,e,n,s,g
e,f,f,n,f,n,f,w,b,p,t,e,s,f,w,w,p,w,o,e,n,s,g
e,x,s,w,f,n,f,,b,p,t,e,s,s,w,w,p,w,o,e,n,s,g
e,f,f,w,f,n,f,w,,p,t,e,f,f,w,w,p,w,o,e,k,a,g
e,x,y,y,,a,f,c,b,k,e,c,s,s,w,w,p,w,o,p,k,s,m
e,f,f,y,t,a,f,w,n,n,t,b,s,s,w,w,p,w,o,p,n,v,d
e,x,f,g,f,n,f,c,n,k,e,e,s,s,w,w,p,w,o,p,k,y,u
p,x,s,n,t,p,f,c,n,p,e,e,s,s,w,w,p,w,o,p,k,s,u
e,x,y,y,t,a,f,c,b,w,e,r,s,y,w,w,p,w,o,p,n,y,p
e,f,y,n,t,a,f,c,b,n,e,r,s,y,w,w,p,w,o,p,k,s,p
e,x,f,w,f,n,f,w,b,h,t,e,,s,w,w,p,w,o,e,k,a,g
e,x,y,n,t,n,f,c,b,u,t,b,s,s,g,g,p,w,o,p,n,v,
e,x,s,g,f,n,f,w,b,h,t,e,f,f,w,w,p,w,o,e,n,a,g
e,x,s,w,t,a,f,c,b,w,e,c,s,s,w,w,p,w,o,p,n,s,g
,x,f,g,f,,f,w,b,h,t,e,s,f,w,w,,w,o,e,n,s,g
p,f,y,n,t,p,f,c,n,n,e,e,s,s,w,w,p,w,o,p,n,s,u
e,x,f,n,t,n,f,c,b,p,t,b,s,s,g,w,p,w,o,p,k,v,d
e,x,f,g,f,n,f,w,b,k,t,e,f,f,w,w,p,w,o,e,k,a,g
e,x,f,e,t,n,f,,b,w,t,b,s,s,w,w,p,w,o,p,k,v,d
e,x,,n,t,n,f,c,b,u,t,b,s,s,g,g,p,w,o,p,k,y,d
e,x,f,g,f,n,f,w,b,p,t,e,s,f,w,w,p,w,o,e,n,a,g
e,x,y,y,t,l,f,c,b,w,e,r,s,y,w,w,p,w,o,p,n,s,p
e,x,f,n,f,n,f,w,,k,t,e,f,s,w,w,p,w,o,e,k,s,g
e,b,s,y,t,l,f,c,b,k,e,c,s,s,w,w,p,w,o,p,k,s,g
e,x,,w,t,l,f,w,n,p,t,b,s,s,w,w,p,w,o,p,n,v,d
e,f,s,g,f,n,,w,b,k,t,e,s,f,w,w,p,w,o,e,n,s,g
e,x,y,y,t,l,f,c,b,w,e,c,s,s,w,w,p,w,o,p,k,n,g
e,x,f,n,f,n,f,w,b,h,t,e,s,s,w,w,p,w,o,e,n,s,g
e,f,s,w,f,n,f,w,b,h,t,e,s,f,w,w,p,w,o,e,n,a,g
e,x,s,y,t,l,f,w,n,n,t,b,s,s,w,w,p,w,o,p,n,v,d
e,x,s,g,f,n,f,w,b,k,t,e,f,s,,w,p,w,o,e,n,s,g
e,x,f,g,f,n,f,w,b,n,t,e,f,f,w,w,p,w,o,e,n,s,g
p,f,y,w,t,p,f,c,n,k,e,e,s,s,w,w,p,w,o,p,k,s,u
e,f,f,y,t,l,f,w,n,p,t,b,s,s,w,w,p,w,o,p,u,v,d
e,x,y,w,t,a,f,c,b,k,e,c,s,s,w,w,p,w,o,p,k,s,g
e,f,f,w,f,n,f,w,b,p,t,e,f,s,w,w,p,w,o,e,n,a,g
e,x,f,n,t,n,f,c,b,u,t,b,s,s,g,g,p,w,o,p,k,v,d
e,x,y,n,t,l,f,c,b,n,e,r,s,y,w,w,p,w,o,p,n,s,g
e,x,s,w,f,n,f,w,b,h,t,e,s,f,w,w,p,w,o,e,n,a,g
p,f,y,,t,p,f,c,n,k,e,e,s,s,w,w,p,w,o,p,n,v,g
e,x,s,y,t,a,f,c,b,k,e,c,s,s,w,w,p,w,o,p,n,s,g
e,x,f,g,t,n,,c,b,p,t,b,s,s,p,w,p,w,o,p,k,y,d
e,f,y,y,t,l,f,c,,p,e,r,s,y,w,w,p,w,o,p,k,s,
,f,s,g,f,n,f,w,b,k,t,e,f,s,w,w,p,w,o,e,k,a,g
e,f,f,n,f,n,f,c,n,p,e,e,s,s,w,w,p,w,o,p,n,y,u
p,f,y,w,t,p,f,c,n,n,,e,s,s,w,w,p,w,o,p,n,v,g
e,f,f,g,f,n,f,,b,k,t,e,f,,w,w,p,w,o,e,n,s,g
e,x,y,n,t,l,f,c,b,p,e,r,s,y,w,w,p,,o,p,k,s,p
e,f,f,w,f,n,f,w,b,h,t,e,s,s,w,w,p,w,o,e,k,a,g
p,f,y,n,t,p,f,c,n,k,e,e,s,s,w,w,p,w,o,p,n,,u
e,b,s,y,t,l,f,c,b,k,e,c,s,s,w,w,p,w,o,p,k,n,m
e,f,f,g,f,n,f,w,b,n,t,e,f,f,w,w,p,w,,e,k,s,g
e,b,s,w,t,l,f,c,b,w,e,c,s,s,w,w,p,w,o,p,k,n,g
e,f,f,g,f,n,f,w,b,p,t,e,s,f,w,w,p,w,o,e,n,s,g
e,b,y,w,t,l,f,c,b,n,e,c,s,s,w,w,p,,o,p,n,n,m
e,x,y,w,t,l,f,c,b,w,e,c,s,s,w,w,p,w,o,p,k,n,m
p,f,y,n,t,p,f,c,n,n,e,e,s,s,w,w,p,w,o,p,k,v,g
e,x,y,y,t,l,f,c,b,w,,c,s,s,w,w,p,w,o,p,k,s,g
e,s,f,n,f,n,f,c,n,n,e,e,s,s,w,w,p,w,o,p,k,y,u
e,x,,n,t,a,f,c,b,n,e,r,s,y,w,w,p,w,o,p,k,y,g
e,f,f,g,f,,f,w,b,n,t,e,s,f,w,w,p,w,o,e,n,a,g
e,f,f,y,t,,f,w,n,n,t,b,s,s,w,w,p,w,o,p,u,v,d
e,x,s,g,f,n,f,w,b,p,t,e,f,f,w,w,p,w,o,e,n,a,g
p,f,y,n,t,p,f,c,n,n,e,e,s,s,w,w,p,w,o,p,k,v,u
e,x,f,g,f,n,f,w,b,p,t,e,s,s,w,w,p,w,o,e,k,a,g
e,x,s,g,f,n,f,w,b,h,t,e,f,s,w,w,p,w,o,e,k,a,g
e,x,f,g,f,n,f,w,b,h,t,e,f,s,w,w,p,w,o,e,k,s,g
p,x,y,n,t,p,f,c,n,n,e,e,s,s,w,w,p,w,o,p,n,s,g
e,x,f,n,f,n,f,w,b,k,t,e,f,f,w,w,p,w,o,e,n,a,g
e,f,s,w,f,n,f,w,b,k,t,e,f,s,w,w,p,w,o,e,n,s,
e,x,f,g,f,n,f,w,b,h,t,e,s,s,w,w,p,w,o,e,n,s,g
p,x,y,n,t,p,f,c,n,w,e,e,s,s,w,w,p,w,o,p,n,s,g
e,f,f,n,f,n,f,w,b,n,t,e,s,f,w,w,p,w,o,e,n,a,g
e,f,s,w,f,n,f,w,b,n,t,e,f,s,w,w,p,w,o,e,k,a,g
p,x,y,w,t,p,f,c,n,n,e,e,s,s,w,w,p,w,o,p,k,v,u
e,,f,g,f,n,f,w,b,k,t,e,s,f,w,w,p,w,o,e,n,a,g
e,b,y,y,t,l,f,c,b,k,e,c,s,s,w,w,p,w,o,p,n,n,g
e,x,s,n,f,n,f,w,b,h,t,e,f,f,w,w,p,w,o,e,n,a,g
e,f,f,n,f,n,f,w,b,k,t,e,f,s,w,w,p,w,o,e,k,a,g
p,f,s,w,t,p,f,c,n,n,e,e,s,s,w,w,p,w,o,p,k,s,g
e,x,y,n,t,a,f,c,b,w,e,r,s,y,w,w,p,w,,p,n,s,g
e,f,f,w,f,n,f,w,b,k,t,e,,s,w,w,p,w,o,e,k,a,g
e,f,y,n,t,l,f,c,Z,p,e,r,s,y,w,w,p,w,o,p,k,XXX,g
e,f,f,g,f,,f,w,b,p,t,e,s,s,w,w,p,w,o,e,k,s,g
e,f,f,g,f,n,,w,b,n,t,e,f,,w,w,p,w,o,e,n,s,g
e,f,s,g,f,n,f,w,b,h,t,e,f,f,w,w,p,w,o,e,n,s,g
e,f,f,n,f,n,f,w,,k,t,e,f,s,w,w,p,w,o,e,k,s,g
e,,s,g,f,n,f,w,b,h,t,e,s,s,w,,p,w,o,e,n,s,g
e,x,f,,f,n,f,w,b,p,t,e,f,s,w,,p,w,o,e,k,s,g
e,f,f,w,f,n,f,w,b,k,t,?,s,f,w,w,p,w,o,e,k,a,g
e,x,s,n,f,n,f,w,b,p,t,e,f,f,w,w,p,w,o,,n,s,g
,x,f,n,t,n,f,c,b,p,t,b,s,s,p,p,,w,o,p,k,v,d
e,f,s,y,t,a,f,w,n,p,t,b,s,s,w,w,p,w,o,p,u,v,d
e,x,f,w,f,n,f,w,b,p,t,e,s,s,w,w,p,w,o,e,k,s,g
e,f,s,w,,n,f,w,b,p,t,e,s,s,,w,p,w,o,e,,a,g
e,b,s,y,t,a,f,c,b,k,e,c,s,s,w,w,p,w,o,p,n,n,g
e,x,f,w,f,n,f,w,b,h,t,e,s,f,w,w,p,w,o,e,,a,g
e,x,f,g,f,n,f,w,b,k,t,e,s,f,w,w,p,w,o,e,k,a,g
p,f,s,n,t,p,f,c,Z,p,e,e,s,s,w,w,p,w,o,p,n,XXX,u
e,x,f,g,f,,f,w,b,n,t,e,f,s,w,w,p,w,o,e,k,a,g
p,x,,n,t,p,f,c,,p,e,e,s,s,w,w,p,w,o,p,k,s,g
e,f,s,w,f,n,f,w,b,k,t,e,f,f,w,w,,w,o,e,n,s,g
e,x,y,w,t,a,f,c,b,g,e,c,s,s,w,w,p,w,o,p,k,n,g
e,x,f,n,f,n,f,w,b,h,t,e,s,s,,w,p,w,o,e,k,s,g
e,x,f,n,t,n,f,c,b,n,t,?,s,s,w,p,p,w,o,p,n,y,d
e,b,y,y,t,l,f,c,b,w,,c,s,,w,w,p,w,o,p,n,s,g
e,f,f,w,f,n,f,w,b,h,t,e,s,s,w,w,p,w,o,e,n,a,g
e,x,s,n,f,n,f,w,b,n,t,e,f,s,,w,p,w,o,e,n,a,g
e,f,f,w,f,n,f,w,b,n,t,e,s,s,w,w,p,w,o,e,n,a,g
e,x,f,n,t,n,f,c,b,p,t,b,s,s,w,p,p,w,o,p,n,v,d
e,f,f,w,f,n,f,w,b,h,t,e,s,f,w,w,p,,o,e,n,s,g
e,x,s,w,f,n,f,w,b,k,t,e,s,f,w,w,p,w,o,e,k,a,g
e,x,s,n,f,n,f,w,b,n,t,e,f,f,w,w,p,w,o,e,n,a,g
e,x,f,w,f,n,f,w,b,n,t,e,f,,w,w,p,w,o,e,n,s,g
e,f,s,g,f,n,f,w,b,k,,e,f,s,w,w,p,w,o,e,k,s,g
e,x,f,g,f,n,f,w,b,n,t,e,s,s,w,w,p,w,o,e,n,a,g
e,x,f,g,f,n,f,w,b,h,t,e,f,f,w,w,p,w,o,e,k,a,g
e,f,s,n,f,,f,w,Z,h,t,e,f,s,w,w,p,w,o,e,k,XXX,g
e,f,s,w,f,n,f,w,b,p,t,e,f,f,w,w,p,w,o,e,k,a,g
e,f,y,n,t,a,f,c,,n,e,r,s,y,w,w,p,w,o,p,k,,p
p,x,y,w,t,p,f,c,n,k,e,e,s,s,w,w,p,w,o,p,n,v,g
e,f,s,g,f,n,f,w,b,h,t,e,f,s,w,w,p,w,o,e,k,a,g
p,x,y,w,t,p,f,c,n,n,e,e,s,s,w,w,p,w,o,p,k,v,g
e,b,y,w,t,a,f,c,b,k,e,c,s,s,w,w,p,w,o,p,n,s,m
e,x,s,g,f,n,f,w,b,n,t,e,s,s,w,w,p,w,o,e,k,s,g
e,f,f,g,f,n,f,w,b,h,t,e,s,f,w,w,p,w,o,e,k,a,g
e,f,f,w,f,n,f,w,b,n,t,e,s,f,w,w,p,w,o,e,n,s,g
e,f,s,g,f,n,f,w,b,h,t,e,f,f,w,w,p,w,o,e,k,s,g
e,b,y,w,t,a,f,c,,g,e,c,s,s,w,w,p,w,o,p,n,n,g
e,x,f,g,f,n,f,w,b,n,t,e,f,s,w,w,p,w,o,e,k,s,g
e,x,f,e,t,n,f,c,b,p,t,b,s,s,w,w,p,w,o,p,,v,d
e,x,y,y,t,a,f,c,b,p,e,r,s,y,w,w,p,w,o,p,k,s,p
e,x,s,w,f,n,f,w,b,k,t,e,f,f,w,w,p,w,o,e,k,s,g
e,b,s,w,t,a,f,c,b,w,e,c,s,s,w,w,p,w,o,p,n,n,m
p,x,s,n,t,p,f,c,n,k,e,e,s,s,w,w,p,w,o,,k,v,g
e,x,f,n,t,n,f,c,b,,t,b,s,s,p,p,p,w,o,p,k,y,d
e,,s,n,f,n,f,w,b,n,t,e,s,s,w,w,p,w,o,e,k,s,g
e,b,s,w,t,a,f,c,b,g,e,c,s,s,w,w,p,w,o,p,n,n,m
e,x,s,g,f,n,f,w,b,n,t,e,f,s,w,w,p,w,o,e,k,s,g
e,x,f,n,t,n,f,c,b,u,t,b,s,s,p,g,p,w,o,p,k,v,d
e,f,f,w,f,n,f,w,b,p,t,?,f,f,w,w,p,w,o,e,n,a,
e,x,f,n,f,n,f,c,n,g,e,e,s,s,w,w,p,w,,p,k,v,u
e,x,f,g,f,n,f,c,n,g,e,e,s,s,w,w,p,w,o,p,k,v,u
e,x,f,g,,n,f,c,n,p,e,e,s,s,w,w,p,w,o,p,k,y,u
e,b,y,y,t,l,f,c,b,g,e,c,s,s,,w,p,w,o,p,k,s,m
e,f,f,n,f,n,f,c,n,g,e,e,s,s,w,w,p,w,o,p,n,v,u
e,x,f,w,f,,,w,,k,t,e,s,f,w,w,p,w,o,e,n,a,g
e,f,y,n,t,a,f,c,b,w,e,r,s,y,w,w,p,w,o,p,k,s,p
e,x,y,n,t,l,f,c,b,p,e,r,s,y,w,w,,w,o,p,k,y,p
e,x,y,y,t,l,f,c,b,p,e,r,s,y,w,w,p,w,o,p,k,y,g
e,f,f,g,f,n,f,w,b,,t,e,f,s,w,w,p,w,o,e,n,a,g
e,x,y,w,t,a,f,c,,n,,c,s,s,w,w,p,w,o,p,k,,g
e,x,y,w,t,a,f,c,b,n,e,c,s,s,w,w,p,w,o,p,k,s,g
e,f,s,w,f,n,f,w,b,n,t,e,f,f,w,w,p,w,o,e,n,a,g
e,f,s,g,f,n,f,w,b,h,t,e,s,s,w,w,p,w,o,e,k,a,g
p,f,s,n,t,,f,c,n,p,e,e,s,s,w,w,p,w,o,p,k,v,u
e,x,y,y,t,l,f,c,b,n,e,c,s,s,w,w,p,w,o,p,n,s,g
e,x,f,n,f,n,f,w,b,p,t,e,s,s,w,w,p,w,,,n,s,g
e,x,f,w,f,n,f,w,b,p,t,e,f,f,w,w,p,w,o,e,k,s,g
e,x,s,y,t,l,,c,b,w,e,c,s,s,w,w,p,w,o,p,n,s,m
e,x,f,e,,n,f,c,b,p,t,b,s,s,g,p,p,w,o,p,n,v,d
e,f,,n,t,l,f,c,b,p,e,r,s,y,w,w,p,w,o,p,n,s,p
e,b,s,w,t,a,f,c,b,g,e,c,s,s,w,,p,w,o,p,k,n,g
p,x,s,n,t,p,,c,n,k,e,e,s,s,w,w,p,w,o,p,k,s,g
e,x,f,,f,??,,w,b,k,t,e,f,s,w,w,p,w,o,e,k,s,g
e,b,y,w,t,a,f,c,b,n,e,c,s,s,w,w,p,w,o,p,n,n,m
e,x,s,w,t,l,f,c,b,k,e,c,s,s,w,w,p,w,o,p,n,n,g
e,b,y,y,t,l,f,c,,k,e,c,s,s,w,w,p,w,o,p,k,s,m
e,x,y,w,t,l,f,c,b,w,e,c,s,s,w,w,p,w,o,p,n,n,g
e,x,s,y,t,a,f,c,b,g,e,c,s,s,w,w,p,w,o,p,n,n,g
e,b,s,w,t,a,f,c,b,w,e,c,s,s,w,w,p,w,o,p,k,n,g
,f,s,n,f,n,f,w,b,k,t,e,s,s,w,w,p,w,o,e,k,s,g
p,f,s,w,t,p,f,c,n,n,e,e,s,s,w,w,p,w,o,p,n,s,g
e,f,s,n,f,n,f,w,b,h,t,e,s,s,w,w,p,w,o,e,n,a,g
e,f,f,n,f,n,f,w,b,h,t,e,s,s,w,w,p,w,o,e,k,a,g
p,f,y,w,t,p,f,c,n,p,e,e,s,s,w,w,p,w,o,p,k,s,u
e,f,s,w,f,n,f,w,b,h,t,e,f,s,w,w,p,w,o,e,k,a,g
e,x,f,w,f,n,f,w,b,p,t,e,s,s,w,w,p,w,o,e,n,s,g
e,x,s,n,f,n,f,w,b,p,t,e,s,f,w,w,p,w,o,e,k,a,g
e,f,s,n,f,n,f,w,b,p,t,e,s,s,w,w,p,w,o,e,k,a,g
e,f,y,y,t,a,f,c,b,n,e,r,s,y,w,w,p,w,o,p,k,y,g
e,,f,g,f,n,f,w,b,n,t,e,f,f,w,w,p,w,o,e,k,a,g
e,x,f,n,f,n,f,w,b,n,t,?,s,s,w,w,p,w,o,e,k,a,g
p,f,,n,t,p,f,c,n,k,e,e,s,s,w,w,p,w,o,p,n,v,g
e,x,s,w,f,n,f,w,b,p,t,e,f,f,w,w,p,w,o,e,n,a,g
e,f,f,n,f,,f,w,b,p,,e,f,s,w,w,p,w,o,e,k,s,g
e,f,f,w,f,n,f,w,b,h,t,e,f,f,w,w,p,w,o,e,n,a,g
e,f,f,w,f,n,f,w,b,k,t,e,f,f,w,w,p,w,o,e,n,s,g
e,x,y,y,t,a,f,c,b,n,e,r,s,y,w,w,p,w,o,p,k,s,g
e,x,s,g,f,n,f,w,b,k,t,,f,f,w,w,p,w,o,e,n,s,g
e,x,f,g,f,n,f,w,b,k,t,e,f,f,w,w,p,w,o,e,n,a,g
e,f,f,n,f,n,f,w,b,h,t,e,f,f,w,w,p,w,o,e,k,s,g
e,f,s,n,f,n,f,w,b,p,t,e,f,s,w,w,p,w,o,e,k,a,g
e,x,f,w,f,??,f,w,b,k,t,e,s,s,w,w,p,w,o,e,k,s,g
e,,,e,t,n,f,c,b,w,t,b,s,s,g,p,p,w,o,p,n,v,d
e,x,f,n,f,n,f,w,b,p,t,e,s,s,w,w,p,w,o,e,k,a,g
p,x,s,w,t,p,f,c,n,p,e,e,s,s,w,w,p,w,o,p,n,v,g
e,,y,n,t,n,f,c,b,w,t,b,s,s,p,g,p,w,o,p,k,y,d
e,x,f,n,f,??,,w,b,n,t,e,s,f,w,w,p,w,o,e,n,s,g
p,f,y,w,t,p,f,c,n,w,e,e,s,s,w,w,p,w,o,p,n,s,g
e,f,f,g,f,n,f,w,b,k,t,e,f,s,w,w,p,w,,e,k,a,g
e,x,f,w,f,n,f,w,b,p,t,e,f,f,w,w,p,w,o,e,n,a,g
e,f,s,n,f,n,f,w,b,h,t,?,s,f,w,w,p,w,o,e,k,a,g
e,f,f,g,f,n,f,w,b,p,t,e,s,,w,w,p,w,o,e,k,a,g
e,f,s,g,f,n,f,w,b,p,t,e,f,,w,w,p,w,o,e,k,a,g
e,f,f,g,f,n,f,w,b,h,t,e,s,f,w,w,p,w,o,e,n,s,g
e,x,s,g,f,n,f,w,b,h,t,e,s,f,w,w,p,w,o,e,n,s,g
e,x,s,n,f,n,f,w,b,h,t,e,s,f,w,w,p,w,o,e,k,s,g
p,f,s,w,t,p,f,c,n,p,e,,s,s,w,w,p,w,o,p,k,v,u
e,x,s,g,f,n,f,w,b,k,t,e,f,f,w,w,p,w,o,e,n,a,g
p,x,s,w,t,p,f,c,n,p,e,e,s,s,w,w,p,w,o,p,k,s,
p,f,s,w,t,p,f,c,n,w,e,e,s,s,w,w,p,w,o,p,n,s,u
e,f,s,n,f,n,f,w,b,k,t,e,s,f,w,w,p,w,o,e,n,s,g
e,x,f,g,,n,f,w,b,k,t,e,s,s,w,w,p,w,o,e,k,a,g
e,f,s,g,f,n,f,w,b,h,t,e,s,s,w,w,p,w,o,e,,a,g
e,x,s,g,f,n,,w,b,k,t,e,s,s,w,w,p,w,o,e,k,a,g
e,f,f,g,f,n,f,w,b,n,t,?,f,s,w,w,p,w,o,e,k,a,g
e,f,f,g,f,n,f,w,b,k,t,e,,s,w,w,p,w,o,e,n,a,g
e,x,y,g,,n,f,c,b,n,t,b,s,s,g,p,p,w,o,p,n,y,d
e,x,f,n,t,n,f,c,b,n,t,b,s,,w,w,p,w,o,p,n,v,d
e,f,s,w,f,n,f,w,b,k,,e,s,f,w,w,p,w,o,e,n,a,g
p,f,y,w,t,p,f,,n,p,e,e,s,s,,w,p,w,o,p,n,v,g
p,f,y,n,t,p,f,c,n,k,e,e,s,s,w,w,p,w,o,p,n,s,g
e,x,s,w,f,n,f,w,b,p,t,e,f,s,w,w,p,w,o,e,n,a,g
p,f,s,n,t,p,f,c,n,k,e,e,s,s,w,w,p,w,o,p,n,s,g
e,f,f,n,f,n,f,w,b,h,t,e,s,f,w,w,p,w,o,e,k,s,g
e,f,s,w,f,n,f,w,b,h,t,e,f,s,w,w,p,w,o,e,n,a,g
p,f,,n,t,p,f,c,n,w,,e,s,s,w,w,p,w,o,p,k,v,g
p,f,y,w,t,p,f,c,n,p,e,e,s,s,w,w,p,w,o,p,k,v,
p,f,y,n,t,p,f,c,n,w,e,e,s,s,w,w,p,w,o,p,k,v,g
p,f,s,w,t,p,f,c,n,k,e,e,s,s,w,w,p,w,o,p,k,s,g
e,x,s,w,f,n,f,w,b,k,t,e,f,f,w,w,p,w,o,e,k,a,g
e,x,f,n,t,??,f,c,b,p,t,?,s,s,g,p,p,w,o,p,n,v,d
e,f,s,w,f,n,f,w,b,,t,,f,f,w,w,p,w,o,e,n,a,
e,f,f,g,f,n,f,w,b,p,t,e,f,s,w,w,p,w,o,e,k,a,g
p,f,y,n,t,p,f,c,n,k,e,e,s,s,w,,p,w,o,p,k,v,u
e,x,s,,f,n,f,w,b,k,t,e,f,f,w,w,p,w,o,e,n,s,g
e,x,y,e,t,n,f,c,b,n,t,b,s,s,p,w,p,w,o,p,n,y,d
e,f,s,g,f,n,f,w,b,n,t,e,f,s,w,w,p,w,,e,k,s,g
e,x,s,w,f,n,f,w,b,n,t,e,f,f,w,w,p,,o,e,n,s,g
p,f,s,w,t,p,f,c,n,p,e,e,s,s,w,w,p,w,o,p,n,s,g
e,f,f,n,f,n,f,w,b,k,t,e,f,s,,w,p,w,o,e,n,a,g
e,x,f,w,f,n,f,w,b,h,t,e,s,s,w,w,p,w,o,e,k,s,g
p,f,s,w,t,p,f,c,n,k,,e,s,s,w,w,p,w,o,p,k,,u
e,x,f,n,f,n,f,w,b,p,t,e,s,f,,w,p,w,o,e,n,a,g
e,f,f,w,f,n,f,w,b,n,t,?,s,s,w,w,p,w,o,e,n,s,g
e,x,s,w,f,n,f,w,b,h,t,e,s,s,w,w,p,w,o,e,k,s,g
e,f,s,w,f,n,f,w,b,h,t,e,f,s,w,w,p,w,o,e,n,s,g
e,b,y,y,t,a,f,c,b,w,e,c,s,s,w,w,p,w,o,p,k,n,
e,x,s,g,f,n,f,w,b,n,t,e,s,s,w,w,p,w,o,e,n,a,g
e,x,f,w,f,n,f,w,b,n,t,e,s,f,w,w,p,w,o,e,k,s,g
e,x,s,n,f,n,f,w,Z,n,t,e,f,s,w,w,p,w,o,e,,XXX,g
e,x,f,n,f,n,f,w,b,n,t,e,f,s,w,w,p,w,o,e,k,a,g
e,f,f,g,f,n,f,w,b,h,t,e,f,f,w,w,p,w,o,e,k,a,g
p,x,y,n,t,p,f,c,n,n,e,e,s,s,w,w,p,w,o,,k,s,u
e,f,s,g,f,n,f,w,b,h,t,?,f,s,w,w,p,w,o,e,k,s,
e,x,f,,t,n,f,c,b,p,t,b,s,s,w,g,p,w,o,p,k,y,d
e,f,s,w,f,n,f,w,b,n,t,e,s,f,w,w,p,w,o,e,k,a,g
e,x,f,n,t,n,f,c,b,n,t,b,s,s,g,g,p,w,o,p,k,v,d
e,x,f,,f,n,f,w,b,p,t,e,f,s,w,w,p,w,o,e,n,a,
e,x,f,w,f,n,f,w,b,n,t,e,s,f,w,w,p,w,o,e,k,a,g
p,f,s,w,t,p,f,c,n,k,e,e,s,s,w,w,p,w,o,p,n,v,g
p,f,s,w,t,p,f,c,n,p,e,e,s,s,w,w,p,w,o,p,k,v,g
e,x,s,g,f,n,f,w,b,k,t,?,f,s,w,w,p,w,o,e,n,a,
e,x,f,n,t,n,f,c,b,u,t,b,s,s,g,p,p,w,o,p,n,v,d
,x,s,g,f,n,f,w,b,k,t,e,s,f,w,w,p,w,o,e,k,s,g
e,x,y,y,t,a,f,c,b,w,e,,s,y,w,w,p,w,o,p,k,s,p
e,f,s,w,f,n,f,w,b,n,t,e,s,s,w,w,p,w,o,e,n,a,g
e,x,s,w,,n,f,w,b,p,t,e,s,s,w,w,p,w,o,e,n,a,g
e,x,f,g,f,n,f,w,b,k,t,e,f,s,w,w,p,w,o,e,k,a,g
e,,s,w,f,n,f,w,b,h,t,e,s,f,w,w,p,w,o,e,n,s,g
e,x,f,n,t,n,f,c,b,n,t,b,s,,w,w,p,w,o,p,n,y,
e,f,s,g,f,n,f,w,b,k,t,e,s,f,w,w,p,w,o,e,n,a,g
e,f,s,g,f,n,f,w,b,h,t,?,s,s,w,w,p,w,o,e,n,s,g
e,f,f,n,f,n,f,w,b,p,t,e,f,s,w,,p,w,o,e,n,s,g
e,f,s,w,f,n,f,w,b,k,t,e,s,f,w,w,p,w,o,e,n,s,g
e,f,s,w,f,n,f,w,b,h,t,e,s,s,w,w,p,w,o,e,n,a,g
e,f,,wrong,f,n,f,w,b,p,t,e,s,s,w,w,p,w,o,e,n,s,g
e,,f,w,f,n,f,,b,n,t,e,,f,w,w,p,w,o,,n,s,g
e,f,s,n,f,n,f,w,b,p,t,e,s,f,w,w,p,w,o,e,n,a,g
p,f,s,w,t,p,f,c,n,k,e,,s,s,w,w,p,w,o,p,n,s,g
e,x,f,g,f,n,f,w,b,n,t,e,f,s,w,w,p,w,o,e,n,a,g
e,b,y,,t,l,f,c,b,k,e,c,s,s,w,w,p,w,o,p,k,n,g
e,f,f,n,f,n,f,w,b,k,t,e,f,f,w,w,p,w,o,e,n,s,g
e,f,s,g,f,n,f,w,b,k,t,e,s,s,w,w,p,w,o,e,n,s,g
e,x,f,n,t,n,f,c,b,n,t,b,s,s,w,g,p,w,,p,k,,d
e,b,s,y,t,l,f,c,b,n,,c,s,s,w,w,p,w,o,p,k,s,m
e,x,s,w,f,n,f,w,b,p,t,e,s,s,w,w,p,w,o,e,k,s,g
e,f,f,n,t,n,f,c,b,n,t,b,s,s,w,p,p,w,o,p,n,y,d
p,x,s,w,t,p,f,c,n,n,e,e,s,s,w,w,p,w,o,p,n,s,g
e,f,f,w,f,n,f,w,b,n,t,e,f,s,,w,p,w,o,e,k,s,g
p,f,y,w,t,p,f,c,n,k,e,?,s,s,w,w,p,w,o,p,n,s,u
e,x,s,n,f,n,f,w,b,k,t,e,f,s,,w,p,w,o,e,n,a,g
e,f,s,n,f,n,f,w,b,n,,e,s,f,w,w,p,w,o,e,k,a,g
e,b,s,,t,l,f,c,b,g,e,c,s,s,w,w,p,w,o,p,k,n,g
e,f,s,g,f,n,f,w,b,k,t,e,f,f,w,w,p,w,o,e,n,a,g
e,x,s,g,f,n,f,w,b,k,t,e,s,f,w,w,p,w,o,e,n,a,g
e,f,f,g,f,n,f,w,b,k,t,e,f,f,w,w,p,w,o,e,k,s,g
e,x,f,g,f,n,f,w,b,k,t,e,s,s,w,w,p,,o,e,k,s,g
e,f,s,,f,n,f,w,b,n,t,e,s,s,w,w,p,w,o,e,k,a,g
p,f,s,n,t,p,f,c,n,k,e,e,s,s,w,w,p,w,o,p,k,v,g
e,f,f,g,f,n,f,w,b,p,t,e,s,f,w,w,p,w,o,e,n,a,g
e,f,s,w,f,n,f,w,b,h,t,e,s,s,,w,p,w,o,e,k,a,g
e,x,f,n,t,n,f,c,b,n,t,b,s,s,p,g,p,w,o,p,k,y,d
e,x,s,n,f,n,f,w,b,p,t,e,s,f,w,w,p,w,o,e,n,a,g
e,x,f,e,t,n,f,c,b,u,,b,,s,w,p,p,w,o,p,n,y,d
e,x,y,y,t,a,f,c,b,n,e,c,s,s,w,w,p,w,o,p,n,n,g
e,f,f,w,f,n,f,w,b,k,t,e,f,s,w,w,p,w,o,e,k,s,g
e,x,s,w,f,n,f,w,b,n,t,e,s,f,w,w,p,w,o,e,k,a,g
e,f,f,n,f,n,f,w,b,h,t,e,f,s,w,w,p,w,o,e,n,a,g
p,f,s,w,t,p,f,c,n,w,e,e,s,s,w,w,p,,o,p,k,s,u
e,,f,g,t,n,f,c,b,n,t,b,s,s,w,g,p,w,o,p,n,y,d
e,f,s,,f,n,f,w,b,n,t,e,s,s,w,w,p,w,o,e,n,s,g
e,f,f,w,f,n,f,w,b,h,t,e,s,f,w,w,p,w,o,e,k,a,g
p,f,y,n,,p,f,c,n,k,e,e,s,s,w,w,p,w,o,p,n,v,g
e,x,s,w,f,n,f,w,b,p,t,e,f,f,w,w,p,w,o,e,k,s,g
e,x,f,n,t,n,f,c,b,p,t,b,s,s,g,w,p,w,o,p,n,y,d
e,x,y,g,t,n,f,c,b,u,t,b,s,s,w,p,p,w,o,p,n,v,d
e,,y,g,t,n,f,c,b,p,t,?,s,s,w,g,p,w,o,p,n,v,d
e,f,s,n,f,n,f,w,b,k,t,e,f,f,w,w,p,w,o,e,n,s,g
e,f,s,w,f,n,f,w,b,h,t,e,f,f,w,w,p,w,o,e,n,s,g
e,f,s,n,f,n,f,w,b,k,t,e,s,f,w,w,p,w,o,e,n,a,g
e,x,s,n,f,n,f,w,b,p,t,e,f,f,w,w,p,,o,e,k,a,g
e,f,f,w,f,n,f,w,b,h,t,e,f,f,w,w,p,w,o,e,k,a,g
e,x,f,n,f,n,f,w,b,n,t,e,f,f,w,w,p,w,o,e,k,s,g
e,f,f,w,f,n,f,w,b,p,t,e,s,s,w,w,p,w,o,e,k,a,g
e,f,f,n,f,n,f,w,b,n,t,?,f,s,w,w,,w,o,e,n,a,g
e,f,s,w,f,n,f,w,b,,t,e,f,s,w,w,p,w,o,e,k,s,g
e,f,f,n,f,n,f,w,b,p,t,e,f,s,w,w,p,w,o,e,n,a,g
p,f,y,n,t,p,f,c,n,w,e,e,s,s,w,w,p,w,o,p,k,v,u
e,f,f,w,f,n,f,w,b,k,t,e,s,s,w,w,p,w,o,e,k,a,g
e,f,s,w,f,n,f,w,b,p,t,e,s,f,w,w,p,w,o,e,n,s,g
e,,f,n,f,n,f,w,b,k,t,,s,f,w,w,p,w,o,e,n,a,g
e,f,f,w,f,n,f,w,b,p,t,e,f,f,w,w,p,w,o,e,n,s,g
e,x,f,g,f,n,f,w,b,n,t,?,s,f,w,w,p,w,o,e,k,a,g
e,f,s,n,f,n,f,w,b,p,t,?,s,s,w,w,p,w,o,e,n,a,g
e,x,f,g,t,n,f,c,b,n,t,b,s,s,g,g,p,w,o,p,k,v,d
e,f,f,w,f,n,f,w,b,n,t,e,f,s,w,,p,w,o,,n,a,g
e,f,f,n,f,n,f,w,b,p,t,e,f,f,w,w,p,w,o,e,k,s,g
e,x,s,n,f,??,f,w,b,p,t,e,s,s,w,w,p,w,o,e,k,s,g
e,x,f,w,f,n,f,w,b,h,t,e,s,f,w,w,p,w,o,e,k,s,g
e,b,s,y,t,l,f,c,b,g,e,c,s,s,w,w,p,w,o,p,k,s,g
,x,y,n,t,p,f,c,n,p,e,e,s,s,w,w,p,w,o,p,k,s,g
p,f,s,n,t,p,f,c,n,p,e,e,s,s,w,w,p,w,o,p,k,v,g
e,f,f,w,f,n,f,w,b,k,t,e,s,f,w,w,p,w,o,e,k,s,g
e,f,f,n,f,n,f,w,b,k,t,e,s,s,w,w,p,w,o,e,k,s,g
p,f,y,n,t,p,f,c,n,k,e,e,s,s,w,w,p,w,o,p,k,s,g
e,f,f,n,f,n,f,w,b,p,t,e,s,f,w,w,p,w,o,e,k,s,g
p,x,s,w,t,p,f,c,n,n,e,e,s,s,w,w,p,w,o,p,n,v,u
e,f,s,n,f,n,f,w,b,k,t,e,s,,w,w,,w,o,e,n,a,g
p,f,y,w,t,p,f,c,n,n,e,e,s,s,w,w,p,w,o,,n,v,u
e,f,s,n,f,n,f,w,b,n,t,?,f,s,w,w,p,w,o,e,k,a,g
e,f,s,g,f,n,f,w,b,h,t,e,f,f,w,w,p,w,o,e,k,a,g
e,x,f,g,f,n,f,w,b,h,t,e,s,,w,w,p,w,o,e,k,a,g
e,f,f,n,f,n,f,w,b,k,t,e,s,s,w,w,p,w,o,e,n,s,g
e,x,f,g,t,??,f,c,Z,w,t,b,s,s,,p,p,w,o,p,n,XXX,d
e,x,f,n,t,n,f,c,b,p,t,b,s,s,g,p,p,w,o,p,k,v,d
e,x,f,n,f,n,f,w,b,k,t,e,s,f,w,w,p,w,o,e,n,s,g
e,x,f,g,t,n,f,c,b,w,t,b,s,s,g,w,p,w,o,p,k,y,d
e,x,s,w,f,n,f,w,b,h,t,e,s,s,w,w,p,w,o,e,n,s,g
e,f,s,w,f,n,f,w,b,h,t,e,f,f,w,w,p,w,o,e,k,a,g
e,x,s,w,f,n,f,,b,p,t,e,f,s,w,w,p,w,o,e,k,s,g
e,f,f,g,f,n,f,w,b,k,t,e,s,f,w,w,p,w,o,e,k,s,g
e,x,f,n,t,n,f,c,b,p,t,b,s,s,w,p,p,w,o,p,n,y,d
e,x,s,w,f,n,f,w,b,k,t,e,s,f,w,w,p,w,o,e,n,s,g
e,x,s,n,f,n,f,w,b,h,t,e,f,s,,w,p,w,o,e,k,s,g
e,f,,g,f,n,f,w,b,,t,e,s,f,w,w,p,w,o,e,n,s,g
p,f,y,w,t,p,f,c,n,k,e,e,s,s,w,w,p,w,o,p,n,s,g
e,f,s,n,f,n,f,w,b,k,t,,s,f,w,w,p,w,o,e,k,s,g
e,f,y,y,t,a,f,c,b,p,e,r,s,y,w,w,p,w,o,p,n,y,g
e,x,f,g,t,n,f,c,b,n,t,b,s,s,g,p,p,w,o,p,k,y,d
e,f,s,g,f,n,f,w,b,n,t,e,s,s,w,w,p,w,o,e,n,a,g
e,x,s,g,f,n,,w,b,h,t,e,f,s,w,w,p,w,o,e,n,a,g
p,f,y,w,t,p,f,c,n,p,e,e,s,s,w,w,p,w,o,p,n,s,u
e,x,s,w,f,n,f,,b,h,t,e,f,f,w,w,p,w,o,e,k,a,g
e,x,s,w,f,n,f,w,b,p,t,e,s,s,w,w,p,w,o,e,k,a,g
e,f,s,g,f,n,f,w,b,n,t,e,s,s,w,w,p,w,o,e,k,a,g
e,f,s,n,f,n,f,w,b,n,t,e,s,s,w,w,p,w,o,e,n,s,g
e,x,f,n,f,n,f,w,b,k,t,e,f,f,w,w,p,w,o,e,k,s,g
e,f,s,n,f,n,f,w,b,p,t,e,s,f,w,w,p,w,o,e,k,s,g
e,f,s,,f,n,f,w,b,n,t,e,f,f,w,w,p,w,o,e,n,a,g
e,x,f,w,f,n,f,w,b,n,t,e,s,f,w,w,,w,o,e,n,a,g
e,f,f,w,f,n,f,w,b,k,t,e,f,s,w,w,p,w,o,e,n,a,g
e,f,f,n,f,n,f,w,b,h,t,?,,f,w,w,p,w,o,e,k,a,g
e,x,y,w,,l,f,c,,g,e,c,s,s,w,w,p,w,o,p,n,s,m
e,x,s,n,f,n,f,w,b,n,t,e,f,s,w,w,p,w,o,e,k,a,g
e,x,s,g,f,n,f,w,b,h,t,e,f,f,w,w,p,w,o,,n,s,g
e,f,s,w,f,n,f,w,b,,t,e,f,s,w,w,p,w,o,,k,a,g
p,x,s,w,t,p,f,c,n,w,e,e,s,s,w,w,p,w,o,p,n,s,u
e,x,s,w,f,n,f,w,b,p,t,e,s,f,w,w,p,w,o,e,k,s,g
e,x,f,n,t,n,f,,b,n,t,b,s,s,g,p,p,w,,p,n,v,d
e,f,f,g,f,n,f,w,b,n,t,e,s,s,w,w,p,w,o,e,n,s,g
e,x,s,g,f,n,f,w,b,n,t,e,s,f,w,w,p,w,o,e,k,a,g
e,f,f,n,f,n,f,w,b,n,t,e,s,s,w,w,p,w,o,e,n,a,g
e,f,s,n,f,n,f,w,b,p,t,e,s,s,w,w,p,w,o,e,n,s,g
e,x,s,g,f,n,f,w,b,h,t,e,f,f,w,w,p,w,o,e,k,s,g
e,f,y,n,t,l,f,c,b,n,e,r,s,y,w,w,p,w,o,p,k,s,p
p,f,y,n,t,p,f,c,n,p,e,e,s,s,w,w,p,w,o,p,k,v,u
,x,s,n,f,n,f,w,b,p,t,e,,f,w,w,p,w,o,e,n,s,g
e,x,f,n,t,n,f,c,Z,p,t,b,s,s,w,w,p,w,o,p,k,XXX,d
p,f,y,w,t,p,f,c,n,w,e,e,s,s,w,w,p,w,o,p,k,s,g
p,x,s,w,t,p,f,c,n,p,e,e,s,s,w,w,p,w,o,p,k,s,u
p,f,s,n,t,p,f,c,n,p,e,e,s,s,w,w,p,w,o,p,n,s,u
e,x,f,n,t,n,f,c,b,u,t,b,s,s,g,p,p,w,o,p,k,y,d
e,b,y,w,t,l,f,c,,g,e,c,s,s,w,w,p,w,o,p,k,n,m
p,f,y,w,t,p,f,c,n,k,e,e,s,s,w,w,p,w,o,p,k,s,g
,f,f,w,f,n,f,w,b,p,t,e,s,f,w,w,p,w,o,e,k,a,g
e,x,s,w,f,n,f,w,b,n,t,e,f,s,w,w,p,w,o,e,n,s,g
e,x,f,n,t,n,f,c,b,n,t,b,s,s,g,p,p,w,o,p,k,y,d
e,x,s,n,f,n,f,w,b,h,t,e,f,s,,w,,w,o,e,k,a,g
e,f,f,n,f,n,f,w,b,p,t,e,s,s,w,w,p,w,o,e,k,s,g
e,f,f,n,f,n,f,w,b,n,t,?,f,f,w,w,p,w,o,,n,s,g
p,f,y,n,t,,f,c,n,p,e,e,s,s,w,w,p,w,o,p,n,s,u
p,f,y,w,t,p,f,c,n,w,e,e,s,s,w,w,p,w,o,p,k,v,g
e,x,s,n,f,n,f,w,b,p,t,e,s,f,w,w,p,w,o,e,k,s,g
e,f,f,g,f,n,,w,b,p,t,e,f,f,w,w,p,w,o,e,n,s,
e,x,f,n,t,n,f,c,b,n,t,b,s,s,p,g,p,w,o,p,k,v,d
e,f,s,g,f,n,f,w,b,k,t,e,f,s,w,w,p,w,o,e,n,s,g
e,f,f,n,f,n,f,w,b,h,t,e,f,s,w,w,p,w,o,e,k,a,g
p,f,s,n,t,p,f,c,n,k,e,e,s,s,w,w,p,w,o,p,n,v,u
e,x,f,n,f,n,f,w,b,n,t,e,f,f,w,w,p,w,o,e,n,a,g
p,f,y,n,t,p,f,c,n,p,e,e,s,s,w,w,p,w,o,p,,v,g
e,x,s,g,f,n,f,w,b,n,t,e,f,f,w,w,p,,o,e,k,a,g
e,f,f,w,f,n,f,w,b,p,t,e,f,f,w,w,p,w,o,e,k,s,g
e,x,s,w,f,n,f,w,b,n,t,e,s,s,w,w,p,w,o,e,n,a,g
e,x,,n,t,n,f,c,b,n,t,b,s,s,p,p,p,w,o,p,n,y,d
e,x,s,n,f,n,f,w,b,h,,e,f,s,w,w,p,w,o,e,n,s,g
p,f,s,wrong,t,p,f,c,n,k,e,?,s,s,w,w,p,w,o,p,,s,u
e,x,f,n,t,n,f,c,b,p,t,b,s,s,w,g,p,w,,p,n,v,d
e,x,s,w,f,n,f,w,b,n,t,e,f,f,w,w,p,w,o,e,k,s,g
e,f,s,w,f,n,f,w,b,k,t,e,f,s,w,w,p,w,o,e,k,s,g
e,x,,w,t,a,f,w,n,n,t,b,s,s,,w,p,w,o,p,u,v,d
e,x,f,n,f,n,f,w,b,p,t,e,f,,w,w,p,w,o,e,n,s,g
e,x,y,g,t,n,f,c,b,p,t,b,s,s,g,w,p,w,o,p,k,v,d
e,x,f,n,t,n,f,c,b,n,t,b,s,s,g,g,p,w,o,p,n,y,d
e,x,s,,t,a,f,w,n,p,t,b,s,s,w,w,p,w,o,p,u,v,d
e,f,f,g,,n,f,w,b,h,t,e,s,s,w,w,p,w,o,e,k,a,g
e,x,s,n,f,n,f,w,b,n,t,e,s,s,w,w,p,w,o,,k,s,g
e,,y,e,t,n,f,c,,u,t,b,s,s,g,w,p,w,o,p,n,y,d
e,f,s,g,f,n,f,w,,p,t,e,f,f,w,w,p,w,o,e,k,a,g
p,f,s,w,t,p,f,c,n,n,e,e,s,s,w,w,p,w,o,p,k,v,
e,f,f,w,f,n,f,w,b,p,t,e,s,f,w,w,p,w,o,e,n,s,g
e,x,f,g,f,n,f,w,b,h,t,e,s,s,w,w,p,w,o,e,n,a,g
e,f,f,n,f,n,f,w,b,k,t,e,s,f,w,w,p,w,o,e,,s,g
e,f,s,n,f,n,f,w,b,p,t,e,f,f,w,w,p,w,o,e,k,a,g
e,x,f,w,f,n,f,w,b,k,t,e,f,f,w,w,p,w,o,e,n,a,g
p,f,,w,t,p,f,c,n,p,e,e,s,s,w,w,p,w,o,p,k,s,g
e,x,f,w,f,n,f,w,b,k,t,e,f,s,w,w,p,w,o,e,n,s,g
e,f,s,n,f,n,f,w,b,k,,e,f,f,w,w,p,w,o,e,n,a,g
e,x,s,n,f,n,f,w,b,n,t,e,f,s,w,w,p,w,o,e,k,s,g
e,x,f,g,f,n,f,w,b,p,t,e,s,s,w,w,p,w,o,e,k,s,g
e,x,s,n,f,n,f,w,b,k,t,e,s,s,w,w,p,w,,e,k,a,g
e,f,y,y,t,l,f,c,b,n,e,r,s,y,w,w,p,w,o,p,k,y,g
p,x,y,n,t,p,f,c,n,n,e,e,s,s,w,w,p,w,o,p,k,v,u
e,x,f,w,f,??,f,w,b,p,t,e,s,f,w,w,p,w,o,e,k,a,g
e,f,s,w,f,n,f,w,b,k,t,e,f,f,w,w,p,w,o,e,k,s,g
e,x,s,n,f,n,f,w,b,h,t,e,s,f,w,w,p,w,o,e,n,s,g
p,f,y,n,t,p,f,c,n,p,e,e,s,s,w,w,p,w,o,p,n,s,g
e,f,f,g,f,n,,w,b,p,t,e,f,s,w,w,p,w,o,e,k,s,g
p,f,s,w,t,p,f,c,,p,e,e,s,s,w,w,p,w,o,p,n,s,u
e,f,s,n,f,n,f,w,b,n,t,e,f,s,w,w,p,w,o,e,k,s,g
e,x,s,g,f,n,f,w,b,p,t,e,f,s,w,w,p,w,o,e,,,g
e,x,f,g,f,n,f,w,b,n,t,e,s,s,w,w,p,w,o,e,k,a,g
e,f,f,n,f,n,f,w,b,n,t,e,s,s,w,w,p,w,o,e,k,s,g
e,f,s,,f,n,f,w,b,h,t,e,s,f,w,w,p,w,,e,n,s,g
e,x,s,w,f,n,f,w,b,p,t,e,s,f,w,w,p,w,o,e,n,s,g
e,x,f,n,f,n,f,w,b,k,t,e,s,f,w,w,p,w,o,e,k,a,g
e,x,f,g,f,n,f,w,b,p,t,e,s,f,w,w,p,w,o,e,k,s,g
e,f,f,,f,n,f,w,b,p,t,e,s,s,w,w,p,w,o,e,n,a,g
e,b,y,y,t,a,f,c,b,n,e,c,s,s,w,w,p,w,o,p,k,n,m
e,f,f,g,,n,f,w,b,k,t,e,s,f,w,w,p,w,o,e,n,s,g
e,x,,g,f,n,f,w,b,h,t,e,s,s,w,w,p,w,o,e,k,a,g
e,f,f,w,f,n,f,w,b,n,t,e,f,f,w,w,p,w,o,e,n,a,g
e,x,f,n,t,n,f,c,b,p,t,b,s,s,p,p,p,w,o,p,n,y,d
p,f,s,n,t,p,f,c,n,w,e,e,s,s,w,w,p,w,o,p,k,s,u
e,x,f,n,t,n,f,c,b,p,t,b,s,s,p,g,p,w,o,p,n,y,d
e,x,f,n,f,n,f,w,b,h,t,e,f,,w,w,p,w,o,e,n,a,g
e,x,f,n,t,n,f,c,b,p,t,b,s,s,w,p,p,w,o,p,k,y,d
e,x,f,w,f,n,f,w,b,n,t,?,,s,w,w,p,w,o,e,n,a,g
e,f,s,g,f,n,f,w,b,k,t,e,s,s,w,w,p,w,o,e,k,s,g
e,f,s,n,f,n,f,w,b,h,t,e,s,s,w,w,p,w,o,e,k,a,g
e,x,y,y,t,a,f,c,b,g,e,c,s,s,w,w,p,w,o,p,k,s,m
e,x,f,w,t,a,f,w,n,p,t,b,s,s,w,w,p,w,o,p,u,v,d
e,f,f,g,f,n,f,w,b,n,t,e,f,f,w,w,p,w,o,e,n,a,g
e,f,f,n,f,n,f,w,b,h,t,e,s,f,w,w,p,w,o,e,n,a,g
e,f,f,n,f,n,f,w,b,n,t,e,s,f,w,w,p,w,o,e,n,s,g
e,b,y,y,t,a,f,c,b,g,e,c,s,s,w,w,p,w,o,p,k,s,g
e,x,f,n,f,n,f,w,b,h,t,e,f,f,w,w,p,w,o,e,k,s,g
e,x,y,w,t,??,f,c,b,n,e,,s,s,w,w,p,w,o,p,n,s,g
e,f,s,w,f,n,f,w,b,n,t,e,s,f,w,w,p,w,o,e,k,s,g
e,,s,w,f,n,f,w,b,k,t,?,s,s,w,w,p,w,o,e,n,a,g
e,x,f,n,f,n,f,w,b,n,t,e,f,f,w,w,p,w,o,e,n,s,g
e,x,s,n,f,,f,w,b,n,t,e,s,f,w,w,p,w,o,e,n,a,g
e,x,s,n,f,n,f,w,b,n,t,e,f,f,w,w,p,w,o,e,n,s,g
e,x,y,n,t,n,f,c,b,w,t,b,s,s,w,w,p,w,o,p,n,,d
e,f,s,g,f,n,f,w,b,n,t,e,f,f,w,w,p,w,o,e,k,s,g
e,x,y,y,t,a,f,c,b,g,e,c,s,s,w,w,p,w,o,p,k,n,m
e,x,s,w,f,n,f,w,b,n,t,e,f,f,,w,p,w,o,e,k,a,g
p,f,y,w,t,p,f,c,n,n,e,e,s,s,w,w,p,w,o,p,k,s,u
e,f,s,w,f,n,f,w,b,h,t,e,s,s,w,w,p,w,,e,n,s,g
p,f,s,w,t,p,f,c,n,n,e,e,s,s,w,w,p,w,o,p,n,s,u
e,f,s,g,f,n,f,w,b,h,t,e,s,s,w,w,p,w,o,e,k,s,g
e,f,,g,f,n,f,w,b,k,t,e,f,f,w,w,p,w,o,e,n,s,g
p,x,s,w,t,p,f,c,n,p,e,e,s,s,w,w,p,w,o,p,n,s,g
e,x,s,g,f,n,f,w,b,p,t,e,f,f,w,w,p,w,o,,k,a,g
p,x,s,w,t,p,f,c,n,p,e,e,s,s,w,w,p,w,o,p,n,s,u
e,x,s,g,f,n,f,w,b,p,t,e,f,f,w,w,p,w,o,e,n,s,g
e,f,s,w,f,n,f,w,b,p,t,e,s,s,w,w,p,w,o,e,k,s,g
p,f,y,w,t,p,f,c,n,w,e,e,s,s,w,w,p,w,o,p,n,v,g
e,x,f,w,f,n,f,w,b,n,t,e,s,s,,w,p,w,o,e,k,a,g
e,x,s,n,f,n,f,w,b,h,t,e,s,s,w,w,p,w,o,e,k,a,g
e,x,f,w,f,n,f,w,b,p,t,e,f,f,w,w,p,w,o,e,n,s,g
e,x,f,w,f,n,f,w,b,p,t,e,f,,w,w,p,w,o,e,k,a,g
e,x,y,e,t,n,f,c,b,u,t,b,s,s,g,g,p,w,o,p,k,y,d
p,f,s,n,t,p,f,c,n,k,e,?,s,,w,w,p,w,o,p,k,s,u
e,,f,g,f,n,f,w,b,k,t,e,f,s,w,w,p,w,o,e,k,s,g
e,,y,y,t,a,f,c,,w,e,r,s,y,w,w,p,,o,p,k,y,g
e,x,f,n,f,n,f,w,b,h,t,e,s,s,w,w,p,w,o,e,n,a,g
e,f,f,n,f,n,f,w,b,k,t,e,f,f,w,w,p,w,o,e,k,a,g
e,b,s,w,t,l,f,c,b,g,e,c,s,s,w,w,p,w,o,p,k,n,m
e,f,s,g,f,n,f,w,b,k,t,e,s,f,w,w,p,w,o,e,k,a,g
e,f,f,w,f,n,f,w,b,n,t,e,f,f,w,w,p,w,o,e,k,a,g
e,f,f,n,f,n,f,w,b,h,,e,s,s,w,w,p,w,o,e,n,a,g
p,f,s,n,t,p,f,c,n,w,e,e,s,s,w,w,p,w,o,p,n,s,u
e,x,s,n,f,n,f,w,b,h,t,e,s,f,w,w,p,w,o,e,n,a,g
,b,y,y,,a,f,c,b,w,e,c,s,s,w,w,p,w,o,p,k,n,g
e,f,s,g,f,n,f,w,b,p,t,e,s,f,w,w,p,w,o,e,n,a,g
e,f,s,n,f,,f,w,b,h,t,e,s,f,w,w,p,w,o,e,k,s,g
e,x,f,g,f,n,f,w,b,h,t,e,f,s,w,w,p,w,o,e,n,a,g
e,f,s,g,f,n,f,w,b,p,,e,s,f,w,w,p,w,o,e,k,s,g
e,x,f,n,f,n,f,w,b,p,t,e,f,s,w,w,p,w,o,e,k,a,g
e,x,f,n,t,n,f,c,b,p,,b,s,s,p,g,p,w,o,p,n,v,d
e,b,y,w,t,l,f,c,,g,e,c,s,s,w,w,p,w,,p,n,n,m
e,x,f,g,t,n,f,c,b,n,t,b,s,s,g,w,p,w,o,p,n,v,d
,f,y,n,t,p,,c,n,p,e,e,s,s,w,w,p,w,o,p,k,s,g
e,x,s,w,f,n,f,w,b,h,t,e,s,s,w,w,p,w,o,e,n,a,g
p,f,s,n,t,p,f,c,n,k,e,,s,s,w,w,p,w,o,p,k,v,u
,f,s,n,f,n,f,w,b,n,t,e,s,f,w,w,p,w,o,e,n,a,g
e,f,f,n,f,n,f,w,b,k,t,e,,f,w,w,p,w,o,e,k,a,g
e,x,f,w,f,n,f,w,b,k,t,e,s,f,w,w,p,w,o,,k,a,g
e,x,f,n,f,n,f,w,b,n,t,e,f,s,w,w,p,w,o,e,n,a,g
e,f,s,n,f,n,f,w,b,n,t,e,f,f,,w,p,w,o,e,n,s,g
e,x,s,y,t,l,f,c,b,g,e,c,,s,w,w,p,w,o,p,k,s,g
e,,s,w,f,n,f,w,b,k,t,e,s,f,w,w,,w,o,e,k,a,g
e,x,s,w,f,n,f,w,b,k,t,e,f,s,w,w,p,w,o,e,k,s,g
p,x,y,n,t,p,f,c,n,p,e,e,s,s,w,w,p,w,o,p,k,v,g
e,f,f,g,f,n,f,w,b,n,t,e,,f,,w,p,w,o,e,k,a,g
p,f,y,n,t,p,f,c,n,n,e,e,s,s,w,w,p,w,o,p,k,s,g
e,f,f,w,f,n,f,w,b,n,t,e,s,s,w,w,p,w,o,e,k,a,g
e,x,f,n,t,n,f,c,b,p,t,b,s,s,p,w,p,w,o,p,k,v,d
e,x,f,g,f,n,f,w,b,k,t,e,s,f,w,w,p,w,o,e,k,s,g
p,f,s,n,t,p,f,c,n,w,e,e,s,s,w,w,p,w,o,p,n,v,u
e,f,s,g,f,n,f,w,b,h,t,?,s,,w,w,p,w,o,e,k,s,g
p,x,s,w,t,p,f,c,n,w,e,e,s,s,w,w,p,w,o,p,n,v,u
e,x,f,n,t,n,f,c,b,p,t,b,s,s,g,g,p,w,o,,n,v,d
e,x,f,n,f,n,f,w,,p,t,e,f,s,w,w,p,w,o,e,n,s,g
e,x,y,y,t,a,f,c,b,n,e,r,s,y,w,w,p,w,o,p,n,s,p
e,f,f,w,f,n,f,,b,h,t,e,f,f,w,w,p,w,o,e,k,s,g
e,f,s,w,f,n,f,w,b,p,t,e,,f,w,w,p,w,o,e,n,a,g
e,x,f,g,f,n,f,w,b,n,t,e,f,s,w,w,p,w,o,e,n,s,g
e,f,f,g,f,n,f,w,b,p,t,e,f,f,w,w,p,w,o,e,k,s,g
e,f,f,w,f,n,f,w,b,n,t,e,s,f,w,w,p,w,o,e,n,a,g
e,x,f,g,f,n,f,w,b,n,t,e,f,f,w,w,p,w,o,e,k,s,g
e,f,f,g,f,n,f,,b,k,t,e,f,f,w,w,p,w,o,e,n,a,g
e,x,f,g,t,n,f,c,b,w,t,b,s,s,w,w,p,w,o,p,n,v,d
e,x,s,g,f,n,f,w,b,p,t,e,f,s,w,w,p,w,o,e,k,a,g
e,f,s,g,f,n,f,w,b,p,t,e,f,s,w,w,p,w,o,e,k,s,g
e,x,,n,t,l,f,c,b,w,e,r,s,y,w,w,p,w,o,p,n,s,g
e,x,y,g,t,n,f,c,b,n,t,b,s,s,p,g,p,w,o,p,k,y,d
e,f,s,g,f,n,f,w,b,k,t,e,f,f,w,w,p,w,o,e,k,a,g
e,f,f,w,f,n,f,w,b,k,,e,s,f,w,w,p,w,o,e,n,s,g
e,f,s,n,f,n,f,w,b,h,t,e,f,f,w,w,p,w,o,e,n,a,g
e,f,f,w,f,n,f,w,,p,t,?,s,s,w,w,p,w,o,e,k,s,g
e,f,f,n,f,n,f,w,b,n,t,e,s,f,w,w,p,w,o,e,k,a,g
,f,s,g,f,n,f,w,b,k,t,e,s,s,w,w,p,w,o,e,k,a,g
e,x,s,n,f,n,f,w,b,n,t,e,s,s,w,w,p,w,o,e,n,s,g
e,x,f,n,t,??,f,c,b,p,t,b,s,s,w,w,p,w,o,,n,y,d
e,x,s,n,f,n,f,w,b,k,t,e,f,f,w,w,,w,o,e,n,s,g
e,x,f,n,f,n,f,w,b,k,t,e,f,s,w,w,p,w,o,e,k,a,g
e,f,s,w,f,n,f,w,b,p,t,e,f,f,w,w,p,w,o,e,n,a,g
e,x,f,n,f,n,f,c,n,p,e,e,s,s,w,w,p,w,o,p,k,y,u
p,f,s,w,t,p,f,c,n,p,e,e,s,s,w,w,p,w,o,p,k,s,u
p,f,s,n,t,p,f,c,n,p,e,e,s,s,w,w,p,w,o,p,n,v,g
e,x,,n,t,n,f,c,b,u,,b,s,s,w,g,p,w,o,p,k,v,d
e,x,s,w,f,n,f,w,b,n,t,e,f,s,w,w,p,w,o,e,n,a,g
e,f,f,g,f,n,f,w,b,k,t,e,s,s,w,w,p,w,o,e,n,a,g
e,x,s,,f,n,f,w,b,h,t,e,s,s,w,w,p,w,o,e,n,s,g
e,x,,n,f,n,f,w,b,h,t,e,f,f,w,w,p,w,o,e,n,s,g
e,x,s,g,f,n,f,w,b,h,t,e,s,s,w,w,p,w,o,e,k,s,g
e,f,f,g,f,n,f,w,b,n,t,e,f,f,w,w,p,w,o,e,k,a,g
e,f,s,n,f,n,f,w,b,p,t,e,s,f,w,w,p,w,o,e,n,s,g
e,f,s,g,f,n,f,w,b,n,t,e,s,f,w,w,p,w,o,e,k,a,g
e,x,f,e,t,n,f,c,Z,n,t,b,s,s,p,p,p,w,o,p,k,XXX,d
p,f,y,w,t,p,f,c,n,k,e,e,s,s,w,w,p,w,o,p,n,v,u
e,x,f,n,f,n,f,w,b,h,t,e,f,s,w,w,p,w,o,e,n,s,g
e,x,f,n,t,n,f,c,b,,t,b,s,s,w,g,p,,o,p,n,v,d
p,f,s,n,t,p,f,c,n,k,e,e,s,s,w,w,p,w,o,p,n,s,u
p,f,s,w,t,p,f,c,n,k,e,e,s,s,w,w,p,w,o,p,k,v,g
p,f,s,w,t,p,f,c,n,n,e,e,s,s,w,w,p,w,o,p,k,s,u
e,f,f,w,f,n,f,w,b,h,t,e,s,f,w,w,p,w,o,,n,a,g
e,f,s,n,f,n,f,w,b,h,t,e,f,s,w,w,p,w,o,e,n,s,g
e,f,f,n,f,n,f,w,b,h,t,e,f,f,w,w,p,w,o,e,k,a,g
e,x,s,n,f,n,f,w,b,h,t,e,s,f,w,w,p,w,o,e,k,a,g
e,f,s,n,f,n,f,w,b,k,t,e,s,f,w,w,p,w,o,e,k,a,g
p,f,s,w,t,p,f,c,n,p,e,e,s,s,w,w,p,w,o,p,n,,g
p,f,s,w,t,p,f,c,n,n,e,e,,s,w,w,p,w,o,p,k,v,g
e,f,s,g,f,n,f,w,b,p,t,e,f,f,w,w,p,w,o,e,n,a,g
e,x,s,n,f,n,f,w,b,k,t,e,f,s,w,w,p,w,o,e,k,a,g
e,x,s,n,f,n,f,w,b,h,t,e,f,f,w,w,p,w,o,e,n,s,g
e,x,f,n,t,n,f,c,b,w,t,b,s,s,w,g,p,w,o,p,k,v,d
e,x,f,n,t,n,f,c,b,n,t,b,s,s,g,w,p,w,o,p,n,v,d
e,f,f,w,f,n,f,w,b,p,t,e,f,s,w,w,p,w,o,e,k,a,
e,f,f,w,f,n,f,w,b,n,t,,f,s,w,w,p,w,o,e,n,s,g
e,x,f,w,f,,f,w,b,k,t,,f,f,w,w,p,w,o,e,k,a,g
e,x,s,y,t,l,f,c,b,n,e,c,s,s,w,w,p,w,o,p,n,n,m
e,f,s,g,f,n,f,w,b,n,t,e,f,f,w,w,p,w,o,e,n,a,g
e,x,s,w,f,n,f,w,b,h,t,e,s,f,w,w,p,w,o,e,n,s,g
e,x,f,n,f,n,f,w,b,n,t,e,s,s,w,w,p,w,o,e,n,s,g
e,x,f,n,f,,f,w,b,p,t,e,f,s,w,w,p,w,o,e,n,a,g
e,x,s,w,f,n,f,w,b,n,t,e,s,s,w,w,,w,o,e,n,s,g
e,x,s,n,f,n,f,w,b,h,t,e,f,f,w,w,p,w,o,e,k,s,g
e,x,s,g,,n,f,w,b,h,t,e,f,s,w,w,p,w,o,e,n,s,g
e,x,s,g,f,n,f,w,b,p,t,e,s,,w,w,p,w,o,e,k,s,g
e,f,s,w,f,n,f,w,b,p,t,e,s,s,w,,p,w,o,e,n,s,g
,x,s,n,f,n,f,w,b,n,t,e,f,f,w,w,p,w,o,e,k,a,g
e,f,f,g,f,n,f,,b,p,t,e,s,,w,w,p,,o,e,n,s,g
e,f,f,w,f,n,f,w,b,h,t,e,s,s,w,w,p,w,o,e,k,s,g
e,x,f,w,f,n,f,w,b,n,t,e,s,s,w,w,p,w,o,e,n,a,g
e,f,f,g,f,n,f,w,b,h,t,e,f,s,w,w,p,w,,e,k,s,g
e,x,f,g,f,n,f,w,b,p,t,e,s,f,w,w,p,w,o,e,k,a,g
e,x,y,y,t,a,f,c,b,g,e,c,s,s,w,w,p,w,o,p,k,n,g
e,x,s,y,t,l,f,c,b,n,e,c,s,s,w,w,p,w,o,p,k,n,g
e,x,s,w,f,n,f,w,b,p,t,e,s,f,w,w,p,w,o,e,k,a,g
,x,y,n,t,p,f,c,n,k,e,e,s,s,w,w,p,w,o,p,k,s,g
e,x,f,w,f,n,f,w,b,k,t,e,s,f,w,w,p,w,o,e,n,s,g
p,x,s,w,t,p,f,c,n,w,e,e,s,s,w,w,p,w,o,p,k,s,u
e,x,y,g,t,n,f,c,b,n,t,b,s,s,p,g,p,w,o,p,n,v,d
p,f,s,w,t,p,f,c,n,w,e,e,s,s,w,w,p,w,o,p,k,v,u
e,x,y,y,t,l,f,c,b,g,e,c,s,s,w,w,p,w,o,p,n,s,g
e,x,y,w,t,l,f,c,b,n,e,c,s,s,w,w,p,w,o,p,n,n,m
e,f,y,n,t,,f,c,b,n,e,r,s,y,w,w,p,w,o,p,n,y,p
e,x,s,w,f,n,f,w,b,n,t,e,s,f,w,,p,w,o,e,n,s,g
e,f,s,n,f,n,f,w,b,p,t,e,f,s,w,w,p,w,o,e,k,s,g
e,x,s,g,f,n,f,w,b,p,t,,s,s,w,w,p,w,o,e,k,a,g
e,x,s,w,f,n,f,w,b,n,t,e,f,s,w,w,p,w,o,e,k,a,g
e,f,s,n,f,n,f,w,,h,t,e,f,f,w,w,p,w,o,e,n,s,g
e,f,s,n,f,n,f,w,b,n,t,e,s,s,w,w,p,w,o,e,k,a,g
e,x,s,g,f,n,f,w,b,n,t,e,f,f,w,w,p,w,o,e,k,s,g
e,b,s,w,t,l,f,c,b,n,e,c,s,s,,w,p,w,o,p,n,n,g
e,x,s,g,f,n,f,w,b,p,t,e,s,s,w,w,p,w,o,e,k,s,g
e,x,s,y,,l,f,c,b,w,e,c,s,s,w,w,p,w,o,p,k,s,m
p,f,y,w,t,p,f,c,n,n,e,,s,,w,w,p,w,o,p,k,v,g
e,,s,w,f,n,f,w,b,p,t,e,f,f,w,w,p,w,o,e,k,s,g
e,f,s,n,f,n,f,w,b,h,t,e,f,f,w,w,p,w,o,e,k,s,g
e,f,s,g,f,n,f,w,b,n,t,e,s,s,w,w,p,w,o,e,n,s,g
e,f,f,g,f,n,f,w,b,h,t,e,f,s,w,w,p,w,o,e,n,s,g
e,x,y,n,t,n,f,c,b,p,t,b,s,s,g,w,p,,o,p,,y,d
e,x,f,n,t,n,f,c,b,n,t,b,s,s,g,g,p,,o,p,k,y,d
e,x,y,y,t,a,f,c,b,n,e,?,s,y,w,w,p,w,o,p,n,y,p
e,x,f,g,t,n,f,c,b,w,t,b,s,s,p,p,p,w,o,p,k,y,d
e,f,f,g,f,n,f,w,b,p,t,e,f,f,w,,p,w,o,e,n,a,g
e,f,s,n,f,n,f,w,b,h,t,e,f,s,w,w,p,w,o,e,k,s,g
e,f,s,w,f,n,f,w,b,n,t,e,s,f,w,w,p,w,o,e,n,a,g
e,x,f,g,f,n,f,w,b,k,t,e,f,s,w,w,p,,o,e,n,a,g
e,f,s,w,f,n,f,w,b,n,t,,f,f,w,w,p,w,o,e,k,s,g
e,f,f,g,f,n,f,w,b,n,t,e,f,s,w,w,p,,o,e,n,a,g
e,x,f,g,f,n,f,w,b,,t,e,s,s,w,w,p,w,o,e,n,a,g
e,x,s,n,f,n,f,w,b,k,t,?,s,f,w,w,p,w,o,e,n,a,g
e,x,f,n,t,n,f,c,b,w,t,b,s,s,w,g,p,w,o,p,k,y,d
e,f,s,w,f,n,f,w,b,k,t,e,s,s,w,w,p,w,o,e,n,s,g
e,f,f,n,f,n,f,w,b,n,t,e,f,s,w,w,p,w,o,e,k,s,g
p,f,y,n,t,p,f,c,n,w,e,e,s,s,w,w,p,w,o,p,k,s,g
e,x,f,n,t,n,f,c,b,n,t,b,s,s,p,w,p,w,o,p,k,y,d
e,x,f,n,f,n,f,w,b,p,t,e,f,f,,w,p,w,o,e,k,s,g
e,f,f,w,f,n,f,w,b,n,t,e,s,f,w,w,p,w,,e,k,s,g
p,f,y,n,t,p,f,c,n,n,e,e,s,s,w,w,p,w,o,p,n,v,u
e,f,f,g,f,n,f,w,b,k,t,e,s,s,w,w,p,w,o,e,k,s,g
e,x,f,g,t,n,f,c,b,n,t,b,s,s,w,w,p,w,o,p,k,v,
e,x,f,w,f,n,f,w,b,p,t,e,f,f,w,w,p,w,o,e,k,a,g
e,x,f,g,f,n,f,w,b,h,t,e,f,f,w,w,p,w,o,e,k,s,g
e,x,f,n,t,n,f,c,b,w,,b,s,s,g,p,p,w,o,p,n,v,d
e,x,s,g,f,,f,w,b,h,t,e,s,f,w,w,p,w,o,e,n,a,g
e,f,f,w,,n,f,w,b,p,,e,s,f,w,w,p,w,o,e,n,a,g
e,x,f,g,t,n,f,c,b,u,t,b,s,s,p,p,p,w,o,p,k,y,d
e,x,y,w,t,l,f,,b,w,e,c,s,s,w,w,p,w,o,p,k,n,g
e,x,y,w,t,l,f,c,b,k,e,c,s,s,w,w,p,w,o,p,n,n,m
e,f,s,g,f,n,f,w,b,p,t,e,f,s,w,w,p,w,o,e,n,s,g
e,f,s,w,f,n,f,w,b,,t,e,s,s,w,w,p,w,o,e,k,a,g
e,f,s,n,f,n,f,w,b,n,t,e,f,f,w,w,p,w,o,e,k,s,g
e,f,s,w,f,n,f,w,b,p,t,e,f,s,w,w,p,w,o,e,k,a,g
e,x,f,n,f,n,f,w,b,h,t,e,s,f,w,w,p,w,o,e,n,a,g
e,x,s,n,f,n,,w,b,n,t,e,s,f,w,w,p,w,o,e,n,s,g
e,b,y,y,t,a,f,c,b,g,e,c,s,s,w,w,p,w,o,p,n,n,m
p,f,y,w,t,p,f,c,n,k,e,e,s,s,w,w,p,w,o,p,k,v,g
e,x,s,n,f,n,f,w,b,k,t,?,s,f,w,w,p,w,o,e,k,a,g
e,f,,n,f,n,f,w,b,k,t,e,f,s,w,w,p,w,o,e,k,s,g
e,x,y,n,t,a,f,c,b,n,e,r,s,y,w,w,p,w,o,p,k,s,g
e,x,s,g,f,n,f,w,b,n,t,e,f,f,w,w,p,w,o,e,n,a,g
e,f,s,w,f,n,f,w,b,,t,e,f,s,w,w,p,w,o,e,n,a,g
p,x,s,n,t,p,f,c,n,n,e,e,s,s,w,w,p,w,o,p,k,v,u
e,f,s,g,f,n,f,w,Z,n,t,e,f,f,w,w,p,w,o,e,k,XXX,g
e,x,f,w,f,n,f,w,b,p,t,e,f,s,w,w,p,w,o,e,n,s,g
p,f,s,n,t,,f,c,n,n,e,e,s,s,w,w,p,w,o,p,k,v,g
e,,f,n,f,n,f,w,b,p,t,e,s,s,w,w,p,w,o,e,n,a,g
e,x,s,n,f,n,,w,b,p,t,e,f,s,w,w,p,w,o,e,k,a,g
e,x,f,n,t,n,f,c,b,u,t,b,s,s,g,p,p,w,o,p,k,v,d
e,f,s,w,f,n,f,w,b,p,t,e,f,s,w,w,p,w,o,e,k,s,g
p,f,s,w,t,p,f,c,n,p,e,e,s,s,w,w,p,w,o,p,n,v,u
,x,f,w,f,n,f,w,b,h,t,e,s,f,w,w,p,w,o,e,k,a,g
e,f,f,n,f,n,f,w,b,h,t,e,,s,w,w,p,w,o,e,n,s,g
e,f,s,g,f,n,f,w,b,p,t,e,f,f,w,w,p,w,,e,n,s,g
e,x,f,w,f,n,f,w,b,n,,e,f,f,w,w,p,w,o,e,k,a,g
e,f,y,n,t,l,f,c,b,w,e,r,s,y,w,w,p,w,o,p,n,y,g
p,f,s,w,t,p,f,c,n,w,e,e,s,s,w,w,p,w,o,p,n,s,g
e,x,f,w,f,n,f,w,b,p,t,e,s,s,w,w,p,w,o,e,n,a,
e,f,f,n,f,n,f,,n,p,e,e,s,s,w,w,p,w,o,p,k,y,u
p,f,y,n,t,p,f,c,n,w,e,e,s,s,w,w,p,w,o,p,n,s,u
e,f,s,w,f,n,f,w,b,n,t,e,s,f,w,,p,w,o,e,n,s,g
e,x,f,g,f,n,f,w,b,k,t,,f,f,w,w,p,w,o,e,n,s,g
e,f,y,y,t,a,f,c,b,n,e,r,s,y,w,w,p,w,o,p,n,y,p
e,x,f,w,f,n,f,w,b,h,t,e,f,f,w,w,p,w,o,e,n,s,g
e,x,f,w,f,n,f,w,b,h,t,?,,f,w,w,,w,o,e,k,a,g
p,f,y,n,t,p,f,c,n,,e,e,s,s,w,w,p,w,o,p,n,s,g
e,f,f,n,f,n,f,w,b,h,t,e,,s,w,w,p,w,o,e,k,s,g
e,f,f,g,f,n,f,w,b,k,t,e,s,s,w,w,p,w,o,e,n,s,g
e,x,f,n,f,n,f,w,b,n,t,e,s,s,w,w,p,w,o,e,k,s,g
,x,f,n,t,n,f,c,b,p,t,b,s,s,p,p,p,w,o,p,n,v,d
e,x,s,g,f,n,f,w,b,k,t,e,f,f,w,w,p,w,o,e,k,s,g
e,x,s,g,f,n,f,w,b,n,t,e,f,s,w,w,p,w,o,e,k,a,g
e,x,f,w,f,n,f,w,b,k,t,e,f,f,w,w,p,w,o,e,k,s,g
e,f,f,g,f,n,f,w,b,h,t,e,s,s,w,w,p,,o,e,n,s,g
e,x,f,n,t,n,f,c,b,n,t,b,s,s,w,w,p,w,o,p,k,y,
e,x,s,w,f,n,f,w,b,p,t,e,f,f,w,w,p,w,o,e,n,s,g
p,x,s,w,t,??,f,c,n,n,e,?,s,s,w,w,p,w,o,p,n,s,u
e,f,s,g,f,n,f,w,b,n,t,e,s,f,w,w,p,w,o,e,n,a,g
e,,s,n,f,n,f,w,b,k,t,e,s,s,w,w,p,w,o,e,n,s,g
e,x,f,n,t,n,f,c,b,,t,,s,s,w,g,p,w,o,p,k,v,d
e,x,y,y,t,a,f,c,b,p,e,r,s,y,w,w,p,w,o,p,n,y,g
e,x,s,g,f,n,f,w,b,k,t,e,f,f,w,w,p,w,o,e,k,a,g
e,x,f,n,f,n,f,w,b,h,t,e,f,s,w,w,p,w,o,e,k,a,g
e,x,f,w,f,n,f,w,b,k,t,e,s,s,w,w,p,w,o,e,k,a,g
e,x,y,y,t,a,f,c,b,k,e,c,s,s,w,,p,w,o,p,n,s,g
e,x,f,n,t,n,f,c,b,p,t,b,s,s,g,w,p,w,o,p,k,y,d
e,x,f,w,f,n,f,w,b,p,t,e,s,s,w,w,p,w,o,e,k,a,
e,x,f,w,f,??,f,w,b,n,t,e,f,s,w,w,p,,o,e,,a,g
p,f,s,n,t,p,f,c,n,n,e,e,s,s,w,w,p,w,o,p,n,s,u
p,f,s,w,t,p,f,c,n,k,e,e,s,s,,w,p,w,o,p,k,v,u
e,x,s,n,f,n,f,w,,p,t,e,s,s,w,w,p,w,o,e,k,a,g
e,x,f,g,f,n,f,c,n,n,e,e,s,s,w,w,p,w,o,p,n,v,u
e,f,s,n,f,n,f,w,b,p,t,e,f,f,w,w,p,w,o,e,k,s,g
e,x,s,w,f,n,f,w,b,,t,e,f,s,w,w,p,w,o,e,k,a,g
p,f,s,w,t,p,f,c,n,w,e,e,s,s,w,w,p,w,o,p,k,s,g
e,,s,y,t,a,f,c,b,k,e,c,s,s,w,w,p,w,o,p,n,s,g
e,x,f,n,f,n,f,w,b,h,t,e,f,f,w,w,p,w,,e,k,a,g
p,f,y,n,t,p,f,c,n,n,e,e,s,s,w,w,p,w,o,p,k,,u
e,x,s,g,f,n,f,w,b,h,t,e,f,f,w,w,p,w,o,e,k,a,g
e,x,s,g,f,n,f,w,b,k,t,e,s,f,w,w,p,w,o,e,n,s,g
e,x,s,w,f,n,f,w,b,n,t,e,f,s,w,w,p,w,o,e,k,s,g
p,f,s,w,t,p,f,c,n,n,e,e,s,s,w,w,p,w,o,p,n,v,u
e,f,s,w,f,n,f,w,b,k,t,e,f,f,w,w,p,w,o,e,k,a,g
e,x,f,n,,n,f,w,b,h,t,e,f,s,w,w,p,w,o,e,n,a,
e,f,f,n,f,n,f,w,b,p,t,e,s,s,w,w,p,w,o,e,n,s,g
e,x,f,,f,n,f,w,b,p,t,e,f,f,w,w,p,w,o,e,n,a,g
p,f,y,n,t,p,f,c,n,k,e,e,s,s,w,w,p,w,o,p,k,v,g
e,x,f,w,f,n,f,w,b,p,t,e,s,f,w,w,p,w,o,e,n,s,g
e,f,s,w,f,n,f,w,b,p,t,e,f,s,w,w,p,w,o,e,n,a,g
p,f,y,w,t,p,f,c,n,k,e,e,s,s,w,w,p,w,o,p,k,v,u
e,f,s,g,,n,f,w,b,p,t,e,s,f,w,w,p,w,o,e,k,a,g
e,f,y,n,t,n,f,c,b,w,t,b,s,s,w,g,p,w,o,p,n,v,d
e,x,f,g,f,n,f,w,b,h,t,e,s,f,w,w,p,w,o,e,n,a,g
e,x,f,g,t,n,f,c,b,u,t,,s,s,w,p,p,w,o,p,k,v,d
,x,y,n,t,n,f,c,b,p,t,b,s,s,p,w,p,w,o,p,n,v,d
e,f,f,n,t,n,f,c,b,n,t,?,s,s,p,g,p,w,o,p,n,y,d
e,f,y,e,t,n,f,c,b,p,t,b,s,s,,p,p,w,o,p,k,v,d
e,f,s,g,f,n,f,w,b,h,t,e,f,s,w,w,p,w,o,e,n,s,g
,x,f,g,t,n,f,c,b,u,t,b,s,s,p,p,p,w,o,p,n,y,d
e,x,y,g,t,n,f,,b,p,t,b,s,s,g,p,p,w,o,p,k,y,d
e,x,f,g,f,n,f,w,b,p,t,e,f,s,w,w,p,w,o,e,n,s,g
p,f,s,n,t,p,f,c,n,n,e,e,s,s,w,w,p,w,o,p,n,s,g
,f,f,n,t,n,f,c,b,n,t,?,s,s,g,w,p,w,o,p,k,v,d
p,x,s,n,t,,f,c,n,n,,e,s,s,w,w,p,w,o,p,k,v,g
e,x,s,w,t,a,f,c,b,n,e,c,s,s,w,w,p,w,o,p,n,s,g
e,x,s,w,f,n,f,w,b,h,t,e,s,s,w,w,p,w,o,e,k,a,g
e,x,y,y,t,a,f,c,b,g,e,c,s,s,w,w,p,w,o,p,n,s,g
p,x,f,g,f,f,f,c,b,h,e,b,k,k,n,b,p,w,o,l,h,y,g
e,f,s,n,f,n,f,w,b,k,t,e,f,s,w,w,p,w,o,e,n,a,g
e,f,s,w,f,n,f,w,b,p,t,e,f,f,w,w,p,w,o,e,n,s,g
e,x,f,n,t,n,f,c,b,p,t,b,s,s,g,g,p,w,o,p,k,v,d
e,,s,n,f,n,f,w,b,h,t,e,s,s,w,w,p,w,o,e,k,s,g
e,x,f,n,f,n,f,w,Z,h,t,e,s,f,w,w,p,w,o,e,k,XXX,g
p,x,s,w,t,p,f,c,n,p,e,e,s,s,w,w,p,w,o,p,k,v,u
e,f,f,n,t,n,f,c,b,p,t,b,s,s,p,g,p,w,o,p,n,,d
e,x,y,w,t,l,f,c,b,k,e,?,s,s,w,w,p,w,o,p,n,n,g
e,f,f,g,f,n,f,w,b,n,t,e,,s,w,w,p,w,o,e,k,s,g
e,x,y,e,t,n,f,c,b,n,t,b,s,s,w,g,p,,o,p,n,v,d
e,f,f,w,f,n,f,w,b,n,t,e,s,s,w,w,p,w,o,e,k,s,g
e,x,s,g,f,n,f,w,b,p,t,e,f,s,w,,p,w,o,e,n,a,g
e,x,y,n,t,n,,c,b,n,t,b,s,s,w,p,p,w,o,p,k,v,d
e,x,y,g,t,n,f,c,b,w,t,b,s,s,w,g,p,w,o,p,n,y,d
e,x,f,g,t,n,f,c,b,u,t,b,s,s,g,w,p,w,o,p,k,v,d
e,f,s,w,,n,f,w,b,n,t,e,f,s,w,w,p,w,o,e,n,a,g
e,x,f,g,t,n,f,c,b,u,t,b,s,s,p,w,p,w,o,p,k,v,d
e,x,f,n,t,n,f,c,b,u,t,b,s,s,g,g,p,w,o,p,n,v,d
e,x,f,e,,n,f,c,b,w,t,b,s,s,g,w,p,w,o,p,n,v,d
e,x,y,n,,n,f,c,b,w,t,b,s,s,p,g,p,w,o,p,n,y,d
e,f,f,w,f,n,f,w,b,h,t,e,f,f,w,w,p,w,o,e,n,s,g
e,x,y,n,t,n,f,c,b,p,,b,s,s,p,w,p,w,o,p,k,y,d
e,x,s,g,f,n,f,w,b,n,t,e,s,f,w,w,p,w,o,e,k,s,
e,x,f,g,f,n,f,w,b,h,t,e,f,s,w,w,p,w,o,e,k,a,g
e,f,f,w,f,n,f,w,,p,t,e,s,s,w,w,p,w,o,e,n,a,g
e,x,y,g,t,n,,c,b,p,t,b,s,s,w,p,p,w,o,p,k,v,d
p,f,y,n,t,p,f,,n,k,e,e,s,s,w,w,p,w,o,p,n,s,u
e,x,y,e,t,n,f,c,b,p,t,b,s,s,p,g,p,w,o,p,k,v,d
e,f,f,w,f,n,f,w,b,p,t,e,s,f,w,w,p,w,o,e,k,s,g
e,f,s,g,f,n,f,w,b,h,t,e,f,s,w,w,p,w,o,e,n,a,g
e,x,y,g,t,n,f,c,b,w,t,b,s,s,g,p,p,w,o,p,n,v,d
e,f,f,g,t,n,f,c,b,p,t,b,s,s,p,w,p,w,o,p,k,v,d
e,x,f,n,t,n,f,c,b,w,t,b,s,s,g,w,p,w,o,p,k,v,d
e,f,,e,t,n,f,c,b,n,t,b,s,s,w,p,p,w,o,p,k,v,d
e,x,s,w,f,n,f,w,b,h,t,e,f,s,w,w,p,w,o,e,n,a,g
e,x,f,e,t,n,f,c,b,w,t,?,s,s,w,g,p,w,o,p,n,v,d
e,x,f,n,t,n,f,c,b,p,t,b,s,s,w,p,p,w,o,p,k,v,d
e,x,f,g,t,n,f,c,b,u,t,b,,s,w,w,p,w,o,p,k,y,d
e,x,f,n,t,n,f,c,b,n,t,b,s,s,p,w,p,w,o,p,n,y,d
e,x,f,,t,a,f,w,n,w,t,b,s,s,w,w,p,w,o,p,n,v,d
e,x,f,e,t,n,f,c,b,w,t,b,s,s,g,g,p,w,o,p,n,,d
p,f,s,w,t,p,f,c,n,w,e,e,s,s,w,w,p,w,o,p,n,v,g
e,x,s,w,f,n,f,w,b,h,t,e,,f,w,w,p,w,o,e,k,s,g
e,x,f,e,t,n,f,c,b,u,t,b,s,s,g,g,p,w,o,p,n,y,d
e,x,y,n,t,n,f,c,b,w,t,b,s,s,p,p,p,w,o,p,k,v,d
e,x,f,w,f,n,f,w,b,h,,e,f,s,w,w,p,w,o,e,k,a,g
e,x,f,g,t,n,f,c,Z,w,t,b,s,s,p,w,p,w,o,p,n,XXX,d
e,x,s,g,f,n,f,w,b,n,,e,s,s,w,w,p,w,o,,n,s,g
e,x,y,e,t,n,f,c,b,w,,b,s,s,p,g,p,w,o,p,n,y,d
e,x,y,n,t,,f,c,b,u,t,b,s,s,p,w,p,w,o,p,n,v,d
e,x,s,w,f,n,f,w,b,p,t,e,f,s,w,w,p,w,o,e,k,a,g
e,x,s,n,f,n,f,w,b,n,t,e,s,f,w,w,p,w,o,e,k,a,g
e,x,s,w,f,n,f,w,b,n,,e,s,s,w,w,p,w,o,e,k,s,g
e,x,s,n,f,n,f,,b,n,t,e,s,f,w,w,p,w,o,e,k,s,g
e,,f,e,t,n,f,c,b,n,t,b,s,,p,g,p,w,o,p,n,y,d
e,f,f,w,f,n,f,w,b,n,t,e,s,f,w,w,p,,o,e,k,a,g
e,f,f,g,f,n,f,w,b,k,t,e,s,s,w,w,p,w,o,e,k,a,g
e,x,y,e,t,n,f,c,b,w,t,b,s,s,g,g,p,w,o,p,n,v,d
e,x,f,e,t,??,,c,b,p,t,b,s,s,p,w,p,w,o,p,n,y,d
e,x,y,g,t,n,f,c,b,u,t,b,s,s,w,w,p,w,,p,n,v,d
e,x,f,,t,n,f,c,b,p,t,b,s,s,w,g,p,w,o,p,k,y,d
e,f,s,n,f,n,f,w,b,h,t,e,s,s,w,w,p,w,o,e,n,s,g
e,x,s,w,f,n,f,w,b,n,t,e,,s,w,w,p,w,o,e,k,a,g
e,x,s,w,f,n,f,w,b,h,,e,s,f,w,w,p,w,o,e,k,a,g
e,x,f,w,f,n,f,w,b,k,t,e,s,s,w,w,p,w,o,e,n,a,g
e,x,f,e,t,n,f,c,b,u,t,b,s,s,g,p,p,w,o,p,n,v,d
e,x,f,n,t,n,f,c,,u,t,b,s,s,g,g,p,w,o,p,n,y,d
e,f,f,wrong,t,n,f,c,b,w,t,b,s,s,g,p,p,w,o,p,k,v,d
e,f,f,,t,l,f,w,n,p,t,b,s,s,w,w,p,w,o,p,n,v,d
e,f,f,w,f,n,f,w,b,k,t,e,f,f,w,w,p,w,o,e,k,a,g
p,f,y,w,t,p,f,c,n,n,e,e,s,s,w,w,p,w,o,p,k,s,g
e,f,f,g,t,n,f,c,b,n,t,b,s,s,g,g,p,w,o,p,k,v,d
e,x,f,n,t,n,f,c,b,w,t,b,s,s,w,g,p,w,o,p,n,v,d
e,x,s,w,f,n,f,w,b,k,t,e,f,f,w,w,p,w,o,e,n,a,g
e,x,f,w,f,n,f,w,b,h,t,e,f,f,w,w,p,,o,e,n,a,g
e,x,s,n,f,n,f,w,b,h,t,e,s,s,w,w,p,w,o,e,n,a,g
e,x,f,n,f,n,f,w,,n,t,e,s,s,w,w,p,w,o,e,n,a,g
e,x,s,g,f,n,f,w,b,h,t,e,s,s,w,w,p,w,o,e,n,a,g
e,x,y,n,t,n,f,c,b,w,t,b,s,s,g,g,p,w,o,,n,v,d
e,x,f,n,t,n,f,c,b,u,t,b,s,s,p,p,p,w,o,p,n,y,d
e,f,s,g,f,n,f,w,b,k,t,e,f,f,w,w,p,w,o,e,n,s,g
e,f,s,n,f,n,f,w,b,n,t,e,f,f,w,w,p,w,o,e,k,,g
e,x,s,g,f,n,f,w,b,p,,e,f,s,w,w,p,w,o,e,n,s,g
e,f,f,g,t,n,f,c,b,n,t,b,,s,p,w,p,w,o,p,k,y,d
e,x,s,w,f,n,f,w,b,h,t,?,f,f,w,w,p,w,o,e,n,a,g
e,f,f,n,f,n,f,w,b,k,t,e,s,f,w,w,p,w,o,e,n,a,g
e,f,s,w,f,n,f,w,b,h,t,e,f,s,w,w,p,w,o,e,k,s,g
e,x,f,g,f,n,f,w,b,k,t,e,s,s,w,w,p,w,o,e,n,s,g
e,f,f,n,f,n,f,w,b,k,t,e,s,s,w,w,p,w,o,e,n,a,g
e,f,f,n,f,n,f,w,b,p,t,e,f,f,w,w,p,w,o,e,k,a,g
e,x,f,n,t,n,f,c,b,w,t,?,s,s,w,p,p,w,o,p,n,v,d
e,f,s,g,f,n,f,w,b,h,t,e,s,f,w,w,p,w,o,e,k,a,g
e,f,s,w,f,n,f,w,b,n,t,e,f,f,w,w,p,w,o,e,n,s,
e,x,y,e,t,n,f,c,b,p,t,b,s,s,g,w,p,w,o,p,k,v,d
e,x,y,g,t,n,f,c,b,u,t,b,s,s,g,g,p,w,o,p,k,v,d
e,x,y,,t,n,f,c,b,n,t,b,s,s,g,p,p,w,o,p,k,v,d
e,x,f,g,f,n,f,w,b,h,t,e,s,s,,w,p,w,o,e,k,s,g
e,f,f,g,f,n,f,w,b,p,t,e,f,s,w,w,p,w,o,e,n,a,g
e,f,y,y,t,l,f,c,b,p,e,?,s,y,w,w,p,w,o,p,n,y,g
p,f,y,w,t,p,f,c,n,w,e,e,s,s,w,w,p,w,,p,k,v,u
e,f,s,n,f,n,f,w,b,h,t,e,f,f,,w,p,w,o,e,k,a,g
e,f,f,n,f,n,f,w,b,k,t,e,s,f,w,w,p,w,o,e,k,s,g
e,f,f,n,t,n,f,c,b,p,t,b,s,s,g,w,p,w,o,p,k,v,d
e,x,f,e,t,n,f,c,b,u,,b,s,s,g,w,p,w,o,p,k,y,d
e,f,f,g,f,,f,w,b,p,t,e,s,s,w,w,p,w,o,e,n,a,g
e,x,f,n,f,n,f,w,b,n,t,e,f,s,w,w,p,w,o,e,k,s,g
e,x,f,g,f,n,f,w,b,h,t,e,f,f,w,w,p,w,o,e,n,s,g
e,x,y,e,t,n,f,c,b,w,t,b,s,s,g,w,p,w,o,p,n,v,d
e,f,f,n,t,n,f,c,b,w,t,b,s,s,g,w,p,w,o,p,,v,d
e,x,f,n,f,n,f,w,b,p,t,e,s,,w,w,p,w,o,e,k,s,g
e,x,f,n,f,n,f,w,b,p,t,e,s,f,w,w,p,w,o,e,k,a,g
e,f,s,w,f,n,f,w,b,h,t,e,s,f,w,w,p,w,o,e,k,s,g
e,,s,g,f,n,f,w,b,p,t,e,s,s,,w,p,w,o,e,k,s,g
p,f,y,w,t,p,f,c,n,w,e,e,s,s,w,w,p,w,o,p,k,s,u
e,b,s,w,t,a,f,c,b,k,e,c,s,s,w,w,p,,o,p,n,s,g
e,x,f,n,t,n,f,c,b,w,t,?,s,s,g,w,p,w,o,p,n,v,d
e,f,f,g,f,n,f,w,b,k,t,e,f,f,w,w,p,w,o,e,k,a,g
e,x,f,n,f,n,f,w,b,k,t,?,f,s,w,w,p,w,o,e,n,s,g
e,x,s,n,f,n,f,,b,k,t,,s,f,w,w,p,w,o,e,n,s,g
e,f,s,w,t,l,f,w,n,n,t,b,s,s,w,w,p,w,o,p,u,v,d
e,x,f,w,f,n,f,w,b,h,t,?,s,s,w,w,p,w,o,e,n,a,g
e,x,s,w,f,n,f,w,b,h,t,e,f,s,w,w,p,w,o,e,k,a,g
e,x,s,g,f,n,f,w,Z,k,t,e,f,s,w,w,p,w,o,e,k,XXX,g
e,x,y,e,t,n,f,c,b,p,t,b,s,s,w,p,p,w,o,p,,v,d
e,f,f,n,t,n,f,c,b,n,t,b,s,s,g,p,p,w,o,p,k,v,d
e,x,f,n,t,n,f,c,b,n,t,b,s,s,w,w,p,w,o,p,k,v,d
e,f,f,w,f,n,f,w,b,k,t,e,s,s,w,w,p,w,o,e,k,s,g
e,f,s,n,f,n,f,w,b,n,t,e,f,s,w,w,p,w,o,e,n,s,g
p,f,s,w,t,p,f,c,n,k,e,e,s,s,w,w,p,w,o,p,n,v,u
e,f,f,n,f,n,f,w,b,p,t,e,f,f,w,w,p,w,o,,n,s,g
e,x,y,g,,n,f,c,b,w,t,b,s,s,g,g,p,w,o,p,n,y,d
e,x,y,g,t,n,f,c,b,n,t,b,s,s,g,g,p,w,o,p,n,v,d
e,x,f,g,f,n,f,w,b,p,t,e,s,s,w,w,p,w,o,e,n,a,
e,x,f,g,t,n,,c,b,w,t,b,s,s,p,p,p,w,o,p,n,v,d
e,x,y,e,t,n,f,c,b,u,t,b,s,s,p,p,p,w,o,p,n,v,d
e,x,f,g,t,n,f,c,b,p,t,b,s,s,g,p,p,w,,p,k,y,d
e,x,f,g,t,n,f,c,b,u,t,b,s,s,p,w,p,w,o,p,n,v,d
e,x,f,n,t,n,f,c,b,p,t,b,s,s,p,g,p,w,o,p,k,v,d
p,x,s,w,t,p,f,c,n,p,e,e,s,s,w,w,p,w,o,p,k,,g
e,x,f,n,f,n,f,w,b,k,t,e,s,s,w,w,p,w,o,e,k,s,g
e,x,y,n,t,n,f,c,b,w,t,b,s,s,p,,p,w,o,p,n,v,d
e,x,f,g,t,n,f,c,b,p,t,b,s,s,w,g,p,w,o,p,n,y,d
p,f,y,n,t,p,f,,n,w,e,e,s,s,w,w,p,w,o,p,n,s,g
e,x,f,g,t,n,f,c,b,u,t,b,s,s,w,g,p,w,o,p,k,y,d
e,x,f,g,f,n,f,w,b,h,t,e,s,,w,w,p,w,o,e,k,s,g
e,x,f,e,t,n,f,c,b,u,t,b,s,s,g,g,p,w,o,p,,v,d
e,f,f,n,f,n,f,w,b,k,t,e,f,s,,w,p,w,o,e,n,s,g
e,f,s,w,f,n,f,w,b,h,,e,f,f,w,w,p,w,o,e,n,a,g
e,f,s,n,f,n,f,w,b,p,t,e,s,s,w,w,p,w,o,,k,s,g
e,,y,e,t,n,f,c,b,w,t,b,s,s,w,g,p,w,o,p,n,v,d
e,f,s,n,f,n,f,w,b,k,t,e,f,f,w,w,p,w,o,e,k,s,g
e,f,f,n,t,n,f,c,b,,t,b,s,s,p,p,p,w,,p,n,v,d
e,f,s,w,f,n,f,w,b,h,t,e,s,s,w,w,p,w,o,e,k,s,g
e,x,f,n,f,n,f,w,b,k,t,e,f,,w,w,p,w,o,e,k,a,g
,f,f,n,f,n,f,w,b,h,t,?,s,f,w,,p,w,o,e,n,s,g
p,x,s,n,t,p,f,c,n,w,e,e,s,s,w,w,p,w,o,p,k,v,u
e,x,f,n,t,n,f,c,b,p,t,b,s,s,w,w,p,w,o,p,k,y,d
e,f,s,n,f,n,f,w,b,k,t,e,f,s,w,w,,w,o,e,n,s,g
p,f,y,w,,p,f,c,n,n,e,e,s,s,w,w,p,w,o,p,n,s,g
e,x,f,n,t,n,f,c,b,n,,b,s,s,p,g,p,w,o,p,n,v,d
e,x,f,g,t,n,f,c,b,u,t,b,s,s,w,p,p,w,o,p,n,y,d
e,f,f,n,f,n,f,w,b,p,t,e,f,f,w,w,p,w,o,e,n,a,g
e,x,f,e,t,n,f,c,b,p,t,b,s,s,,g,p,w,o,p,k,v,d
e,f,f,w,f,n,f,w,b,p,t,e,s,s,w,w,p,w,o,e,n,s,g
e,x,f,w,f,n,f,w,b,h,t,?,f,f,w,w,p,w,o,e,k,s,g
e,x,y,w,t,l,f,c,b,k,e,c,s,s,w,w,p,w,o,p,k,n,m
e,x,s,w,,n,f,w,b,p,t,e,f,s,w,w,p,w,o,e,n,s,g
e,x,y,g,t,n,f,,b,u,t,b,s,s,p,g,p,w,o,p,n,v,d
e,x,f,g,t,n,f,c,b,n,t,b,s,s,g,w,p,w,o,p,k,y,
e,x,s,g,f,n,f,w,b,,t,e,f,s,w,w,p,w,o,e,n,a,g
p,f,y,w,t,p,f,c,n,n,e,e,s,s,w,w,p,w,o,p,n,s,u
e,x,f,e,t,n,f,c,b,w,t,b,s,s,w,p,,w,o,p,n,v,d
p,f,s,n,t,p,f,c,n,n,e,e,s,s,w,w,p,w,o,p,k,s,u
p,f,y,n,t,p,f,c,n,w,e,e,,s,w,w,p,w,o,p,n,v,g
e,x,f,g,t,n,f,c,b,p,t,b,s,s,p,p,p,w,o,p,n,v,d
e,f,s,n,f,n,f,w,b,h,t,e,s,f,w,w,p,w,o,e,n,a,g
e,x,f,g,t,n,f,c,b,p,t,b,s,s,g,w,p,w,o,p,n,y,d
e,x,f,n,f,n,f,w,b,h,,e,s,f,w,w,p,,o,e,k,a,g
e,x,f,n,t,n,f,c,b,w,,b,s,s,p,g,p,,o,p,n,y,d
e,f,s,n,f,n,f,w,b,p,t,e,f,s,w,w,p,w,o,e,n,s,g
e,f,f,n,f,n,f,w,b,p,t,e,s,f,w,w,p,w,o,e,k,a,g
e,x,s,n,f,n,f,w,b,k,t,e,f,f,w,w,p,w,o,e,k,a,g
e,x,s,n,f,n,f,w,b,,t,e,s,f,w,w,p,w,o,e,k,s,g
e,x,f,n,t,n,f,c,b,w,t,b,s,s,g,g,p,w,o,p,n,v,d
e,x,y,,t,n,f,c,b,u,t,b,s,s,g,w,p,w,o,p,n,v,d
e,f,s,n,f,n,f,w,b,k,t,e,f,f,w,w,p,w,o,e,k,a,g
e,x,f,n,t,n,f,c,b,w,t,b,s,s,g,g,,w,o,p,k,y,d
p,f,y,w,t,,f,c,n,w,e,e,s,s,w,w,p,w,o,p,n,v,u
e,x,y,y,t,l,f,c,b,n,e,r,s,y,w,w,p,w,o,p,n,s,g
p,f,s,n,t,p,f,c,n,p,e,e,s,s,w,w,p,w,o,p,k,s,g
e,f,f,w,f,n,f,w,b,h,t,e,f,s,w,w,p,w,o,e,n,s,g
e,f,f,n,f,n,f,w,b,n,t,?,f,f,w,w,p,w,o,e,k,a,g
p,f,s,n,t,p,f,c,n,w,e,e,s,s,w,w,p,w,o,p,n,v,g
e,x,s,n,f,n,f,w,b,,t,e,f,f,w,w,p,w,o,e,n,a,g
e,x,f,n,f,n,f,w,b,n,t,e,s,f,w,w,p,w,o,e,k,s,g
e,x,f,e,t,n,f,c,b,u,t,b,s,s,g,w,p,w,o,p,k,v,d
e,f,f,n,f,n,f,w,b,k,t,e,s,s,w,w,p,w,o,e,k,a,g
e,x,f,w,f,n,f,w,b,k,t,e,s,s,w,w,p,w,o,e,n,s,
e,f,s,,f,n,f,w,b,p,t,e,f,s,w,w,p,w,o,e,n,a,g
e,f,f,w,f,n,f,w,b,h,t,e,f,s,w,w,p,w,o,,k,s,g
e,f,s,y,t,a,f,w,n,n,t,b,s,s,w,w,p,w,o,p,n,v,d
e,f,f,w,t,a,f,w,n,n,t,b,s,s,w,w,p,w,o,p,n,v,d
e,f,f,n,f,n,f,w,b,p,t,e,s,f,w,w,p,w,o,e,n,a,g
e,x,f,n,t,n,f,c,b,u,t,b,s,s,w,w,p,w,o,p,n,y,d
e,x,y,g,t,n,f,c,b,n,t,b,s,s,g,p,p,w,o,p,k,y,d
,x,f,n,t,n,f,c,b,u,t,b,s,s,w,g,p,w,o,p,n,y,d
e,x,f,n,f,n,f,w,b,k,t,e,s,f,w,w,p,w,o,e,k,s,g
e,x,f,g,t,n,f,c,b,u,t,b,s,s,,w,p,w,o,p,n,y,d
e,x,f,n,t,n,f,c,b,n,t,b,s,s,p,p,p,w,o,p,k,v,d
e,x,f,g,f,n,f,w,b,p,t,e,f,s,w,w,p,w,o,e,k,a,g
e,x,f,n,t,n,f,c,b,n,t,b,s,s,w,p,p,w,o,p,n,v,d
e,x,s,n,f,n,f,w,b,h,t,e,f,f,w,w,p,w,o,e,k,a,g
e,b,y,w,t,l,f,c,b,k,e,c,s,,w,w,p,w,o,p,k,s,m
e,x,y,e,t,n,f,c,b,u,t,b,s,s,w,p,p,w,o,p,k,v,d
e,f,s,n,f,n,f,w,b,h,t,e,s,f,w,w,p,w,o,e,n,s,g
e,x,f,e,t,n,f,c,b,w,t,b,s,s,p,p,p,w,o,p,k,y,d
e,f,y,n,t,n,f,c,b,p,t,b,s,s,g,g,p,w,o,p,k,y,d
e,x,y,g,t,n,f,c,b,u,t,b,s,s,p,g,p,w,o,p,k,v,d
e,x,s,g,f,n,f,w,b,,t,?,s,s,w,w,p,w,o,e,n,a,g
e,x,s,n,f,n,f,w,b,k,t,e,f,s,w,w,p,w,o,e,k,s,g
e,x,,g,f,n,f,w,b,p,t,e,f,f,w,w,p,w,o,e,n,a,g
e,x,s,g,f,n,f,w,b,n,t,e,s,,w,w,p,w,o,e,k,a,g
e,x,y,e,t,n,f,c,b,w,t,b,s,s,w,p,p,w,o,p,k,y,
e,f,f,g,t,n,f,c,,w,t,b,s,s,p,w,p,w,o,p,n,y,d
e,f,f,n,t,n,f,c,b,n,t,b,s,s,p,w,p,w,o,p,k,y,d
e,x,f,n,f,n,f,w,b,k,t,e,f,f,w,w,p,w,o,e,n,s,g
e,f,s,n,f,n,f,w,b,n,t,e,s,f,w,w,p,w,o,e,n,s,g
e,x,f,w,f,n,f,w,b,n,t,e,s,s,w,w,p,w,o,e,k,s,g
e,x,y,y,t,a,f,c,b,,e,r,s,y,w,w,p,w,o,p,n,s,p
e,x,f,e,t,n,f,c,b,,t,b,s,s,w,p,p,w,o,p,n,,d
e,x,f,n,f,n,f,w,b,h,t,e,f,s,w,w,p,w,o,e,k,s,g
e,x,y,n,t,n,f,,b,p,t,b,s,s,w,g,p,w,o,p,k,v,d
e,f,f,g,t,n,f,c,b,n,t,b,s,s,w,p,p,w,o,p,n,y,d
e,x,f,w,f,n,f,w,b,k,t,e,f,s,w,w,p,w,o,e,n,a,g
e,x,y,w,t,a,f,c,b,k,e,c,s,s,w,w,p,w,o,p,k,s,m
e,x,s,n,f,n,f,w,b,p,t,e,s,s,w,w,p,w,o,e,n,s,g
e,f,s,w,f,n,f,w,b,p,t,e,s,s,w,w,p,w,o,e,n,a,g
e,f,f,n,t,n,f,c,b,u,t,b,s,s,g,w,p,w,o,p,n,v,d
e,f,f,w,f,n,f,w,b,k,t,e,f,f,w,w,p,w,o,e,k,s,g
e,x,f,g,t,n,,c,b,u,t,b,s,s,g,p,,w,o,p,n,v,d
e,x,f,n,t,n,f,c,b,p,t,b,s,s,w,g,p,w,o,p,n,y,d
e,x,f,w,f,n,,w,b,p,t,e,s,f,w,w,p,w,o,e,n,a,g
e,x,s,,t,a,f,c,b,n,e,c,s,s,w,w,p,w,o,p,k,n,m
e,f,s,g,f,n,f,w,b,n,,e,f,s,w,w,p,w,o,e,n,s,g
p,f,y,n,t,p,f,c,n,n,e,?,s,s,w,w,p,w,o,p,n,v,g
e,f,f,g,f,n,f,w,b,p,t,e,f,s,w,w,p,w,o,e,n,s,g
e,x,f,n,t,,f,c,b,n,t,b,s,s,p,w,p,w,o,p,n,v,d
e,x,f,w,f,n,f,w,b,n,t,e,s,f,,w,p,w,o,e,n,s,g
e,x,y,n,t,n,f,c,b,u,t,b,s,s,p,w,p,w,o,p,k,v,d
e,x,y,e,t,n,f,c,b,p,t,b,s,s,p,p,p,w,o,p,n,v,d
p,f,s,,t,p,f,c,n,n,e,e,s,s,w,w,,w,o,p,k,v,u
e,f,s,g,f,n,f,w,b,p,t,e,s,s,w,w,p,w,o,e,n,a,g
e,x,f,g,t,n,f,c,b,n,t,?,s,s,w,g,p,,o,p,k,y,d
e,f,f,g,t,n,f,c,b,,t,b,s,s,g,p,p,w,o,p,k,y,d
e,x,f,,t,n,f,c,b,n,t,b,s,s,w,g,p,w,o,p,k,v,d
e,x,f,g,t,n,f,c,b,w,t,b,s,s,p,p,p,w,o,p,n,y,d
e,x,f,n,t,n,f,c,b,u,t,b,s,s,p,g,p,w,o,p,k,y,d
p,x,s,w,t,p,f,,n,p,e,e,s,s,w,w,p,w,o,p,n,v,u
e,x,s,y,t,l,f,c,b,k,e,c,s,s,w,w,p,w,o,p,k,n,m
e,x,f,n,t,n,f,c,b,n,t,?,s,s,p,p,p,w,o,p,n,v,d
e,,y,n,t,n,f,c,b,w,t,b,s,s,w,w,p,w,o,p,n,y,d
e,x,s,g,f,n,f,w,b,n,,e,f,f,w,w,p,w,o,e,n,s,g
e,x,y,e,t,n,f,c,b,u,t,b,s,s,w,p,p,w,o,p,n,y,d
e,x,f,g,f,n,f,w,b,k,t,e,f,s,w,w,p,w,o,e,n,s,g
e,f,s,w,f,??,f,w,b,p,t,e,f,s,w,w,p,w,o,e,n,s,g
e,x,f,n,t,n,f,c,b,n,t,b,s,s,g,g,p,w,o,p,n,v,d
e,f,f,n,t,n,f,c,,u,t,b,s,s,w,p,p,w,o,p,,v,d
e,f,f,g,f,n,f,w,b,n,t,e,s,f,w,w,p,w,o,e,k,s,g
e,f,f,g,f,n,f,w,b,n,t,e,s,s,w,,p,w,o,e,k,s,g
e,f,f,n,f,n,f,w,b,h,t,?,f,f,w,w,p,w,o,e,n,s,g
e,x,f,,t,n,f,c,b,p,t,b,s,s,g,w,p,w,o,p,k,y,d
e,x,f,e,t,n,f,c,b,n,t,b,s,s,p,g,p,w,o,p,n,y,d
p,f,y,n,t,p,f,c,n,p,e,e,,s,w,w,p,w,o,p,k,s,u
e,x,y,g,t,n,f,c,b,p,t,b,s,s,g,g,p,w,o,p,k,v,d
e,x,s,w,f,n,f,w,b,k,,?,s,f,w,w,p,w,o,e,n,a,g
e,b,s,w,t,a,f,c,b,g,e,?,s,s,w,w,p,w,o,p,n,s,m
e,x,s,w,f,n,f,w,b,h,t,e,f,f,w,w,p,w,o,e,,s,g
e,f,,n,f,n,f,w,b,k,t,e,f,f,w,w,p,w,o,e,k,s,g
e,,y,g,t,n,f,c,b,p,t,b,s,s,g,w,p,w,o,p,k,y,d
e,f,f,g,t,n,f,c,b,n,t,b,s,s,w,w,p,w,o,p,n,,d
e,x,f,g,f,n,f,w,b,p,t,e,f,s,w,w,p,w,o,e,k,s,g
p,x,s,w,t,p,f,c,n,n,e,e,s,s,w,w,p,w,o,p,k,s,g
e,x,s,n,f,n,f,w,b,k,t,e,s,s,w,w,p,w,o,e,,a,g
e,x,y,g,t,n,f,c,b,p,t,b,s,s,w,g,p,w,o,p,k,y,d
e,f,f,g,t,n,f,c,b,p,t,b,s,s,w,w,p,w,o,p,n,v,d
e,x,y,n,t,n,f,c,b,w,t,b,s,s,p,w,p,w,o,p,n,v,d
e,x,f,e,t,n,f,c,b,p,t,b,s,s,p,g,p,w,o,p,n,y,d
e,f,,n,t,n,f,c,b,w,t,b,s,s,g,p,p,w,o,p,n,y,d
e,x,f,e,t,n,f,c,b,u,t,b,s,s,g,g,,w,o,p,k,y,d
e,f,f,n,t,n,f,c,b,p,t,b,s,s,w,w,p,w,o,p,n,v,d
e,x,y,e,t,n,f,c,b,u,t,b,s,s,p,p,p,w,o,p,k,y,d
e,x,f,g,t,n,f,c,b,w,t,b,s,s,p,w,p,w,o,p,k,v,d
e,f,f,g,t,n,f,c,b,p,t,,s,s,w,w,p,w,o,p,k,v,d
e,x,f,e,t,n,f,c,b,w,t,b,s,s,g,w,,w,o,,k,v,d
e,x,y,e,t,n,f,c,b,u,t,b,s,s,g,p,p,w,o,p,n,v,d
p,x,s,w,t,p,f,c,n,w,e,e,,s,w,w,p,w,o,p,n,v,g
e,x,f,e,t,n,f,c,b,n,t,b,s,,p,g,p,w,o,p,n,v,d
,x,y,g,t,n,f,c,b,p,t,b,s,s,w,w,p,w,o,p,k,v,d
e,x,f,n,t,n,f,c,b,p,t,b,s,s,,g,p,w,o,p,n,y,d
e,x,y,e,t,n,f,c,b,w,t,b,s,s,w,g,p,w,o,p,k,y,d
e,x,y,g,t,n,f,c,b,n,t,b,s,s,g,p,p,w,o,p,k,v,d
e,x,f,g,t,n,f,c,b,n,t,b,s,s,p,p,p,w,o,p,k,v,d
e,x,y,g,t,n,f,c,b,u,t,b,s,s,g,w,p,w,o,p,k,v,d
e,x,f,e,t,n,f,c,b,p,t,b,s,s,w,w,p,w,o,p,n,y,d
e,f,y,wrong,t,n,f,c,b,n,t,b,s,s,w,w,p,w,o,p,n,y,d
e,f,f,n,t,n,f,c,b,p,t,b,s,s,g,p,p,w,o,p,k,v,d
e,x,f,n,t,n,f,c,b,u,t,b,s,,w,p,p,w,o,p,k,v,d
e,f,y,g,t,,f,c,b,w,t,b,s,s,p,p,p,w,o,p,k,v,d
e,x,y,e,t,n,f,c,b,u,t,b,s,s,p,g,p,w,o,p,n,v,d
e,x,f,g,t,n,f,c,b,p,t,?,s,s,g,g,p,w,o,p,n,y,d
e,x,y,g,t,n,f,c,b,n,t,b,s,s,w,p,p,w,o,p,k,v,d
p,x,f,g,f,f,f,c,b,p,e,b,k,k,b,b,p,w,o,l,h,y,g
p,f,s,w,t,p,f,c,n,p,e,e,s,s,w,w,p,w,o,p,k,s,g
e,x,f,e,t,n,f,c,b,n,t,b,s,s,p,w,p,w,o,p,k,v,d
e,x,f,w,f,n,,w,b,h,t,e,s,s,w,w,p,w,o,e,n,s,g
e,x,y,n,t,n,f,c,b,u,t,b,s,s,g,w,p,w,o,p,n,v,d
e,f,f,n,t,n,f,c,b,n,t,b,s,s,g,w,p,w,o,p,n,y,d
e,x,f,n,t,n,f,c,b,w,t,b,s,s,p,g,p,w,o,p,n,v,d
e,x,y,g,t,n,f,c,b,u,t,b,s,s,p,w,p,w,o,p,n,y,d
e,x,y,g,t,n,f,c,b,w,t,b,s,s,g,w,p,w,o,p,n,v,d
e,x,f,e,t,n,f,c,b,u,t,b,s,s,w,p,p,w,o,p,k,v,d
e,x,y,n,t,n,f,c,b,n,t,b,s,s,w,g,p,w,o,p,n,y,d
e,x,f,g,t,n,f,c,b,w,t,b,s,s,p,g,p,w,,p,k,y,d
e,x,f,e,t,n,f,c,b,w,t,b,s,s,p,w,p,w,o,p,k,v,
e,x,y,e,t,n,f,c,b,u,t,b,s,s,w,g,p,w,o,p,k,v,d
e,x,y,n,t,n,f,c,b,p,t,b,s,s,p,w,p,w,o,p,n,y,
e,x,y,e,t,,f,c,b,n,t,b,s,s,w,w,p,w,o,p,k,y,d
e,f,y,n,t,n,f,c,b,p,t,b,s,s,w,g,p,w,o,p,n,v,d
e,f,y,n,t,n,f,c,b,n,t,b,s,s,p,w,p,w,o,p,k,v,d
e,x,y,n,t,n,f,c,b,n,t,b,s,s,g,g,p,w,o,p,n,v,d
p,f,s,n,t,p,f,c,n,n,e,e,s,s,w,w,p,w,o,p,n,v,u
e,f,f,e,t,n,f,c,b,u,t,b,s,s,w,w,p,w,o,p,n,y,d
,x,s,w,t,p,f,c,n,w,e,e,s,s,w,w,p,w,o,p,k,s,g
e,x,f,e,t,n,f,c,b,u,t,b,s,s,g,p,p,w,o,p,k,y,
e,f,f,n,t,n,f,c,b,p,t,b,s,s,g,g,p,w,o,p,k,y,d
e,x,y,n,t,n,f,c,b,u,t,b,s,s,p,g,p,w,o,p,n,v,d
e,f,f,,t,n,f,c,b,p,t,?,s,s,w,g,p,w,o,p,n,v,d
e,x,f,e,t,n,f,c,b,n,t,b,s,s,w,g,p,w,o,p,n,y,d
e,,f,g,t,n,f,c,b,p,t,b,s,s,g,p,p,w,o,p,n,v,d
e,x,y,n,t,n,f,c,b,n,t,b,s,s,p,g,p,w,o,p,n,y,d
e,f,f,n,t,n,f,c,b,u,t,,s,s,w,g,p,w,o,p,n,v,
e,f,f,n,t,n,f,c,b,w,t,b,s,s,p,p,p,w,o,p,n,y,d
e,x,f,e,t,n,f,c,b,u,t,b,s,s,w,g,p,w,o,p,k,v,d
e,x,f,n,t,n,f,c,b,u,t,b,s,s,w,g,p,w,o,p,k,y,d
e,x,f,e,t,n,,c,b,p,t,b,s,s,g,w,p,w,o,p,n,y,d
e,f,f,g,t,n,f,c,,p,t,b,s,s,g,p,p,w,o,p,k,v,d
e,x,y,n,t,,f,c,b,u,t,b,s,s,w,p,p,w,o,p,k,y,d
e,f,f,n,t,n,f,c,b,u,t,b,s,s,w,p,p,w,o,p,n,y,d
e,x,f,e,t,n,f,c,b,n,t,b,s,s,w,p,p,w,o,p,n,y,d
e,x,y,e,t,n,f,c,b,w,t,b,s,s,p,w,p,w,o,p,n,y,d
e,x,f,g,t,n,f,c,b,p,t,b,s,s,p,g,p,w,o,p,k,y,d
e,x,y,g,t,n,f,c,Z,n,t,b,s,s,g,g,p,w,o,p,k,XXX,d
e,x,y,,t,n,f,c,b,p,t,b,s,s,p,g,p,w,o,p,n,v,d
e,x,y,g,t,n,,c,b,p,t,b,s,s,g,p,p,w,o,p,k,v,d
e,x,f,g,t,n,f,c,b,n,t,b,s,s,g,g,p,w,o,p,n,v,d
e,f,f,g,t,n,f,c,b,n,t,b,s,s,g,g,p,w,o,p,n,v,d
e,x,y,g,t,n,f,c,b,n,t,b,s,s,g,w,p,w,o,p,k,v,d
e,x,y,e,t,n,f,c,b,n,t,,s,s,w,g,p,w,o,p,n,y,d
e,f,f,n,t,n,f,c,b,p,t,b,s,s,w,p,p,w,o,p,k,v,d
e,f,f,n,t,n,f,c,b,w,,b,s,s,g,w,p,w,o,p,k,y,d
e,x,y,e,t,n,f,c,b,p,t,b,s,s,w,w,p,w,o,p,n,v,d
p,x,f,g,f,f,,c,b,p,e,b,k,k,n,p,p,w,o,l,h,y,d
e,x,y,,t,n,f,c,b,u,t,?,s,s,p,w,p,w,o,p,k,y,
e,x,f,e,t,n,f,c,b,w,t,?,s,s,p,g,p,w,o,p,n,y,d
e,x,y,n,t,n,f,c,b,u,t,b,s,,g,p,p,w,o,p,n,v,d
e,f,f,n,t,n,f,c,b,p,t,b,s,s,g,w,p,w,,p,n,y,d
e,x,y,e,t,n,f,c,b,,t,b,s,s,g,p,,w,o,p,k,v,d
e,f,f,n,t,n,f,c,b,p,t,b,s,s,g,g,,w,o,p,k,v,d
e,f,y,n,t,n,f,c,b,p,t,b,s,s,w,g,p,w,o,p,k,y,d
e,f,f,g,t,n,f,c,b,p,t,b,s,s,w,p,p,w,o,,k,y,d
e,x,f,e,t,n,f,c,b,n,t,b,s,s,p,w,p,w,o,p,k,y,d
e,x,f,g,t,n,f,c,b,w,t,b,s,s,g,p,p,w,o,p,k,v,d
e,x,f,g,t,n,f,c,b,u,t,b,s,s,g,w,p,w,o,p,n,v,d
e,x,f,n,t,n,f,c,b,u,t,b,s,s,p,w,p,w,o,p,k,v,d
,x,f,g,t,n,,c,b,w,t,b,s,s,w,g,p,w,o,p,k,y,d
e,x,s,g,f,n,f,w,b,k,t,e,s,s,w,w,p,w,o,e,n,s,g
e,x,y,e,t,n,,c,b,u,t,b,s,s,p,g,p,w,o,p,k,y,
e,f,f,g,t,n,f,c,b,p,t,b,s,s,p,g,p,w,o,p,k,y,d
e,x,y,e,t,n,f,c,b,n,t,b,s,s,g,w,p,w,o,p,n,v,d
e,f,f,g,t,n,f,c,b,n,t,b,s,s,g,p,p,w,o,p,k,v,d
e,x,f,g,t,n,f,c,b,u,t,,s,s,w,p,p,w,o,p,k,y,d
e,x,f,g,t,n,f,c,b,n,t,?,s,s,p,p,p,w,o,p,n,v,d
e,f,f,g,t,n,f,c,b,p,t,b,s,s,w,p,p,w,o,p,n,y,d
e,x,s,w,f,n,f,w,b,p,t,e,s,f,w,w,p,w,o,e,n,a,g
e,x,f,n,t,n,f,c,b,w,t,b,s,s,g,w,,w,o,p,n,y,d
e,f,f,n,t,n,f,c,b,w,t,b,s,s,p,p,p,w,o,p,k,v,d
e,f,f,g,t,n,f,c,b,p,t,b,s,s,g,g,p,w,o,p,k,y,d
e,x,y,g,t,n,f,c,b,w,t,b,s,s,w,w,p,w,o,p,k,y,d
e,x,f,e,t,n,f,c,b,u,t,b,s,s,w,w,p,w,o,p,n,v,d
e,x,y,e,t,n,f,c,b,u,t,b,s,s,g,p,p,w,o,p,k,v,d
e,x,f,n,t,n,f,c,b,w,t,b,s,s,g,p,p,w,o,p,k,y,d
e,f,y,g,t,n,f,c,b,w,t,b,s,s,w,w,p,w,o,p,k,y,d
e,x,y,g,t,n,f,c,b,w,t,b,s,s,p,p,p,w,o,p,n,v,d
p,x,s,p,f,c,f,w,n,g,e,b,s,s,w,w,,w,o,p,n,s,d
e,x,y,n,t,n,f,c,b,p,t,b,s,s,g,p,p,w,o,p,n,y,d
e,f,f,g,t,n,f,c,b,n,t,b,s,s,p,w,p,w,o,p,k,v,d
e,x,,e,t,n,f,c,b,p,t,?,s,s,w,p,p,w,o,p,k,y,d
e,,f,n,t,n,f,c,b,p,t,b,s,s,,w,p,w,o,p,,v,d
e,x,y,n,t,n,f,c,b,w,t,?,s,s,w,g,p,w,o,p,n,v,d
e,x,f,g,t,,f,c,,w,t,b,s,s,g,w,p,w,o,p,n,y,d
e,f,f,n,t,n,f,c,b,p,t,b,s,s,g,w,p,w,o,p,n,v,d
e,x,y,n,t,n,f,c,b,n,t,b,s,s,p,w,p,w,o,p,k,v,d
e,x,y,n,t,n,f,c,b,w,t,b,s,s,,w,p,w,o,p,k,v,d
e,x,f,e,t,n,f,c,b,w,t,b,s,s,p,w,p,w,,p,n,v,d
e,f,f,g,t,n,,c,b,p,t,b,s,s,w,p,p,w,o,p,k,v,d
e,x,y,e,t,n,f,c,b,n,t,b,s,s,w,w,p,w,o,p,n,v,d
e,x,y,e,t,n,f,c,b,u,t,b,s,s,g,g,p,w,o,p,n,v,d
e,f,f,n,t,n,f,c,b,w,t,b,s,s,p,g,p,w,o,p,n,y,d
e,x,f,e,t,n,f,c,b,p,,b,s,s,w,p,p,w,o,p,k,v,d
e,x,f,e,t,n,f,c,b,n,t,b,s,s,p,p,p,w,o,p,n,y,d
e,,f,w,f,n,f,,b,k,t,e,f,f,w,w,p,w,o,e,n,s,g
e,x,y,g,t,n,f,c,b,p,t,b,s,s,g,g,p,w,o,p,k,y,d
e,x,f,e,t,n,f,c,b,p,t,b,s,s,g,w,p,w,o,p,k,v,d
e,x,y,g,t,n,f,c,b,p,t,b,s,s,p,w,p,w,o,p,n,v,d
e,x,f,e,t,n,f,c,b,w,t,b,s,s,w,p,p,w,o,p,k,v,d
e,x,f,g,t,n,f,c,b,p,t,b,s,s,w,w,p,w,o,p,n,,d
e,f,y,e,t,n,f,c,b,p,,b,s,s,w,g,p,w,o,p,n,v,d
e,f,y,g,t,n,f,c,b,p,t,b,s,s,p,g,p,w,o,p,k,v,d
e,x,y,e,t,n,f,c,b,p,t,b,s,s,p,w,p,w,o,p,k,y,d
e,x,y,g,t,n,f,c,b,p,t,b,s,s,w,g,p,w,o,p,n,y,d
e,f,f,g,f,n,f,w,b,h,t,e,s,f,w,w,p,w,o,e,k,s,g
p,x,f,g,f,f,f,c,b,g,e,b,k,k,b,p,p,w,o,l,h,y,p
e,x,f,e,t,n,f,c,b,p,t,b,s,s,g,w,p,w,o,p,k,y,d
e,x,y,e,t,n,f,c,b,w,t,b,s,s,w,g,p,w,o,p,n,y,d
p,f,s,w,t,p,f,c,n,w,e,e,s,s,w,w,p,w,o,p,k,v,g
e,f,y,n,t,n,f,c,b,u,t,b,s,s,w,w,p,w,o,p,k,y,d
e,x,f,e,t,n,f,c,b,n,t,b,s,s,p,w,p,w,o,p,n,y,d
e,x,y,e,t,n,f,c,b,n,t,b,s,s,p,g,p,w,o,p,k,v,d
e,x,f,g,t,n,,c,b,n,t,b,s,s,g,w,p,w,o,p,k,v,d
e,x,y,g,,n,f,c,b,p,t,b,s,s,g,p,p,w,o,p,n,v,d
e,x,f,g,f,n,f,w,b,n,t,e,f,f,w,w,p,w,o,e,n,a,g
e,x,f,n,t,n,f,c,b,u,t,b,s,s,g,w,p,w,o,p,n,y,d
e,f,f,e,t,n,f,c,b,n,t,b,s,s,g,w,p,w,o,p,k,y,d
e,x,y,g,t,n,f,c,b,u,t,b,s,s,g,g,p,w,o,p,n,y,d
e,f,f,n,t,n,f,c,b,w,t,b,s,s,g,p,p,w,o,p,k,y,d
e,f,,g,f,n,f,,b,h,t,e,f,f,w,w,p,w,o,e,n,s,g
e,f,f,g,t,n,f,c,b,p,t,b,s,s,p,w,p,w,o,p,n,v,d
e,,y,n,t,n,f,c,b,w,t,b,s,s,w,w,p,w,o,p,k,v,d
e,f,f,,t,n,f,c,b,p,t,b,s,s,p,p,p,w,o,p,k,y,d
e,f,y,n,t,n,f,c,b,u,t,b,s,s,w,w,p,w,o,p,n,y,d
e,x,f,g,t,??,f,c,b,w,t,b,s,s,p,g,p,w,o,p,n,v,d
e,x,y,e,t,n,f,c,b,u,t,b,s,s,p,w,p,w,o,p,n,v,d
e,x,y,n,t,n,f,c,b,n,,b,,s,p,p,p,w,o,p,n,v,d
e,f,s,g,f,n,f,w,b,n,t,e,f,s,w,w,p,w,o,e,n,a,g
e,x,f,n,t,n,f,c,b,w,t,?,s,s,w,p,p,w,o,p,k,y,d
e,f,f,n,t,n,f,c,b,n,t,b,s,s,w,g,p,w,o,p,k,y,d
e,x,y,e,t,n,f,c,b,w,t,b,s,s,p,p,p,w,o,p,n,y,d
e,x,y,e,t,n,f,c,b,w,t,b,s,s,p,g,p,w,o,p,k,y,d
e,x,y,n,t,n,f,c,b,n,t,b,s,s,p,w,p,w,o,p,k,y,d
e,f,s,w,f,n,f,w,b,h,t,e,s,f,w,w,p,w,o,e,k,a,g
e,x,y,n,t,n,f,c,b,p,t,b,s,s,g,,p,w,o,p,n,v,d
e,x,y,e,t,n,f,c,b,p,t,b,s,s,w,w,p,w,o,p,k,y,d
e,x,f,g,t,n,f,c,b,p,t,b,s,s,p,g,p,w,o,p,n,v,d
e,f,f,g,t,n,f,c,b,n,t,b,s,s,p,w,p,w,o,p,n,v,d
e,f,f,n,f,n,f,w,b,n,t,e,s,f,w,w,p,w,o,e,k,s,g
e,f,f,g,t,n,f,c,b,n,t,b,s,s,w,p,p,w,o,p,k,v,d
e,x,y,,t,n,f,c,b,u,t,?,s,s,g,w,p,w,o,p,k,y,d
e,f,f,g,t,n,f,c,Z,n,t,b,s,s,w,g,p,w,o,p,k,XXX,d
e,x,y,n,t,n,f,c,b,u,t,,s,s,w,p,p,w,o,p,n,y,d
e,x,f,e,t,n,f,c,b,u,t,b,s,s,p,g,p,w,o,p,k,y,d
e,x,f,n,t,n,f,c,b,w,t,b,s,s,w,p,p,w,o,p,n,y,d
e,x,f,g,t,,f,c,Z,n,t,b,s,s,w,w,p,w,o,p,n,XXX,d
e,f,f,g,t,n,f,c,b,w,t,b,s,s,g,,p,w,o,p,n,v,d
e,x,f,n,t,n,f,c,b,p,t,b,s,s,,g,p,w,o,p,k,y,d
e,x,y,n,t,n,f,c,b,u,t,b,s,s,p,g,p,w,o,p,n,y,d
e,x,f,e,t,n,f,c,b,p,t,b,s,s,w,g,p,w,o,p,n,v,d
e,f,f,g,t,n,f,c,b,n,,b,s,s,w,g,p,w,o,p,k,y,d
e,x,y,n,t,n,f,c,b,p,t,b,s,s,w,p,p,w,o,,k,y,d
p,x,s,p,f,c,f,w,n,n,e,b,s,s,w,w,p,w,o,p,k,v,d
e,f,y,g,t,n,f,c,b,w,t,b,s,s,g,w,p,w,o,p,k,y,d
e,f,f,n,t,n,f,c,b,p,t,b,s,s,w,g,p,w,o,p,n,y,d
p,f,s,n,t,p,f,c,n,p,e,e,s,s,w,w,p,w,o,p,k,s,u
e,x,,n,t,n,f,c,b,u,t,b,s,s,w,g,p,w,o,p,k,y,d
e,x,y,g,t,n,f,c,b,u,t,b,s,s,g,g,p,w,o,p,k,y,d
e,x,y,e,t,n,f,c,b,n,t,?,s,s,g,g,p,w,o,p,k,v,d
e,x,y,e,t,n,f,c,b,n,t,b,s,s,p,w,p,w,o,p,n,v,
e,x,y,e,,n,f,c,Z,p,t,b,s,s,w,g,p,w,o,p,k,XXX,d
e,x,f,g,t,n,f,c,b,p,,b,s,s,p,g,p,w,o,p,n,y,d
e,f,s,w,f,n,f,w,b,n,t,e,,s,w,w,p,w,o,e,k,s,g
e,x,y,g,,n,f,c,b,p,t,b,s,s,w,p,p,w,o,p,n,v,d
e,x,f,n,f,n,,w,b,p,t,e,s,f,w,w,p,w,,e,n,s,g
e,x,f,n,t,n,f,c,b,w,t,,s,s,g,p,p,w,o,p,n,y,d
e,x,y,g,t,n,f,c,b,p,t,b,s,s,p,p,p,w,o,p,k,v,d
e,x,y,e,t,n,f,c,b,p,t,b,s,s,w,p,p,w,o,p,n,v,d
e,x,y,n,t,??,f,c,b,u,t,b,s,s,g,p,p,w,o,p,k,v,d
e,x,f,g,t,n,f,c,b,w,t,b,s,s,p,w,p,w,o,p,n,v,d
e,x,f,g,t,n,f,c,b,w,t,b,s,s,p,w,p,w,o,p,,y,d
e,x,y,g,t,n,f,c,b,w,t,b,s,s,p,g,p,w,o,p,k,v,d
e,x,y,g,t,n,f,c,b,n,t,b,s,s,p,p,p,,o,p,n,y,d
e,f,y,g,t,n,f,c,b,p,t,b,s,s,g,g,p,w,o,,n,v,d
e,x,f,,t,n,f,c,b,p,t,b,s,s,w,w,p,w,o,p,k,v,d
e,x,y,e,t,n,f,c,b,n,t,b,s,s,g,w,p,w,o,p,k,y,d
e,x,f,n,t,,f,c,b,w,t,b,s,s,p,w,p,w,o,p,n,v,d
e,x,f,n,t,n,f,c,,w,t,b,s,s,p,p,p,w,o,p,n,y,d
e,f,f,n,t,n,f,c,b,n,t,b,s,s,g,g,p,w,o,p,k,v,d
e,f,f,n,t,n,f,c,b,p,t,b,s,s,p,p,p,w,o,p,n,y,d
e,x,y,g,t,n,f,c,b,u,t,b,s,s,p,p,p,w,o,p,n,v,d
e,x,f,e,t,n,f,c,b,w,t,b,s,s,w,g,p,w,o,p,k,y,
e,f,y,n,t,n,f,c,b,w,t,b,s,s,p,g,p,w,o,p,k,v,d
e,x,y,e,t,n,f,c,,p,t,b,s,s,w,w,p,w,o,p,k,v,d
e,f,y,n,t,n,f,c,b,w,t,b,s,s,w,p,p,w,o,p,k,y,d
e,x,y,g,t,n,f,c,b,p,t,b,s,s,w,w,p,w,o,p,k,y,d
e,f,f,n,t,n,f,c,b,n,t,b,s,s,p,w,p,w,o,p,n,v,d
e,x,y,g,t,n,f,c,b,w,t,b,s,s,g,p,p,w,o,p,k,y,d
e,x,y,e,t,n,f,c,b,w,t,b,s,s,p,p,p,w,o,p,k,v,d
e,x,y,n,t,n,f,c,b,p,t,b,s,s,w,,p,w,o,p,k,y,d
e,x,f,g,t,n,f,c,Z,w,t,b,s,s,w,p,p,w,o,p,k,XXX,d
e,x,f,e,t,n,f,c,b,u,t,b,s,s,w,g,p,w,o,p,n,y,d
e,,f,n,t,n,f,c,b,u,t,b,s,s,p,p,p,w,o,p,k,v,d
e,f,f,n,t,n,f,c,b,w,t,b,s,s,g,w,p,w,o,p,n,y,d
e,f,y,g,t,n,f,c,b,u,t,b,s,s,p,p,p,w,o,p,n,v,d
e,x,f,n,t,n,f,c,b,w,t,b,s,s,p,w,p,w,o,p,k,v,d
e,x,y,e,t,n,f,c,b,w,t,b,s,s,p,w,p,w,o,p,k,y,d
e,f,f,n,t,n,f,c,b,w,t,b,s,s,p,g,,w,o,p,k,v,d
e,x,y,n,t,n,f,c,b,w,t,b,s,s,g,p,p,w,o,p,k,v,d
e,f,f,n,t,n,f,c,b,n,t,b,s,s,w,p,p,w,o,p,k,y,d
e,x,y,e,t,,f,c,b,u,t,b,s,s,w,g,p,w,o,p,n,y,d
e,x,y,e,t,n,f,c,b,u,t,b,s,s,p,g,p,w,o,p,n,y,d
e,x,f,g,t,n,f,c,b,w,t,b,s,s,g,g,p,w,o,p,n,v,d
e,x,f,g,t,n,f,c,b,p,t,b,s,s,w,p,p,w,o,p,n,v,
e,f,f,e,t,n,f,c,b,u,t,b,s,s,w,p,p,w,o,p,n,v,d
e,x,f,n,t,n,f,c,b,w,t,b,s,s,w,g,p,w,o,p,n,y,d
e,x,y,e,t,n,f,c,b,n,t,b,s,s,p,p,p,w,o,p,n,y,d
e,x,y,g,t,n,f,c,b,u,t,b,s,s,p,w,p,w,o,p,n,v,d
e,x,y,g,t,n,f,c,b,u,t,b,s,s,w,,p,w,o,p,k,y,d
e,x,,e,t,n,f,c,b,u,t,b,s,s,p,w,p,w,o,p,n,v,d
e,f,f,n,t,n,f,c,b,w,t,b,s,s,w,w,p,w,o,p,n,v,d
e,x,y,n,t,n,f,c,b,p,t,?,s,s,p,p,p,w,o,p,n,y,d
e,x,y,g,t,n,f,c,b,u,t,b,s,s,g,p,p,w,o,p,k,v,d
e,x,f,w,f,n,f,w,b,h,t,e,s,f,w,w,p,w,o,e,n,s,g
e,f,y,g,t,n,f,c,b,w,t,b,s,s,g,g,p,w,o,p,n,y,d
e,f,s,g,f,n,f,w,,n,t,e,f,f,w,w,p,w,o,e,n,s,g
e,f,f,n,t,n,f,c,b,u,t,b,s,s,g,w,p,w,o,p,n,y,d
e,x,y,e,t,n,f,c,b,w,t,b,s,s,w,w,p,w,o,p,k,y,d
p,f,y,w,t,p,f,c,n,w,e,e,s,s,w,w,p,w,o,p,n,s,u
e,x,y,g,t,n,f,c,b,n,t,b,s,s,w,g,p,w,,p,k,v,d
e,f,f,n,t,n,f,c,b,w,t,b,s,s,w,w,p,w,o,p,k,y,d
,x,f,g,t,n,f,c,b,w,t,b,s,s,g,g,,w,o,p,n,y,d
e,x,f,e,t,n,f,c,b,n,t,b,s,s,p,g,p,w,o,p,k,v,d
e,f,f,g,t,n,f,c,b,n,t,b,,s,g,w,p,w,o,p,k,v,d
e,,y,n,t,n,f,c,b,p,t,b,s,s,p,g,p,w,o,p,n,y,d
e,x,y,e,t,n,f,c,b,,t,,s,s,p,w,p,w,o,p,k,y,d
e,x,y,n,t,n,f,c,b,n,t,?,s,s,p,g,p,w,o,p,n,v,d
e,x,y,n,t,n,f,c,b,n,t,b,,s,w,w,p,w,o,p,n,y,d
e,f,f,n,t,n,f,c,b,,t,b,s,,g,w,p,w,o,p,k,y,d
e,x,,g,t,n,f,c,b,u,t,b,s,s,g,p,p,w,o,p,k,y,d
e,x,y,n,t,n,f,c,b,n,t,b,s,s,w,p,p,w,o,p,k,y,d
e,x,f,e,t,n,f,c,,w,t,?,s,s,w,g,p,w,o,p,k,v,d
e,f,f,n,t,n,f,c,b,p,t,b,s,s,p,,p,w,o,p,k,y,d
e,x,f,e,t,n,f,c,b,n,t,b,s,s,w,w,,w,o,p,k,v,d
e,f,s,w,f,n,,w,b,k,t,e,s,s,w,w,p,w,o,e,n,a,g
e,x,y,,t,n,f,c,b,n,t,b,s,s,g,w,p,w,o,p,k,v,d
e,x,f,g,t,n,f,c,b,w,t,b,s,s,g,g,p,w,o,p,k,y,d
e,x,f,n,t,n,f,c,b,w,t,b,s,s,p,w,p,w,o,p,k,y,d
e,x,f,e,t,n,f,c,b,,t,b,s,s,g,g,p,w,o,p,n,y,d
e,f,f,n,t,n,f,c,b,n,t,b,s,s,g,p,p,w,o,p,k,y,d
e,x,f,n,t,n,f,c,b,u,t,b,s,s,w,p,p,w,o,p,n,v,d
e,x,y,n,t,n,f,c,b,p,t,b,s,s,w,g,p,w,o,p,n,y,d
p,f,s,w,t,p,f,c,n,w,e,e,s,s,w,w,p,w,o,p,n,v,u
e,,f,g,t,n,f,c,b,w,t,b,s,s,g,g,p,w,o,p,k,v,d
e,f,s,w,f,n,f,w,b,k,t,e,s,s,w,w,p,w,o,e,k,s,g
e,x,,g,f,n,f,w,b,p,t,e,s,f,w,w,p,w,o,e,n,s,g
e,x,f,g,t,n,f,c,b,p,t,b,s,s,p,g,p,w,o,p,k,v,d
e,f,f,n,t,n,f,,b,n,t,b,s,s,p,g,p,w,o,p,k,y,d
e,x,f,e,t,n,f,c,b,n,t,b,s,s,g,g,p,w,o,p,k,v,d
e,x,y,g,t,n,f,c,b,n,t,b,s,s,p,g,p,w,o,p,k,v,d
e,f,f,n,t,n,f,c,,u,t,b,s,s,w,g,p,w,o,p,k,y,d
e,x,f,n,t,n,f,c,b,w,t,b,s,s,p,p,p,w,o,p,n,v,d
p,x,f,g,f,f,f,c,b,h,e,b,k,k,n,n,p,w,o,l,h,y,d
e,x,y,e,t,n,f,c,b,w,t,b,s,s,g,g,p,w,o,p,k,y,d
e,x,f,n,f,n,f,w,b,h,t,e,s,s,w,w,p,w,o,e,k,a,g
p,x,s,w,t,p,f,c,n,n,e,e,s,s,w,,p,w,o,p,n,v,g
e,x,y,g,t,n,f,c,b,p,t,b,s,s,p,p,p,w,o,p,n,y,d
e,f,f,n,t,n,f,c,b,n,t,b,s,s,w,w,p,w,o,p,n,,d
e,x,f,n,t,n,f,c,b,p,t,b,s,s,g,p,p,w,o,p,k,y,d
e,x,y,g,t,n,f,c,b,u,t,b,,s,p,w,p,w,,p,k,v,d
e,x,y,g,t,n,f,,b,w,t,b,s,s,p,p,p,w,o,p,k,v,d
e,f,f,n,t,n,f,c,b,u,t,b,s,s,p,p,p,w,o,p,n,v,d
e,f,f,n,t,n,f,c,b,u,,,s,s,g,w,p,w,o,p,k,y,d
e,x,f,g,t,n,f,c,b,u,t,b,s,s,w,g,p,w,o,p,k,v,d
e,f,f,g,t,n,f,c,b,n,t,b,s,s,g,p,p,w,o,p,n,y,d
e,x,y,e,t,n,f,c,b,u,t,b,s,s,g,g,p,w,o,p,,y,d
e,x,f,e,t,n,f,c,b,n,t,b,s,s,w,w,p,w,o,p,k,y,d
p,x,s,w,t,p,f,c,n,,e,e,s,s,w,w,p,w,o,p,,v,g
e,f,f,g,t,n,f,c,b,n,t,b,s,s,w,w,p,w,o,,k,v,d
e,x,f,g,t,n,f,c,b,p,t,b,s,s,g,p,p,w,o,p,k,v,d
e,f,y,e,t,n,f,c,b,w,t,b,s,s,w,p,p,w,o,p,k,v,d
e,f,y,g,t,n,f,c,b,p,t,?,s,s,p,p,p,w,o,p,k,v,d
,x,y,n,t,n,f,c,b,w,t,b,s,s,w,,p,w,o,p,n,v,d
e,x,y,e,t,n,,c,b,w,t,b,s,s,g,w,p,w,o,p,n,y,d
e,x,f,e,t,n,f,c,b,w,t,b,s,s,w,w,p,w,o,p,n,y,d
e,x,y,e,t,n,f,c,b,w,t,b,s,s,g,w,p,w,o,p,k,y,d
e,f,f,g,t,n,f,c,b,n,t,?,s,s,p,g,p,w,o,p,n,y,d
e,x,f,g,t,n,f,c,b,p,t,b,s,s,,w,p,w,o,p,k,v,d
e,f,f,n,t,n,f,c,b,p,t,b,s,s,w,p,p,w,o,p,n,v,d
e,x,y,n,t,n,f,c,b,p,t,b,s,s,p,p,p,w,o,p,n,v,d
e,x,y,g,t,n,f,c,b,n,t,b,s,s,p,p,p,w,o,p,k,v,d
e,x,f,g,t,n,f,c,b,u,t,b,s,,p,p,p,w,o,p,n,v,d
e,x,y,n,t,n,f,c,b,p,t,b,s,s,p,,p,w,o,p,k,y,d
e,f,f,n,t,n,f,c,b,w,t,b,s,s,g,p,p,w,o,p,n,v,d
e,x,y,n,t,n,f,c,b,u,t,b,s,s,g,w,p,w,o,p,k,y,d
e,x,y,n,t,n,f,c,b,p,t,b,,s,p,g,p,w,o,p,k,y,d
e,f,f,n,t,n,f,c,b,p,t,b,s,s,p,g,p,w,o,p,k,v,d
e,x,f,n,t,n,f,c,b,u,t,b,s,,p,,p,w,o,p,n,y,d
e,x,f,n,t,n,f,c,b,p,t,b,s,s,g,w,p,w,o,p,n,v,d
e,x,y,n,t,n,f,c,b,p,t,b,s,s,g,,p,w,o,p,k,y,d
e,f,f,g,t,n,f,c,b,n,t,b,s,s,p,p,p,w,o,p,n,y,d
e,x,,e,t,n,f,c,b,u,t,b,s,s,w,w,p,w,o,p,n,y,d
e,f,f,n,t,n,f,c,b,p,t,b,s,s,g,g,p,w,o,p,n,v,d
p,x,s,p,f,c,f,c,,g,e,b,s,s,w,w,p,w,o,,k,v,d
e,x,f,e,t,n,f,c,b,u,t,?,s,s,p,p,p,w,o,p,n,y,d
e,f,f,n,t,n,f,c,,w,t,b,s,s,p,g,p,w,o,p,k,y,d
e,x,f,n,t,??,f,c,b,w,t,b,s,s,p,p,p,w,o,p,k,y,d
e,f,f,e,t,n,f,c,b,u,t,b,s,s,p,g,p,w,o,p,n,v,d
e,x,y,e,t,n,f,c,b,n,t,b,s,s,w,g,p,w,o,p,k,y,d
e,x,f,g,,n,f,c,b,w,t,?,s,s,w,g,p,w,o,p,n,y,d
e,x,f,g,t,n,,c,b,n,t,,s,s,p,w,p,w,o,p,n,y,d
e,x,f,g,t,n,f,c,b,p,t,b,s,s,g,w,p,w,o,p,k,v,d
e,x,f,g,t,n,f,c,b,u,t,b,s,s,p,g,p,w,o,p,n,y,d
e,f,f,g,t,n,f,c,b,p,t,b,s,s,w,g,p,w,o,p,n,y,d
e,x,f,e,t,n,f,c,Z,u,t,b,s,s,w,g,p,w,o,p,n,XXX,d
e,f,y,n,t,n,f,c,b,p,t,b,s,s,p,g,p,w,o,p,k,y,d
e,f,y,e,t,n,f,c,b,u,t,b,s,s,g,w,p,w,o,p,k,v,d
e,x,y,g,t,n,f,c,b,u,t,b,,s,w,w,p,w,o,p,n,y,d
e,x,y,g,t,n,f,c,b,w,t,b,s,s,,p,p,w,o,,k,y,d
e,x,f,g,t,n,f,c,b,n,t,b,s,s,p,w,p,w,,p,k,y,d
p,x,f,g,f,f,f,c,b,h,e,b,k,k,b,b,p,w,o,l,h,y,g
e,x,y,n,t,n,f,c,b,u,t,?,s,s,w,p,p,,o,p,k,v,d
e,x,y,e,t,n,f,c,b,,t,b,s,s,g,p,p,w,o,p,n,y,d
e,x,f,n,t,n,f,c,b,w,t,b,s,s,p,g,p,w,o,p,k,v,d
e,f,f,n,t,n,f,c,b,p,t,b,s,s,w,w,p,w,o,p,n,y,d
e,,f,n,t,n,f,c,b,p,t,b,,s,p,w,p,w,o,p,k,v,d
e,f,f,g,t,n,f,c,b,n,t,b,s,s,w,w,p,w,o,p,k,y,d
e,f,f,g,t,n,f,c,b,p,t,b,s,s,p,w,p,w,o,p,n,y,d
e,x,y,g,t,n,f,c,b,w,t,b,s,s,p,p,p,w,o,p,n,y,d
e,x,f,g,f,n,f,w,b,k,t,e,s,f,,w,p,w,o,e,n,a,g
e,x,y,g,t,n,f,c,b,n,t,b,s,s,w,w,p,w,o,p,k,y,d
e,x,f,e,t,n,f,c,b,p,t,b,s,s,w,p,p,w,o,p,k,y,d
e,f,f,n,t,n,f,c,b,p,t,b,s,s,p,p,,w,,p,k,v,d
e,x,y,e,t,n,f,c,b,n,t,b,s,s,g,w,p,w,o,p,n,y,d
e,x,f,g,t,n,,c,b,p,t,?,s,s,w,w,p,w,o,p,n,v,d
e,x,f,n,t,,f,c,b,p,t,b,s,s,g,g,p,w,o,p,k,y,d
e,x,y,e,t,n,f,c,b,w,t,b,s,s,w,p,p,w,o,,n,v,d
e,x,f,n,t,n,f,c,b,w,t,b,s,s,w,p,p,w,o,p,k,v,d
e,f,f,g,t,n,f,c,b,p,t,b,s,s,w,w,p,w,o,p,k,y,d
e,x,y,g,,n,f,c,b,n,t,b,s,s,g,w,p,w,o,p,k,y,d
e,x,y,g,t,n,f,c,b,u,t,b,s,s,w,p,p,w,o,p,k,v,d
e,f,f,,t,n,f,c,b,u,t,b,s,s,p,w,p,w,o,p,n,y,d
e,x,f,g,t,n,f,c,b,,t,b,s,s,g,g,p,w,o,p,k,v,d
e,f,f,n,t,n,f,c,b,p,t,?,s,s,g,p,p,w,o,p,n,v,d
e,x,y,e,t,n,f,c,b,p,t,b,s,s,p,w,p,w,o,p,k,v,d
e,x,f,n,t,??,f,c,b,u,t,b,s,s,p,p,p,w,o,p,k,y,d
e,x,y,g,t,n,f,c,b,w,t,b,s,s,g,p,p,w,o,p,k,v,d
e,f,f,g,t,n,f,c,b,p,t,b,s,s,w,g,p,w,o,p,k,v,d
,x,f,g,t,n,f,c,b,p,t,b,s,s,w,g,p,w,o,p,n,v,d
e,x,f,n,,n,f,c,b,w,t,b,s,s,g,g,p,w,o,p,k,v,d
e,x,y,g,,n,f,c,,w,t,b,s,s,p,w,p,w,o,p,n,v,d
e,x,y,g,t,n,f,c,b,p,t,b,s,s,w,p,p,w,o,p,n,y,d
e,x,y,e,t,n,f,c,b,n,t,b,s,s,w,p,p,w,o,p,n,v,d
e,x,y,n,t,n,f,c,b,w,t,b,s,s,p,g,p,w,o,p,k,v,d
e,x,y,g,t,n,f,c,,u,t,b,s,s,,,p,w,o,p,k,y,d
p,f,y,n,t,p,f,c,n,k,e,e,s,s,w,w,p,w,o,p,k,s,u
e,x,s,g,f,,f,w,b,n,t,e,f,s,,w,p,w,o,e,n,s,g
e,x,f,g,t,n,f,c,b,u,t,b,s,s,,p,p,w,o,p,k,v,d
e,x,f,e,t,n,f,c,b,n,t,b,s,s,w,g,p,w,o,p,k,y,d
p,x,s,p,f,,f,w,n,u,e,b,s,s,w,w,p,w,o,p,n,s,d
e,x,y,n,t,n,f,c,b,w,t,b,,s,p,p,p,w,o,p,k,y,d
e,x,f,e,t,n,f,c,b,p,t,b,s,s,w,g,p,w,o,p,k,v,d
e,x,y,n,t,n,f,c,b,p,t,b,s,s,w,w,,w,o,p,n,y,d
e,x,y,e,t,n,f,c,b,u,t,b,s,s,p,g,p,,o,p,k,v,d
e,x,s,w,f,n,f,w,b,k,t,e,s,s,w,w,p,w,o,e,n,s,g
e,f,f,g,t,n,f,c,b,p,t,b,s,s,g,p,p,w,o,p,n,v,d
e,x,y,g,t,n,f,,b,n,t,b,s,s,g,p,p,w,o,p,n,v,d
e,x,y,g,t,n,f,c,b,n,t,b,s,s,p,p,p,w,o,p,n,v,d
e,x,f,e,t,n,f,c,b,n,t,b,s,s,g,w,p,w,o,p,n,y,d
e,x,y,g,t,n,f,c,b,n,t,b,s,s,p,w,p,w,o,p,k,v,d
e,x,y,g,t,n,f,c,b,w,t,b,s,s,w,p,p,w,o,p,n,v,d
e,x,f,e,t,n,f,c,b,p,t,b,s,s,g,p,p,w,o,p,k,y,d
p,f,y,w,t,p,f,c,n,p,e,e,s,s,w,w,p,w,o,p,n,v,u
e,f,f,n,t,n,f,c,b,u,t,b,s,s,w,w,p,w,o,p,n,y,d
e,x,f,e,t,n,f,c,b,w,t,b,s,s,g,w,p,w,o,p,k,y,d
,x,f,e,t,n,f,c,b,n,t,b,s,s,p,p,p,w,o,p,n,v,d
e,x,y,g,t,n,f,c,b,p,t,b,s,s,w,g,p,w,o,p,k,v,d
e,f,s,w,f,n,f,w,b,h,t,e,f,f,w,,p,w,o,e,k,s,g
e,x,f,n,f,n,f,w,b,k,t,e,f,s,w,w,p,w,o,e,n,a,g
e,x,f,n,t,n,f,c,b,w,t,b,s,s,p,p,p,w,o,p,k,v,d
e,f,f,n,t,n,f,c,b,n,t,b,s,s,p,g,p,w,o,p,n,v,d
e,x,y,e,t,n,f,c,b,p,t,b,s,s,w,g,p,w,o,p,n,y,d
e,x,y,e,t,n,f,c,b,u,t,b,s,s,p,p,p,w,o,p,n,y,d
e,x,y,e,t,n,,c,b,p,t,b,,s,p,w,p,w,o,p,n,y,d
e,f,f,n,t,n,f,c,b,,t,b,s,s,w,p,p,w,o,p,k,y,d
e,x,f,g,t,n,f,c,b,w,t,b,s,s,w,w,p,w,o,p,k,v,d
e,f,f,n,t,n,f,c,b,w,t,b,s,s,w,g,p,w,o,p,k,v,d
e,f,f,e,t,n,f,c,b,n,t,b,s,s,w,p,p,w,o,p,n,y,d
e,x,y,e,t,n,f,c,b,w,t,b,s,s,p,p,p,w,o,p,n,v,d
p,x,s,w,f,c,f,w,n,p,e,b,s,s,w,w,p,w,o,p,n,s,d
e,f,f,n,t,n,f,c,b,u,t,b,s,s,p,p,p,w,o,p,k,y,d
e,f,f,g,t,n,f,c,b,p,t,b,s,s,p,p,p,w,o,p,n,y,d
e,f,f,n,t,n,f,c,b,u,t,b,s,s,w,w,p,w,o,p,k,v,d
e,x,y,n,t,n,f,c,b,p,t,b,s,s,p,g,p,w,o,p,k,v,d
e,x,f,e,t,n,f,c,b,w,,b,s,,g,p,p,w,o,p,k,y,d
e,f,s,w,f,n,f,w,b,n,t,e,f,s,,w,p,w,o,e,,s,g
e,x,y,wrong,t,n,f,c,b,u,t,b,s,s,p,p,p,w,o,p,n,y,d
e,x,f,e,t,n,f,c,b,p,t,b,s,,p,p,p,w,o,p,k,,d
e,f,f,n,t,n,f,c,b,n,t,b,,s,w,g,,w,o,p,n,v,d
e,f,f,n,t,n,f,c,b,p,t,b,s,s,w,g,p,w,o,p,k,v,
e,x,y,n,t,n,f,c,b,n,t,b,s,s,g,w,p,w,o,p,k,y,d
e,x,y,g,t,n,f,c,b,n,t,b,s,,w,p,p,w,o,p,n,y,d
e,x,y,n,,n,f,c,b,n,t,,s,s,w,w,p,w,o,p,k,v,d
e,x,f,g,t,n,f,c,b,u,t,?,s,s,p,w,p,w,o,p,n,y,d
e,x,y,n,t,n,f,c,b,w,t,b,s,s,w,w,p,w,o,p,k,y,d
e,x,y,n,t,n,f,c,b,p,t,b,s,s,w,p,p,w,o,p,k,v,d
e,f,f,n,t,n,f,c,b,p,t,b,s,s,p,w,p,w,o,p,n,y,d
e,x,y,g,t,n,f,c,b,n,t,b,s,s,w,p,p,w,o,p,n,v,d
e,x,y,e,t,n,f,c,b,w,t,b,s,s,p,p,p,w,o,p,k,y,d
e,x,y,n,t,n,f,c,b,n,t,b,s,s,p,p,p,w,o,p,k,y,d
p,x,f,g,f,f,f,c,b,g,e,b,,k,n,b,p,w,o,l,h,y,p
,f,f,g,t,n,f,c,b,u,t,b,s,s,p,p,p,w,o,p,k,v,d
e,,y,e,t,n,f,c,b,u,t,b,s,s,g,g,p,w,o,p,k,v,d
p,x,f,g,f,f,f,c,b,h,,b,k,k,p,b,p,w,o,l,h,v,d
e,x,y,e,t,,f,c,b,n,t,b,s,s,w,w,p,w,o,p,k,v,d
e,x,f,e,t,n,f,c,b,n,t,b,s,s,w,g,p,w,o,p,k,v,d
p,x,f,g,f,f,f,c,b,h,e,b,,k,b,n,p,w,o,l,h,y,d
p,x,f,p,f,c,f,w,n,n,e,,s,s,w,w,p,w,o,p,n,s,d
e,x,f,g,t,n,f,c,b,u,t,b,s,,w,w,p,w,o,p,k,v,d
e,f,f,g,t,n,f,c,b,p,t,b,s,s,p,g,p,w,o,p,n,y,d
e,x,f,g,t,n,f,c,b,u,t,b,s,s,w,p,p,w,o,p,n,v,d
e,x,y,g,t,n,f,c,b,w,t,b,s,s,w,p,p,w,o,p,k,y,d
e,x,y,g,t,n,f,c,b,n,t,b,s,s,w,g,p,w,o,p,n,v,d
e,f,f,g,t,n,f,c,b,n,t,b,s,s,g,g,p,w,o,p,n,y,d
e,,f,g,t,n,f,c,b,w,t,b,s,s,w,p,p,w,o,p,n,y,d
e,x,f,e,t,n,f,c,b,p,t,b,s,s,g,p,p,w,o,p,k,v,d
e,x,f,n,t,n,f,c,b,w,t,b,s,s,w,w,p,w,o,p,k,y,d
e,x,y,n,t,n,f,c,b,u,t,b,s,s,p,g,p,w,o,p,k,v,d
e,f,f,n,t,n,f,c,b,p,t,b,s,s,w,g,p,w,o,p,k,y,d
e,f,f,n,t,n,f,c,b,u,t,b,s,s,p,w,p,w,o,p,n,v,d
e,f,f,g,t,n,f,c,b,n,t,b,s,s,p,g,p,w,o,p,k,y,d
e,x,f,g,t,n,f,c,b,p,t,b,s,,w,g,p,w,o,p,k,y,d
e,x,y,n,t,n,f,c,b,u,t,b,s,s,p,p,p,w,o,p,n,v,d
e,x,y,e,t,n,f,c,b,w,t,b,s,s,p,g,p,w,o,p,n,v,d
e,f,f,n,t,n,f,c,b,u,t,b,s,s,,g,p,w,o,p,n,v,d
e,x,y,g,t,n,f,c,b,n,t,b,s,s,p,w,p,w,o,p,n,v,d
e,x,y,n,t,n,f,,b,u,t,b,s,s,p,g,p,w,o,p,k,y,d
p,x,f,w,f,c,f,c,n,g,,b,s,s,w,w,p,w,o,p,k,v,d
e,f,f,n,t,n,f,c,b,u,t,b,s,s,w,p,p,w,o,p,k,y,d
e,x,y,e,t,n,f,c,b,w,t,b,s,s,p,w,p,w,o,p,n,v,d
e,x,y,n,t,n,f,c,b,n,t,,s,s,g,g,p,w,o,p,n,y,d
e,f,f,g,t,n,f,c,b,n,t,b,s,s,p,p,p,w,o,p,k,v,d
e,x,f,e,t,n,f,c,b,w,t,b,s,s,w,p,p,w,o,p,k,y,d
p,x,f,g,f,f,f,,b,p,e,b,k,k,b,p,p,w,o,l,h,y,d
e,x,y,e,t,n,f,c,b,n,t,?,s,s,w,p,p,w,o,p,k,y,d
e,f,f,g,t,n,f,c,b,p,t,b,,s,g,g,p,w,o,p,n,,d
e,f,y,e,t,n,f,c,b,w,t,b,s,s,w,w,p,w,o,p,k,v,d
e,x,f,e,t,n,f,c,b,p,t,b,s,s,p,p,p,w,o,p,n,v,d
p,x,f,g,f,f,f,c,b,,e,b,k,k,b,p,p,w,o,l,h,v,g
e,x,y,n,t,n,f,c,b,w,t,b,s,s,w,g,p,w,o,p,n,y,d
e,x,y,n,t,n,f,c,b,p,t,?,s,s,g,p,p,w,o,p,k,v,d
,x,y,n,t,n,f,c,b,p,t,b,s,s,g,w,,w,o,p,k,v,d
e,x,y,n,t,n,f,c,b,n,t,b,s,s,w,w,p,w,o,p,k,y,d
e,x,y,g,t,,f,c,b,u,t,b,s,s,w,g,p,w,o,p,n,y,d
e,x,y,n,t,n,f,c,b,n,t,b,s,s,w,g,p,w,o,,k,y,d
e,x,f,g,t,n,f,c,b,p,t,b,s,s,g,g,p,w,o,p,k,y,d
e,x,y,e,t,n,f,c,b,n,t,b,s,s,p,p,p,w,o,p,k,y,d
e,x,,e,t,n,f,c,b,n,t,b,s,s,p,w,p,w,o,p,k,v,d
e,x,y,g,,n,f,c,b,p,t,b,s,s,p,g,p,w,o,p,n,v,d
e,f,f,e,t,n,f,c,b,n,t,b,s,s,w,g,p,w,o,p,n,v,d
e,f,f,n,t,n,f,c,b,n,t,b,s,s,p,p,p,w,o,p,k,v,d
e,f,f,n,,n,f,c,b,w,t,b,s,s,w,g,p,w,o,p,n,v,d
e,x,y,g,t,n,f,c,b,p,t,b,s,s,p,p,p,w,o,p,n,v,d
e,x,y,g,t,n,f,c,,w,t,b,s,s,p,g,p,w,o,p,n,y,d
e,x,f,e,t,n,f,c,b,u,t,b,s,s,p,g,p,w,o,p,k,v,d
e,f,f,n,t,n,f,c,b,w,t,b,s,s,g,g,p,w,o,p,n,v,d
e,f,f,n,t,n,,c,b,p,t,b,s,s,p,g,p,w,o,p,n,v,d
e,x,y,e,t,n,f,,b,p,t,b,s,s,g,p,p,w,o,p,k,y,d
e,x,y,n,t,n,f,c,b,n,t,b,s,s,p,w,p,w,o,p,n,v,d
e,f,f,n,t,n,f,c,b,p,t,b,s,s,w,w,p,w,o,p,k,y,d
e,f,f,,t,n,f,c,b,w,t,b,s,s,p,p,p,w,o,p,n,v,d
p,x,f,g,f,f,f,c,Z,g,e,b,k,k,b,n,p,w,o,l,h,XXX,p
e,x,f,g,t,n,f,c,b,n,t,b,s,s,w,w,p,w,o,p,k,y,d
e,x,y,n,t,n,f,c,b,w,t,b,s,s,g,g,p,w,o,p,n,y,d
e,x,f,g,t,n,f,c,b,n,t,b,s,s,w,g,p,w,o,p,n,y,d
e,x,f,g,t,n,f,c,Z,n,t,b,s,s,p,p,p,w,o,p,n,XXX,d
e,x,y,g,t,n,,c,b,w,t,b,s,s,g,w,p,w,o,p,k,v,d
e,f,f,n,t,n,f,c,b,u,t,,s,s,w,w,,w,o,p,k,y,d
e,f,f,g,t,n,f,c,b,n,t,b,s,s,g,g,p,w,o,p,k,y,d
e,x,y,n,t,n,f,c,b,n,t,b,s,s,p,g,p,w,o,p,k,v,d
e,x,f,e,t,n,f,c,b,w,t,b,s,s,p,w,p,w,o,p,k,y,d
e,f,f,n,t,n,f,c,b,n,t,,s,s,g,w,p,w,o,p,n,v,d
,x,f,g,f,f,f,c,b,g,e,b,k,k,p,n,p,w,o,l,h,v,p
e,x,f,e,t,n,f,c,b,p,t,b,s,s,p,w,p,w,o,p,n,v,d
e,f,f,n,t,n,f,,b,n,t,b,s,s,,g,p,w,o,p,n,v,d
e,x,f,e,t,n,f,c,b,n,t,b,s,s,w,p,p,w,o,p,k,y,d
e,x,f,e,t,,f,c,b,n,t,b,s,s,w,g,p,w,,p,n,v,d
e,,y,e,t,n,f,c,b,p,t,b,s,s,p,p,p,w,o,p,k,y,d
e,f,y,g,t,n,f,c,b,w,t,b,s,,p,w,p,w,o,p,n,v,d
e,f,f,n,t,n,f,c,b,u,t,b,s,s,w,g,p,w,o,p,n,y,d
e,x,f,g,t,n,f,c,b,n,t,b,s,,,g,p,w,o,p,n,y,d
e,f,f,g,t,n,f,c,b,p,t,,s,,p,g,p,w,o,p,k,v,d
e,x,y,n,t,n,f,c,b,w,t,b,s,s,w,p,p,w,o,p,k,y,d
e,x,y,g,t,n,f,,b,p,t,b,s,s,w,w,p,w,o,p,n,y,d
e,x,,g,t,n,f,c,b,u,t,b,s,s,g,w,p,,o,p,n,y,d
e,x,f,n,t,n,f,c,b,w,t,b,s,s,w,w,p,w,o,p,n,y,d
e,x,y,e,t,n,f,c,b,p,t,b,s,s,g,g,p,w,o,p,k,y,d
e,f,f,n,t,n,f,c,,u,,b,s,s,g,g,p,w,o,p,n,v,d
e,x,y,e,t,n,f,c,b,n,t,b,s,s,p,p,p,w,,p,n,v,d
e,x,f,n,t,n,f,c,b,n,t,b,s,s,w,g,p,w,o,p,n,y,d
e,f,f,n,t,n,f,c,b,u,t,b,s,s,p,g,p,w,o,p,k,y,d
e,x,y,e,t,n,f,c,b,p,t,b,s,s,g,g,p,w,o,p,n,v,d
e,x,f,g,t,n,f,c,b,w,t,b,s,s,w,g,p,w,o,p,n,v,d
e,x,y,n,t,n,f,c,b,p,t,b,s,s,w,w,p,w,o,p,n,v,d
p,x,f,g,f,c,f,c,n,g,e,b,s,s,w,w,p,w,o,p,n,v,d
e,f,f,g,t,n,f,c,b,n,,b,s,s,p,p,p,w,o,p,n,v,d
e,x,f,,t,n,f,c,b,w,t,b,s,s,g,g,p,w,o,p,n,y,d
e,f,s,n,f,n,f,w,b,p,,e,s,f,w,w,p,w,o,e,k,,g
e,f,f,n,t,n,f,c,b,w,t,b,s,s,g,w,p,w,o,p,n,v,
e,x,y,g,t,n,f,c,b,n,t,b,s,s,p,w,p,w,o,p,n,y,d
e,f,y,g,t,n,f,c,b,w,t,b,s,s,g,g,p,w,o,p,n,v,d
e,x,y,g,t,n,f,c,b,w,t,b,s,s,w,w,p,w,,p,n,v,d
e,f,,e,t,n,f,c,b,p,t,b,s,s,p,g,p,w,o,p,n,v,d
e,x,y,g,t,n,f,c,b,n,t,b,s,s,p,g,p,w,o,p,n,y,d
e,x,f,g,t,n,f,c,b,n,t,b,s,s,p,g,p,w,o,p,n,v,d
e,f,f,g,t,n,f,c,b,n,t,b,s,s,p,g,p,w,o,p,n,v,d
e,x,y,n,t,n,f,c,b,p,t,b,s,s,g,g,p,w,o,p,k,v,d
e,f,f,n,t,n,f,c,b,u,t,b,s,s,g,g,p,w,o,p,k,y,d
e,x,y,e,t,n,f,c,b,p,t,b,s,s,p,w,p,w,o,p,n,v,d
e,x,y,e,t,n,f,c,b,w,t,b,s,s,w,w,p,w,o,p,k,v,d
e,f,y,n,t,n,f,c,b,u,t,b,s,s,g,g,p,w,o,p,k,v,d
e,x,y,n,t,n,f,c,b,w,t,b,s,s,p,p,p,w,o,p,n,y,d
e,x,f,g,t,n,f,c,b,u,t,b,s,s,g,w,p,w,o,p,n,y,d
e,f,f,g,t,n,f,c,b,p,t,b,s,s,g,p,p,w,o,p,k,y,d
e,f,f,w,f,n,f,w,b,h,t,?,s,f,w,w,p,w,o,e,k,s,g
e,x,y,n,t,n,f,c,b,p,t,b,s,s,w,g,p,w,o,p,n,v,d
e,x,f,g,t,n,f,c,b,u,t,b,s,s,g,g,p,w,o,p,k,y,d
e,f,,e,t,n,f,c,b,n,t,b,s,s,p,,p,w,o,p,n,y,d
e,x,f,e,t,n,f,c,b,w,t,b,s,s,g,g,p,w,o,p,k,v,d
e,x,y,n,t,n,f,c,b,u,t,b,s,s,g,g,p,w,o,p,n,y,d
e,f,y,n,t,n,f,c,b,w,t,b,s,s,p,,p,w,o,p,,y,d
e,x,y,g,t,n,f,c,b,p,t,b,s,s,p,g,p,w,o,p,k,v,d
e,f,f,n,t,n,f,c,b,w,t,b,s,s,w,w,p,w,o,p,k,v,d
e,x,y,e,t,n,f,c,b,u,t,b,,s,w,w,p,w,o,,k,y,d
e,x,y,e,t,n,f,c,b,p,t,b,s,s,g,g,p,w,o,p,k,v,d
e,x,y,e,t,n,f,c,b,w,t,b,s,s,p,w,p,w,o,p,k,v,d
e,x,f,e,,n,f,c,b,w,t,?,s,s,p,w,p,w,o,p,n,y,d
e,x,f,e,t,n,f,c,b,p,t,b,s,s,g,w,p,w,o,p,n,v,d
e,x,f,e,t,n,f,c,b,p,t,b,s,s,g,g,p,w,o,p,n,v,d
e,f,f,n,t,n,f,c,b,,t,?,s,s,g,p,p,w,o,p,n,y,d
e,x,f,g,t,n,f,c,b,n,t,b,s,,g,p,p,w,o,p,k,v,d
e,x,f,g,t,n,f,c,b,p,t,b,s,s,p,w,p,,o,p,k,v,d
e,x,y,g,t,n,f,c,b,u,t,b,s,s,p,g,p,w,o,p,k,y,d
e,x,y,n,t,n,f,c,b,n,t,b,s,s,w,g,p,w,o,p,n,v,d
e,x,f,e,t,n,f,c,b,n,t,b,s,s,g,g,p,w,o,p,k,y,d
e,x,f,e,t,n,f,c,b,w,t,b,s,s,g,g,p,w,o,p,n,y,d
e,x,f,g,t,n,,c,b,u,t,b,s,s,g,p,p,w,o,p,n,y,d
,x,f,e,t,n,f,c,b,w,t,b,s,s,p,p,p,w,o,p,n,v,d
e,f,f,n,t,n,f,c,b,n,t,b,s,s,p,w,p,w,o,p,n,y,d
e,x,f,e,t,n,f,c,b,p,t,b,s,s,p,g,p,w,o,p,n,v,d
,f,f,n,t,n,f,c,b,w,t,b,s,s,w,p,p,w,o,p,n,y,d
e,f,f,n,t,n,f,c,b,w,t,b,s,s,g,g,p,w,o,p,k,v,d
e,f,f,n,t,n,f,c,b,u,t,b,s,s,p,p,p,w,o,p,k,v,d
e,x,f,g,t,n,f,c,,n,t,b,s,s,w,p,,w,o,p,k,v,d
e,x,f,e,t,n,,c,b,u,t,b,s,s,p,p,,w,o,p,n,v,d
e,x,y,e,t,n,f,c,b,u,t,b,s,s,p,w,p,w,o,p,n,y,d
e,f,f,g,t,n,f,c,b,n,t,b,s,s,p,p,p,w,o,p,k,y,d
e,f,f,n,t,n,f,c,b,p,t,b,s,s,p,p,p,w,o,p,n,v,d
e,x,,n,t,n,f,c,b,n,t,b,s,s,g,p,p,w,o,p,n,y,d
e,f,f,n,t,n,f,c,b,u,t,b,s,s,p,g,p,w,o,p,k,v,d
p,x,f,p,f,c,f,c,n,p,e,b,s,s,w,w,p,w,o,p,n,v,d
e,x,f,e,t,n,f,c,b,p,t,b,s,s,w,w,p,w,o,p,,y,d
e,x,f,n,t,n,f,c,b,w,t,b,s,s,w,w,p,w,o,p,n,v,d
e,x,y,e,t,??,f,c,b,w,t,b,s,s,g,p,p,w,o,p,n,y,d
e,f,f,n,t,n,f,c,b,n,t,b,s,s,g,p,p,w,o,p,n,v,d
e,f,f,n,t,n,f,c,b,,t,b,s,s,g,g,p,w,o,p,k,y,d
e,x,y,g,t,n,f,c,b,w,t,b,s,s,p,w,p,w,o,p,k,v,d
e,f,s,n,f,n,f,w,b,n,t,e,s,s,w,w,p,w,o,e,n,a,g
e,x,y,g,t,n,f,c,b,w,t,b,s,s,p,g,p,w,o,p,k,y,d
,x,y,n,t,n,f,c,b,w,t,b,s,s,w,p,p,w,o,p,n,v,d
e,x,y,n,t,n,f,c,b,p,t,b,s,s,p,w,p,w,o,p,k,v,d
e,f,f,g,t,n,f,c,b,p,t,b,s,s,w,g,p,w,o,p,n,v,d
e,x,,e,t,n,f,c,b,n,t,b,s,s,g,g,p,w,o,p,n,y,d
e,f,f,n,t,n,,c,b,p,,b,s,s,g,p,,w,o,p,k,y,d
p,x,f,g,f,f,f,c,b,h,,b,k,k,b,p,p,w,o,l,h,y,g
e,x,y,e,t,n,f,c,b,w,t,b,s,s,w,w,p,w,o,p,n,v,d
e,x,f,g,t,n,f,c,b,u,t,b,s,s,p,g,p,w,o,p,k,v,d
e,x,f,e,t,n,f,c,b,n,t,b,s,s,p,w,p,w,o,p,n,v,d
e,x,f,e,t,n,f,c,b,n,t,b,s,s,p,g,p,w,o,p,k,y,d
e,x,y,e,t,n,f,c,b,n,t,?,s,s,g,w,p,w,o,p,k,v,d
e,f,f,n,t,n,f,c,b,w,t,b,s,s,w,g,p,w,o,p,n,y,d
e,f,f,n,t,n,f,c,b,u,t,b,s,s,g,p,p,w,o,p,k,v,d
e,x,y,n,t,n,f,c,b,w,t,b,s,s,w,g,p,w,o,p,k,v,d
e,x,f,e,t,n,f,c,b,u,t,b,s,s,g,w,p,w,o,p,n,y,d
e,x,y,e,t,n,f,c,b,,t,b,s,s,p,g,p,w,o,p,k,v,d
e,x,y,n,t,n,f,c,b,n,t,b,s,s,p,g,p,w,o,p,k,y,d
e,x,y,g,t,n,f,c,b,u,t,b,s,s,w,w,,w,o,p,,v,d
e,x,y,n,t,n,f,c,b,u,t,b,s,s,g,w,p,w,o,p,k,v,d
e,x,y,e,t,n,f,c,b,p,t,b,s,s,w,p,p,w,o,p,n,y,d
e,x,f,e,t,n,f,c,b,u,t,b,s,s,g,p,p,w,,p,n,y,d
e,x,f,e,t,n,f,c,b,u,t,b,s,s,w,p,p,w,o,p,k,y,d
e,,y,e,t,n,f,c,b,p,t,b,s,s,w,g,p,w,o,,n,v,d
e,x,y,n,t,n,f,c,b,p,t,b,s,s,g,w,p,w,o,p,k,y,d
e,x,f,e,t,n,f,c,b,p,t,b,s,s,p,p,p,w,o,p,n,y,d
e,f,f,e,t,n,f,c,b,w,t,b,s,s,g,p,p,w,o,p,n,v,d
e,f,f,n,t,n,f,c,b,w,t,b,s,s,p,w,p,w,o,p,k,y,d
e,x,y,e,t,n,f,c,b,u,t,,s,s,w,w,p,w,o,p,k,v,d
e,x,f,n,t,n,f,c,b,u,t,b,s,s,g,w,p,w,o,p,n,v,d
e,x,y,e,t,n,f,c,b,n,t,b,s,s,g,p,p,w,o,p,n,y,d
e,f,f,g,t,n,f,c,b,p,t,b,s,s,g,p,p,w,o,p,n,y,d
e,x,y,n,t,n,f,c,b,p,t,b,s,s,g,w,p,w,o,p,n,v,d
e,f,y,e,t,n,f,c,b,n,t,b,s,s,p,,p,w,o,p,k,v,d
e,x,y,n,t,n,f,c,b,u,t,b,s,s,g,p,p,w,o,p,k,y,d
e,x,y,e,t,n,f,c,b,p,t,b,s,s,p,g,p,w,o,p,n,y,d
e,x,y,g,t,n,f,c,b,u,t,b,s,s,p,g,p,w,o,p,n,y,d
e,f,y,g,t,n,f,c,b,p,t,b,s,s,w,p,p,w,,p,k,v,d
e,x,y,n,t,n,f,c,b,u,t,b,s,s,w,w,p,w,o,,n,y,d
e,x,s,g,f,??,f,w,b,h,t,e,f,s,w,w,p,w,o,e,k,s,g
e,f,f,n,t,n,f,c,b,n,t,b,s,s,w,g,p,w,o,p,n,y,d
e,x,y,g,t,n,f,c,b,w,t,b,s,s,g,p,p,,o,p,n,y,d
e,x,y,g,t,n,f,c,b,n,t,b,s,s,w,p,p,w,o,p,k,y,d
e,x,f,n,t,n,f,c,b,u,t,b,s,s,g,w,p,w,o,p,k,y,d
e,x,f,e,t,n,f,c,b,u,t,b,s,s,g,g,p,w,o,p,n,v,d
e,x,y,e,t,,f,c,b,n,t,b,s,s,g,g,p,w,o,p,k,,d
e,x,y,n,t,n,f,c,b,w,t,b,s,s,w,g,p,w,o,p,k,y,d
e,x,f,e,t,n,f,c,b,w,t,b,s,s,p,,p,w,o,p,k,y,d
e,x,y,e,t,n,f,c,b,u,t,?,s,s,p,w,p,w,o,p,k,y,d
e,x,y,n,t,n,f,,b,u,t,b,s,s,g,w,p,w,o,p,n,y,d
e,f,f,g,t,n,f,c,b,p,t,b,s,s,w,w,p,w,o,p,n,y,d
e,x,f,e,t,n,f,c,b,u,t,b,s,s,w,w,p,w,o,p,k,y,d
e,f,y,n,t,n,f,c,b,p,t,b,s,s,p,g,p,w,o,p,k,v,d
e,x,y,n,t,n,f,c,b,w,t,b,s,s,p,g,p,w,o,p,n,v,d
e,x,f,e,t,n,f,c,b,w,t,b,s,s,g,w,p,w,o,p,n,y,d
e,x,f,g,t,n,f,c,b,n,t,b,s,s,p,g,p,w,o,p,k,v,d
e,x,y,n,t,n,f,c,b,u,,b,s,s,w,w,p,w,o,p,k,y,d
e,x,y,g,t,n,f,c,b,n,t,b,s,s,w,g,,w,o,p,n,y,d
p,x,f,g,f,c,f,c,n,p,e,b,s,s,w,w,p,w,o,p,k,v,d
e,x,y,n,t,n,f,c,b,n,t,b,s,s,p,w,p,w,o,p,n,y,d
e,x,f,g,t,n,f,c,b,p,t,b,s,s,p,p,p,w,o,p,,y,d
e,x,y,n,t,n,f,c,b,n,t,b,s,s,g,,p,w,o,p,k,y,d
,x,y,g,t,n,f,c,b,w,t,b,s,s,g,g,p,w,o,p,k,v,d
e,x,y,n,t,n,f,c,b,w,t,,s,s,g,p,p,w,o,p,n,v,d
e,f,f,n,t,n,f,c,b,p,t,b,s,s,w,g,p,w,,p,n,v,d
e,f,f,n,t,n,f,c,b,w,t,b,s,s,p,p,p,w,o,p,k,y,d
e,x,y,n,t,n,f,c,b,n,t,b,s,s,w,,p,w,o,p,n,v,d
e,f,f,n,t,n,f,c,b,p,t,?,s,s,p,w,p,w,o,p,k,y,d
e,f,f,n,t,n,f,c,b,w,t,b,s,s,w,w,p,w,o,p,n,y,d
,f,y,g,,n,f,c,b,u,t,b,s,s,w,w,p,w,o,p,k,y,d
e,x,f,g,t,n,f,c,b,u,t,b,s,s,,w,p,w,o,p,k,y,d
e,x,y,g,t,n,f,c,b,w,t,b,s,s,w,g,p,w,o,p,k,y,d
e,x,y,g,t,n,f,c,b,u,t,b,s,s,w,g,p,,o,p,n,v,d
e,f,f,n,t,n,f,c,b,u,t,b,s,s,g,p,p,w,o,p,,v,d
e,x,f,g,t,n,f,c,b,n,t,b,s,s,w,p,p,w,o,p,n,v,d
p,x,f,g,f,f,f,c,b,g,e,b,k,k,b,p,p,w,o,l,h,v,d
e,f,f,n,t,n,f,,b,w,t,b,s,s,p,w,p,w,o,p,n,v,d
e,x,y,g,t,n,f,c,b,w,t,b,s,,g,g,p,w,o,p,k,y,d
e,x,f,g,t,n,f,c,b,u,t,b,s,s,w,g,p,w,o,p,n,y,d
p,x,f,g,f,f,f,c,b,g,e,b,k,k,b,p,p,w,o,l,h,y,d
e,f,f,n,t,n,f,c,b,u,t,b,s,s,w,w,p,w,,p,n,v,d
e,x,y,e,t,n,f,c,b,n,t,b,s,s,,p,p,w,o,p,n,v,d
e,x,y,n,t,n,f,c,b,u,t,b,s,s,g,g,p,w,o,p,k,v,d
e,x,f,e,t,n,f,c,b,p,t,b,s,s,p,g,p,w,o,p,k,,d
e,x,f,e,t,n,f,c,b,p,t,b,s,s,g,p,p,w,o,,,,d
e,x,y,n,t,n,f,c,b,p,t,b,s,s,w,p,p,w,o,p,n,v,d
e,f,f,n,t,n,f,c,b,n,t,b,s,s,w,p,p,w,o,p,k,v,d
e,x,f,e,t,n,f,c,b,n,t,b,s,s,g,p,p,w,o,p,n,v,d
e,x,f,g,t,n,f,c,b,w,t,b,,s,w,p,p,w,o,p,k,v,d
e,f,f,n,t,n,f,c,b,u,t,b,s,s,g,p,p,w,o,p,k,y,d
e,x,y,e,t,n,f,c,b,p,t,b,s,s,g,p,p,w,o,p,n,v,d
e,x,f,g,t,n,f,,b,u,t,b,s,s,g,w,p,w,o,p,,y,d
e,f,f,g,t,n,f,c,b,p,t,b,s,s,p,w,p,w,o,p,k,y,d
e,f,f,g,t,n,f,c,b,p,t,?,s,s,g,g,p,w,o,p,k,v,d
e,f,f,n,t,n,f,c,b,n,t,b,s,s,g,w,p,w,,p,k,y,d
e,x,f,n,t,n,f,c,b,w,t,b,s,s,p,w,p,w,o,p,n,y,d
e,x,y,e,t,n,f,c,b,w,t,b,s,s,g,g,p,w,o,p,n,y,d
e,f,s,g,f,n,f,w,b,p,t,e,f,f,,w,p,w,o,e,k,s,g
e,x,y,e,t,n,f,c,b,p,t,b,s,s,g,w,,w,o,p,k,y,d
e,f,f,g,t,n,f,c,b,p,t,?,s,s,g,w,p,w,o,p,n,y,d
e,x,y,e,t,n,f,,b,w,t,b,s,s,g,p,p,w,o,p,k,y,d
e,x,f,g,t,,f,c,b,u,t,b,,s,w,w,p,w,o,p,n,v,d
e,f,f,n,t,n,f,c,b,w,t,b,s,s,w,g,p,w,o,p,k,,d
e,x,f,e,t,n,f,c,b,w,t,b,s,s,p,g,p,w,o,p,n,v,d
e,x,f,e,t,n,f,c,b,n,t,b,s,s,g,w,p,w,o,p,n,v,d
e,x,f,g,t,n,f,c,b,w,t,b,s,s,w,g,p,w,o,p,k,v,d
p,x,f,w,f,c,f,w,n,g,e,b,s,s,w,w,p,w,o,p,n,s,d
e,x,y,e,t,n,f,c,b,p,t,b,s,s,p,p,p,w,o,p,n,y,d
e,x,f,e,t,n,f,c,b,n,t,?,s,s,w,p,p,w,o,p,k,v,d
e,x,y,n,,n,f,c,b,w,t,b,s,s,p,w,p,w,o,p,n,y,d
e,f,f,w,f,n,f,w,b,h,t,e,s,s,w,w,p,w,o,,n,s,g
e,x,f,g,t,n,f,c,b,n,t,b,,s,g,w,p,w,o,p,n,y,d
e,f,f,g,t,n,f,c,b,n,t,b,s,s,w,p,p,w,o,p,n,v,d
e,x,f,g,t,,f,c,b,w,t,b,s,s,p,g,p,w,o,p,n,y,d
e,f,y,e,t,n,f,c,b,w,t,b,s,s,w,p,p,w,o,p,k,y,d
e,x,f,e,t,n,f,c,b,n,t,b,s,s,p,p,p,w,o,p,k,y,d
e,x,y,n,t,n,f,c,b,n,t,b,s,s,g,g,p,w,o,p,k,v,d
e,x,y,e,t,n,f,c,b,n,t,b,s,s,g,g,p,w,o,p,n,v,d
e,x,f,e,t,n,f,c,,n,t,b,s,s,w,w,p,w,o,p,n,v,d
e,f,y,e,t,n,f,c,b,n,t,b,s,s,w,w,p,w,o,p,k,v,d
e,f,f,n,t,n,f,c,b,w,t,b,s,s,p,g,p,w,o,p,n,v,d
e,x,y,g,t,n,f,c,b,p,t,b,s,s,w,w,p,w,o,p,n,v,d
e,x,y,g,t,n,f,c,b,p,t,b,s,s,g,w,p,w,o,p,n,y,d
e,x,f,g,t,n,f,c,b,n,t,b,s,s,g,p,p,w,o,p,n,v,d
e,x,f,e,t,n,f,c,b,w,t,b,s,s,g,p,p,w,o,p,n,v,d
e,x,f,n,t,n,f,c,b,w,t,?,s,s,g,w,p,w,o,,k,y,d
e,f,f,n,f,n,f,w,b,n,t,e,f,f,w,w,p,w,o,e,k,s,g
e,x,f,e,t,,f,c,b,w,t,b,s,s,w,g,p,w,o,p,n,y,d
e,x,y,g,t,n,f,c,b,n,t,b,s,s,g,g,p,w,o,p,n,y,d
e,x,y,n,t,n,f,c,b,u,t,b,s,s,p,p,p,w,o,p,k,v,d
e,,f,g,t,n,f,c,b,p,t,b,s,s,g,p,p,w,o,p,n,y,d
e,x,y,e,t,n,f,c,b,n,t,b,s,s,p,g,p,w,o,p,n,y,d
e,f,f,n,t,n,f,c,b,u,t,b,s,s,p,w,p,w,o,p,k,v,d
e,x,y,g,t,n,f,c,b,u,t,b,s,s,w,w,p,w,o,p,k,y,d
e,f,f,g,,n,f,c,b,p,t,b,s,s,p,g,p,w,o,p,n,v,d
e,x,f,e,t,n,f,c,b,u,t,b,s,s,p,p,p,w,o,,k,v,d
e,f,f,n,t,n,f,c,b,n,t,b,s,s,w,g,p,w,o,p,k,v,d
e,x,y,g,t,,f,c,b,p,t,b,s,s,g,p,p,w,o,p,n,y,d
e,x,y,n,t,n,f,c,b,p,t,b,s,s,w,p,p,w,o,p,n,y,d
e,x,y,e,t,n,f,c,b,w,t,b,s,s,w,p,p,w,o,p,k,v,d
e,x,f,e,t,n,f,c,b,u,t,b,s,s,p,p,p,w,o,p,k,y,d
e,x,f,n,t,n,f,c,b,u,t,b,s,s,,w,p,w,o,p,n,v,d
e,f,f,n,t,n,f,c,b,n,t,b,s,s,p,p,p,w,o,p,k,y,
e,x,y,g,t,n,f,c,b,n,t,b,s,s,w,w,p,w,,p,k,v,d
e,x,f,e,t,n,f,c,b,w,t,?,s,s,p,p,p,w,o,p,n,y,d
e,f,f,n,t,n,f,c,b,w,t,b,s,s,w,p,p,w,o,p,n,v,d
e,f,,n,t,n,f,c,b,n,t,?,s,s,p,p,p,w,,p,n,y,d
e,x,y,e,t,n,f,c,b,u,t,b,s,s,g,p,p,w,o,p,k,y,d
e,x,f,g,t,n,f,c,b,u,t,b,s,s,p,g,p,w,o,p,k,y,d
e,x,f,g,,n,f,c,b,u,t,b,s,s,g,g,p,w,o,p,k,v,d
p,x,f,p,f,c,f,w,n,u,e,b,s,s,w,w,p,w,o,p,k,v,d
e,x,y,n,t,n,f,c,b,p,t,b,s,s,g,,p,w,o,p,n,y,d
e,x,f,e,t,n,f,c,b,p,t,b,s,s,w,p,p,w,o,p,n,v,d
e,f,s,n,f,n,f,w,b,p,t,e,f,f,w,w,,w,o,e,n,s,g
e,x,y,g,t,n,f,,b,p,t,b,s,s,p,g,p,w,o,p,k,y,d
e,x,y,g,t,n,f,c,b,u,t,b,s,s,p,p,p,w,o,p,k,y,d
e,x,f,n,t,n,f,c,b,u,t,b,s,s,,w,,w,o,p,k,y,d
e,f,f,g,t,n,f,c,b,n,t,?,s,s,p,w,p,w,o,p,n,y,d
e,x,f,g,t,n,f,c,b,w,t,b,s,s,g,p,,w,o,p,n,v,d
e,x,y,n,t,n,f,c,b,w,t,b,s,,g,p,p,w,o,p,k,y,d
e,x,,e,t,n,f,c,b,w,t,b,s,s,g,p,p,w,o,p,n,y,d
e,x,f,n,t,n,f,c,b,u,t,b,s,s,p,p,p,w,o,p,n,v,d
e,f,f,g,t,??,f,c,b,n,t,b,s,s,g,p,p,w,o,p,n,v,d
e,f,f,n,t,n,f,c,b,w,t,b,s,s,g,g,p,w,o,p,n,y,d
e,x,y,g,t,n,f,c,b,w,t,?,s,s,g,g,p,w,o,p,n,v,d
e,x,y,e,t,n,f,c,b,u,t,b,s,s,w,w,p,w,o,p,n,y,d
e,x,y,g,t,n,f,c,b,p,t,b,s,s,p,w,,w,o,p,k,v,d
e,f,f,g,t,n,f,c,b,p,t,b,s,s,g,w,p,w,o,p,k,y,d
e,x,f,e,t,n,f,c,b,u,t,b,s,s,p,w,p,w,o,p,n,y,d
p,x,s,p,f,c,f,w,n,u,,b,s,s,w,w,p,w,o,p,k,s,d
e,f,y,n,t,n,f,c,b,w,,b,s,s,p,p,p,w,o,p,k,v,d
e,x,y,e,t,n,f,c,b,w,t,b,s,s,g,g,p,w,o,p,k,v,d
e,x,y,g,t,n,f,c,b,u,t,b,s,s,g,w,p,w,o,p,k,y,d
e,x,y,g,t,n,f,c,b,n,t,b,s,s,g,g,p,w,o,p,k,v,d
e,x,f,g,t,n,f,c,b,n,,b,s,s,g,g,p,w,o,p,k,y,d
e,x,f,e,t,n,f,c,b,n,t,b,s,s,g,p,p,w,o,p,n,y,d
e,x,y,n,t,n,f,c,Z,u,t,b,s,s,p,p,p,w,o,p,n,XXX,d
e,x,y,g,t,n,f,c,b,p,t,b,s,,p,,p,w,o,p,n,y,d
e,x,y,e,t,n,f,c,b,u,t,?,s,s,g,w,p,w,o,p,k,v,d
e,x,y,n,t,n,f,c,b,p,t,b,s,s,w,w,p,w,o,p,k,v,d
e,x,y,g,t,n,f,c,b,w,t,b,s,s,p,g,p,w,o,p,n,v,d
e,x,y,n,t,n,f,c,b,u,t,b,s,s,p,w,p,w,o,p,n,y,d
e,x,f,,t,n,f,c,b,p,t,b,s,s,p,w,p,w,o,p,k,y,d
e,x,f,e,t,n,f,c,,p,t,b,s,s,w,p,p,w,o,p,n,y,d
e,x,y,g,t,n,f,c,b,w,t,b,s,s,w,p,p,w,o,p,n,y,d
e,f,f,g,t,n,f,c,b,n,t,b,s,s,g,w,p,w,o,p,k,y,d
e,f,f,e,t,n,f,c,b,w,t,b,s,s,w,p,p,w,o,p,n,y,d
e,f,f,g,t,n,f,c,b,p,t,b,s,s,g,g,p,w,o,p,n,y,d
e,x,y,e,t,n,f,c,b,p,t,b,s,s,g,w,p,w,o,p,n,y,d
e,x,y,e,t,n,f,c,b,p,t,b,s,s,g,w,p,w,o,p,n,v,d
e,x,s,w,f,n,f,w,b,k,,e,s,f,,w,p,w,o,e,k,s,g
e,x,y,n,t,n,f,c,b,w,t,b,s,s,w,p,p,w,o,p,k,v,d
e,x,y,e,t,n,f,c,b,n,t,b,s,s,w,w,p,w,o,p,n,y,d
e,f,f,e,t,n,f,c,b,u,t,b,s,s,p,p,p,w,o,p,k,v,d
e,x,f,g,t,n,f,c,b,n,t,b,s,s,w,p,p,w,o,p,k,y,d
e,f,f,n,t,n,f,c,b,n,t,b,s,s,p,g,p,w,o,p,k,v,d
p,x,s,g,f,c,f,c,n,n,e,b,s,s,w,w,p,w,o,p,k,v,d
e,f,y,e,t,n,f,c,b,w,,b,s,s,p,p,p,w,o,p,k,v,d
e,x,y,g,t,n,f,c,b,w,t,b,s,s,w,g,p,w,o,,k,v,d
e,x,f,n,f,n,f,w,b,k,,e,s,s,w,w,p,w,o,e,k,a,g
e,x,y,e,t,n,f,c,b,u,t,b,s,s,w,g,p,w,o,p,k,y,d
p,x,f,w,f,c,f,w,n,u,e,b,s,s,,w,p,w,o,p,n,v,d
e,x,y,e,,n,f,c,b,p,t,b,s,s,,p,p,w,o,p,k,v,d
e,f,f,,t,n,f,c,b,p,t,b,s,s,p,p,p,w,o,p,k,v,d
e,f,f,n,t,n,f,c,b,u,t,?,s,s,w,g,p,w,o,p,k,v,d
e,x,y,n,t,n,f,c,b,p,t,b,s,s,p,p,p,w,o,p,k,v,d
e,f,f,n,t,n,f,c,b,u,t,b,s,s,g,g,p,w,o,p,k,v,d
e,x,f,g,t,n,f,c,b,n,t,b,s,s,w,w,p,w,o,p,n,y,d
e,f,y,n,t,n,f,c,b,n,t,b,s,s,g,p,p,w,o,p,k,v,d
e,x,y,g,t,n,f,c,b,w,t,b,s,s,g,w,p,w,o,p,n,y,d
e,f,y,n,t,n,f,c,b,p,t,b,s,s,g,p,p,w,o,p,n,y,d
e,x,f,g,t,n,f,c,b,n,t,b,s,s,p,w,p,w,o,p,n,v,d
p,x,f,g,f,f,f,c,b,h,e,b,k,k,n,p,p,w,o,l,h,y,p
e,x,y,g,t,n,f,c,b,n,t,b,s,s,w,w,p,w,o,p,n,y,d
e,x,y,g,t,n,f,c,b,w,t,b,s,s,w,w,p,w,o,p,k,v,d
e,,f,g,t,n,f,c,b,n,t,b,s,s,p,g,p,w,o,p,k,y,d
e,x,f,e,t,n,f,c,b,p,t,b,s,s,p,p,p,w,o,p,k,y,d
e,x,f,g,t,n,f,c,b,p,t,b,s,s,w,w,p,w,o,p,k,y,d
e,x,f,g,t,n,f,c,b,p,t,b,s,s,w,p,p,w,o,p,n,y,d
e,f,f,g,t,n,f,c,b,n,t,b,s,s,g,w,p,w,o,p,n,y,d
e,x,y,e,t,n,f,c,b,n,t,b,s,s,g,g,p,w,o,p,n,y,d
e,x,f,g,t,n,f,c,b,p,t,b,s,s,g,w,p,w,o,p,n,v,d
,x,y,e,t,n,f,c,b,u,t,b,s,s,p,p,p,w,o,p,k,v,d
e,x,f,n,t,n,f,c,b,w,t,b,s,s,p,g,,w,o,p,k,y,d
e,x,y,g,t,n,f,c,b,u,t,b,s,s,g,g,p,w,o,p,n,v,d
e,x,y,e,t,n,f,c,b,n,t,b,s,s,w,p,p,w,o,p,n,y,d
e,f,f,n,t,n,f,c,b,p,t,b,s,s,p,p,p,w,o,p,k,y,d
e,x,f,e,t,n,f,c,b,w,t,b,s,s,w,w,p,w,o,p,k,y,d
e,f,y,n,t,n,f,c,b,u,t,b,s,s,w,g,p,w,o,p,n,v,d
e,x,y,n,t,n,f,c,b,w,,b,s,s,g,g,p,w,o,p,k,y,d
e,x,y,g,t,n,f,c,b,u,t,b,s,s,g,p,p,w,,p,,v,d
e,f,f,e,t,n,f,c,b,u,t,b,s,s,p,w,p,w,o,p,k,y,d
e,x,f,g,t,??,f,c,b,u,t,b,s,s,g,p,p,w,o,p,k,y,d
e,x,y,g,t,n,f,c,b,n,t,b,s,s,p,,p,w,o,p,k,y,d
e,x,y,g,t,n,f,c,b,w,t,b,s,s,w,w,p,w,o,p,n,y,d
p,x,f,g,f,f,f,c,b,g,e,b,k,k,b,n,p,w,o,l,h,y,p
e,x,f,g,t,n,f,c,b,p,t,b,s,s,w,g,p,w,o,p,k,v,d
e,x,f,g,t,??,f,c,b,n,t,b,s,s,g,p,p,w,o,p,n,y,d
e,x,f,n,t,n,f,c,b,p,t,b,s,s,w,w,p,w,o,p,n,v,d
e,x,f,g,t,??,f,c,b,w,t,b,s,s,g,w,p,w,o,p,n,v,d
e,f,f,n,t,n,f,c,b,n,t,b,s,s,w,w,p,w,o,p,k,y,d
e,x,y,n,t,n,f,c,b,p,t,b,s,s,g,g,p,w,o,p,k,y,d
e,x,f,e,t,n,f,c,b,p,t,b,s,s,p,w,p,w,o,p,k,v,d
e,x,y,n,t,n,f,c,b,w,t,b,s,s,g,g,p,w,o,p,k,v,d
e,f,y,g,t,n,f,c,b,w,t,b,s,s,w,w,p,w,o,p,k,v,d
e,f,f,g,t,n,,c,b,n,t,b,s,s,g,w,p,w,o,p,n,v,d
p,x,f,g,f,f,f,c,b,h,e,b,k,k,p,b,p,w,o,l,h,v,p
e,x,f,n,t,n,f,c,b,u,t,b,s,s,p,w,p,,o,p,,y,d
e,x,y,n,t,n,f,c,b,u,t,b,s,s,g,g,p,w,o,p,k,y,d
e,x,f,e,t,n,f,c,b,n,t,b,s,s,g,g,p,w,o,p,n,v,d
e,x,f,n,t,n,f,c,b,u,t,b,s,,p,g,,w,o,p,n,v,d
e,f,f,n,t,n,f,c,b,p,t,b,s,s,w,p,p,w,o,p,n,y,d
e,x,y,g,t,n,f,c,b,w,t,b,s,s,w,g,p,w,o,p,n,v,d
e,x,y,n,t,n,f,c,b,u,t,b,s,s,w,g,p,w,o,p,k,v,d
e,x,y,e,t,n,f,c,b,p,t,b,s,s,w,w,p,w,o,p,n,y,d
e,,f,g,t,n,f,c,b,p,t,b,s,s,w,g,p,w,o,p,k,y,d
e,x,f,g,t,n,f,c,b,w,t,b,s,s,p,p,p,w,o,p,k,v,d
e,x,y,e,t,n,f,c,b,n,t,b,s,s,p,g,p,w,o,p,n,v,d
e,x,y,e,t,n,f,c,b,u,t,b,s,s,w,w,p,w,o,p,n,v,d
e,x,f,g,t,n,f,c,b,p,t,b,s,s,p,p,p,w,o,p,k,y,d
e,x,y,n,t,n,f,c,b,p,t,b,s,s,p,g,p,w,o,p,n,v,d
e,x,f,e,t,n,f,c,b,u,t,b,s,s,p,w,p,w,o,p,k,y,d
e,f,f,n,t,n,f,c,b,n,t,b,s,s,g,p,p,w,o,p,n,y,d
e,x,f,e,t,n,f,c,b,p,t,b,s,s,w,g,p,w,o,p,n,y,d
e,f,f,n,t,n,f,c,b,n,t,b,s,s,w,p,p,w,o,p,n,v,d
e,x,y,e,t,n,f,c,b,n,t,b,s,s,p,g,p,w,o,p,k,y,d
e,x,f,n,t,n,f,c,b,n,t,b,s,s,g,w,p,w,o,p,k,y,d
e,x,f,e,t,n,f,c,b,w,t,b,,s,w,p,p,w,o,p,n,y,d
e,x,f,e,t,n,f,c,b,w,t,b,s,s,p,g,p,w,o,p,k,v,
e,x,f,n,t,n,f,c,b,u,t,b,s,s,g,w,p,w,o,p,k,v,d
e,x,y,n,t,n,f,c,b,n,t,b,s,s,g,w,p,w,o,p,n,y,d
e,x,y,e,t,n,f,c,b,w,t,b,s,s,w,w,p,w,o,p,n,y,d
e,f,f,n,t,n,f,c,b,u,t,b,s,s,p,g,p,w,o,,n,y,d
e,x,y,n,t,n,f,c,b,u,t,b,s,s,p,w,p,w,o,p,k,y,d
e,x,y,e,t,n,f,c,b,u,t,b,s,s,w,g,p,w,o,p,n,v,d
e,f,f,g,f,n,f,w,b,n,t,e,f,s,w,w,p,w,o,e,n,s,g
e,x,y,e,t,n,f,c,b,w,t,b,s,s,w,g,p,w,o,p,k,v,d
e,x,y,e,t,n,f,c,b,p,t,b,s,s,g,g,p,w,o,p,n,y,d
e,f,f,n,t,n,f,c,b,u,t,b,s,s,g,p,p,w,o,p,n,y,d
e,f,f,n,t,n,f,c,b,n,t,b,s,s,g,g,p,w,o,p,k,y,d
e,x,f,g,t,n,f,c,b,u,t,b,s,s,p,p,p,w,o,p,k,v,d
e,x,y,g,t,,f,c,b,w,t,b,s,s,w,p,p,w,o,p,k,v,d
e,x,f,n,t,n,f,c,b,u,t,b,s,s,w,p,p,w,o,p,n,y,d
e,f,f,n,t,n,f,c,,w,t,b,s,s,p,w,p,w,o,p,n,y,d
e,x,y,n,t,n,f,c,b,u,t,b,s,s,p,p,,w,o,p,k,y,d
e,x,y,g,t,n,f,c,b,u,t,b,s,s,p,p,p,w,o,p,k,v,d
e,x,f,g,t,n,f,c,b,w,t,b,s,s,g,p,p,w,o,p,n,y,d
e,x,y,e,t,n,f,c,b,p,t,b,s,s,w,g,p,w,o,p,k,y,d
e,x,f,g,t,n,f,c,b,u,t,b,s,s,w,g,,w,o,p,n,v,d
e,x,y,e,t,n,f,c,b,u,t,b,s,s,w,p,p,w,o,p,n,v,d
e,x,f,g,t,n,f,c,b,p,t,b,s,s,p,w,p,w,o,p,n,v,d
e,x,f,e,t,n,f,c,b,u,t,b,s,s,g,w,p,w,o,p,n,v,d
e,x,f,e,t,n,f,c,b,w,t,b,s,s,w,w,p,w,o,p,n,v,d
e,x,f,e,t,n,f,c,b,u,t,b,s,s,w,g,p,w,o,p,k,y,d
e,f,y,g,t,n,f,c,b,w,t,b,,s,g,p,p,w,o,p,k,y,d
e,x,f,g,t,n,f,c,b,w,t,b,s,s,g,p,p,w,o,p,k,y,d
e,x,f,e,t,n,f,c,b,w,t,b,s,s,g,p,p,w,o,p,k,v,d
e,x,f,g,t,n,f,c,b,w,t,b,s,s,w,w,p,w,o,p,n,y,d
e,f,f,n,t,n,f,c,b,p,t,b,s,s,,w,p,w,o,p,k,v,d
p,x,f,g,f,f,f,c,b,h,e,b,k,k,b,n,p,w,o,l,h,v,d
e,x,f,n,t,n,f,c,b,w,t,b,s,s,w,w,p,w,o,p,k,v,d
e,x,y,g,t,n,f,,b,p,t,b,s,s,g,g,p,w,o,p,n,y,d
e,,f,n,t,n,f,c,b,n,t,b,s,s,,g,p,w,o,p,n,y,d
e,x,f,e,t,n,f,c,b,u,t,b,s,s,w,w,p,w,o,p,k,v,d
e,f,f,g,t,n,f,c,b,u,t,b,s,s,g,p,p,w,o,p,k,v,d
e,x,y,n,t,n,,c,b,n,t,b,s,s,g,g,p,w,o,p,k,y,d
e,x,y,e,t,n,f,c,b,n,t,b,s,s,g,p,p,w,o,p,k,y,d
e,x,y,e,t,n,f,c,b,w,t,b,s,s,g,w,p,w,o,p,k,v,d
e,x,y,n,t,n,f,c,b,u,t,b,s,s,w,p,p,w,o,p,n,v,d
e,x,y,n,t,n,f,c,b,n,t,b,s,s,g,p,p,w,o,p,k,v,d
p,x,y,y,,f,f,c,b,h,e,b,k,k,b,n,p,w,o,l,h,v,p
e,f,y,n,t,n,f,c,b,u,t,b,s,s,g,g,p,w,o,p,n,y,d
p,x,f,g,f,f,f,c,b,p,e,b,k,k,b,n,p,w,o,l,h,y,d
p,x,f,g,f,c,f,w,n,g,e,b,s,s,w,w,p,w,o,p,k,s,d
e,f,,g,t,n,f,c,b,u,t,b,s,s,p,p,p,w,o,p,n,y,d
e,f,f,e,t,n,f,c,b,u,t,b,s,s,g,p,p,w,o,p,n,v,d
e,f,y,n,t,n,f,c,b,p,t,?,s,s,w,w,p,w,o,p,k,y,d
e,f,f,,t,n,f,c,b,p,t,b,s,s,g,w,p,w,o,p,k,y,d
p,x,f,g,f,f,f,c,b,h,e,b,k,k,p,p,p,w,o,l,h,y,p
e,f,f,g,t,n,f,c,b,w,t,b,s,s,w,w,p,w,o,p,n,v,d
e,f,y,e,t,n,f,c,b,u,t,b,s,s,p,g,p,w,o,p,k,y,d
e,f,y,e,t,n,f,c,b,u,t,b,s,s,p,g,p,w,o,p,n,y,d
p,x,f,w,f,c,f,c,n,p,e,b,s,s,w,w,p,w,o,p,n,s,d
e,x,f,,t,n,f,c,b,u,t,b,,s,p,g,p,,,p,n,y,d
e,f,y,n,t,n,f,c,b,u,t,?,s,s,w,w,p,w,o,p,k,v,d
p,x,f,g,f,f,f,c,b,g,e,b,k,k,p,n,p,w,o,l,h,v,g
p,x,f,g,f,f,f,c,b,g,e,b,k,k,p,b,p,w,o,l,h,y,p
e,f,y,e,t,n,f,c,b,p,t,b,s,s,g,w,p,w,o,p,n,v,d
e,f,y,e,t,n,f,c,Z,n,t,?,s,s,g,w,p,w,o,p,k,XXX,d
e,f,f,n,t,n,f,,b,w,t,b,s,s,p,w,p,w,o,p,k,v,d
e,f,f,g,t,n,f,c,b,w,t,b,s,s,w,g,p,w,o,p,k,v,d
e,f,f,e,t,n,f,c,b,w,t,b,s,s,g,g,p,w,o,p,n,y,d
e,f,y,e,t,n,f,c,b,u,t,b,s,s,g,p,p,w,o,p,n,v,d
e,f,y,e,t,n,f,c,b,w,t,b,s,s,,p,p,,o,p,n,y,d
e,f,y,e,t,n,f,c,b,p,t,b,s,s,g,w,p,w,o,p,k,,d
p,x,f,p,f,c,f,w,n,u,e,b,s,s,w,w,p,w,o,p,k,s,d
p,x,f,g,f,f,f,c,b,g,e,b,k,k,n,b,p,w,o,l,h,y,d
e,f,f,e,t,n,f,c,b,p,t,b,s,s,w,p,p,w,o,p,n,y,d
e,f,y,g,t,n,f,c,b,w,t,b,s,,g,p,p,w,o,p,k,v,d
e,f,y,,t,n,f,,b,w,t,b,s,s,g,w,p,w,o,p,k,v,d
e,f,f,g,t,n,f,c,Z,w,t,b,s,s,w,p,p,w,o,p,n,XXX,d
e,f,f,e,t,n,f,c,b,u,t,b,s,s,g,p,p,w,o,p,k,y,d
e,f,y,e,t,n,f,c,b,w,t,b,s,s,p,w,p,w,o,p,n,v,d
,f,f,g,f,f,f,c,b,h,e,b,k,k,b,p,p,w,o,l,h,v,p
e,f,y,n,t,n,f,c,,w,t,b,s,s,g,p,p,w,o,p,n,y,d
e,f,y,e,t,n,f,c,b,,t,b,s,s,p,,p,w,o,p,n,v,d
p,x,f,g,f,c,f,c,n,p,e,b,s,s,w,w,p,w,o,p,n,s,d
e,f,f,e,t,n,f,c,b,p,t,b,s,,g,p,p,w,o,p,k,y,
e,f,y,e,t,n,f,c,b,p,t,b,s,s,w,g,p,w,o,p,k,v,d
p,x,y,y,f,f,f,c,b,p,e,b,k,k,b,p,p,w,,l,h,v,g
p,f,f,y,f,f,f,c,b,p,e,b,k,k,p,p,p,w,o,l,h,v,d
e,f,y,n,t,n,f,c,b,u,t,b,s,s,p,g,p,w,o,p,k,v,d
e,f,y,n,t,n,f,,b,p,t,b,s,s,w,g,p,w,o,p,k,v,d
e,f,y,g,t,n,f,c,b,w,t,b,s,s,w,w,p,w,o,p,n,v,d
e,f,y,n,t,n,f,c,b,p,t,b,s,s,w,w,p,w,o,p,n,v,d
e,x,y,e,t,n,f,c,b,n,t,b,s,s,p,p,p,w,o,p,k,v,d
p,x,s,,f,c,f,w,n,n,e,b,s,s,w,w,p,w,o,p,n,v,d
e,f,y,n,t,n,f,c,b,p,t,b,s,s,p,w,p,w,o,p,k,y,d
e,x,y,e,t,n,f,c,b,u,t,b,s,,p,w,p,w,o,p,k,v,d
e,f,f,e,t,n,f,c,b,p,t,b,s,s,p,p,p,,o,p,k,y,d
e,f,y,n,t,n,f,c,b,n,t,,s,s,g,g,p,w,o,p,k,v,d
p,x,s,w,f,c,f,c,n,p,e,b,s,s,w,w,p,w,o,p,k,v,d
,f,f,g,t,,f,c,b,w,t,b,s,s,w,g,p,w,o,p,n,v,d
e,f,y,g,t,n,f,c,b,u,t,b,s,s,g,p,p,w,o,p,n,y,d
e,f,y,g,,n,f,c,b,p,t,b,s,s,p,p,p,w,o,p,n,v,d
e,f,y,n,t,n,f,c,b,p,t,b,s,s,w,w,p,w,o,p,k,v,
p,x,s,g,f,c,f,c,n,u,e,b,s,s,w,w,p,w,o,p,n,s,d
p,x,f,p,f,c,f,c,n,n,e,b,s,s,w,w,p,w,o,p,k,s,d
e,f,y,e,,n,f,c,b,u,t,b,s,s,g,g,p,w,o,p,k,y,d
p,x,f,g,,f,f,c,b,p,e,b,k,k,p,n,p,w,o,l,h,y,d
p,x,s,w,f,c,f,w,,g,e,b,s,s,w,w,p,w,o,p,k,v,d
p,x,f,g,f,f,f,c,b,g,e,?,k,k,b,b,p,w,o,l,h,v,p
e,f,y,n,t,n,f,c,b,n,t,?,s,s,p,p,p,w,o,p,n,v,d
,x,y,y,f,f,f,c,b,g,e,b,k,k,n,b,p,w,o,l,h,y,p
e,f,y,g,t,n,f,c,b,u,t,?,s,s,p,g,p,w,o,p,n,,d
e,f,y,n,t,n,f,c,b,u,t,b,s,s,p,w,p,w,o,p,k,y,d
e,f,y,g,t,n,f,c,b,p,t,b,s,s,w,g,p,,o,p,k,y,d
p,x,,w,f,c,f,c,n,p,e,?,s,s,w,w,p,w,o,p,n,s,d
p,x,f,,f,f,f,c,b,,e,b,k,k,n,b,p,w,o,l,h,v,p
e,f,y,g,t,n,f,c,b,u,t,b,s,s,w,w,p,w,o,p,k,v,d
e,x,y,n,t,n,f,c,b,w,t,b,s,s,p,w,p,w,o,p,k,y,d
e,f,y,g,t,n,f,c,b,n,t,b,s,s,p,p,p,,o,p,k,y,d
p,x,f,g,f,f,f,c,b,p,e,b,k,k,n,p,p,w,o,l,h,v,p
e,f,y,n,t,n,f,c,b,p,t,b,s,s,w,g,p,w,o,p,n,y,d
p,f,f,g,f,f,f,c,b,h,e,b,k,k,p,b,p,w,o,l,h,y,p
e,f,f,e,t,n,f,c,b,n,t,b,s,s,,g,p,w,o,p,n,y,d
e,x,f,n,t,n,f,c,b,u,t,b,s,s,w,w,p,w,o,p,k,v,d
p,f,f,g,f,,f,c,b,g,e,b,k,k,p,b,p,w,o,l,h,v,p
e,f,y,g,t,n,f,c,b,u,t,b,s,s,p,w,p,w,o,p,k,v,d
e,f,y,g,t,n,f,c,b,u,t,b,s,s,g,w,p,w,o,p,n,y,d
e,f,y,e,t,n,f,c,b,p,t,b,s,s,p,g,p,w,o,p,n,y,d
p,x,f,g,f,f,f,,b,g,e,b,k,k,p,p,p,w,o,l,h,v,p
e,f,f,e,t,n,f,c,b,p,t,b,,s,,w,p,w,o,p,n,v,d
e,f,y,n,t,n,f,c,b,u,t,b,s,s,g,p,p,w,o,p,k,v,d
p,x,f,g,f,f,f,c,b,p,e,b,k,k,,p,p,w,o,l,h,v,g
e,f,y,e,t,n,f,c,b,u,t,,s,s,g,w,p,,o,p,k,y,d
p,x,f,g,f,f,f,c,b,h,e,b,k,k,p,b,p,w,o,l,h,y,d
e,f,y,wrong,t,n,f,c,b,w,t,b,s,s,w,g,p,w,o,p,n,y,d
p,x,f,g,f,,f,c,b,h,e,b,k,k,b,n,p,w,o,l,h,y,g
p,x,f,g,f,f,f,c,b,g,e,?,k,k,n,p,p,w,o,l,h,y,p
p,x,f,g,f,f,f,c,b,g,e,?,k,k,b,b,p,w,o,l,h,y,g
e,f,y,e,t,n,f,c,b,,t,b,s,s,g,,p,w,o,p,n,y,d
p,x,f,g,f,f,f,c,b,p,e,b,k,k,n,b,p,w,o,l,h,v,g
e,f,f,e,t,n,f,c,Z,u,t,b,s,s,p,p,,w,o,p,n,XXX,d
p,x,s,g,f,c,f,w,n,g,e,b,s,s,w,w,p,w,o,p,n,v,d
e,f,y,g,t,n,f,,b,w,t,b,s,s,,g,p,w,o,p,k,v,d
p,x,s,p,f,c,f,c,n,p,e,b,s,s,w,w,p,w,o,p,n,s,d
e,f,f,e,t,n,f,c,Z,n,t,?,s,s,g,g,p,w,,p,n,XXX,d
e,f,f,e,t,n,f,c,b,u,t,b,s,s,g,g,p,w,o,p,n,y,d
e,f,y,e,t,n,f,c,b,p,t,b,s,s,g,w,p,w,,p,k,y,d
e,f,y,n,t,n,f,c,b,n,t,,s,s,w,p,p,w,o,p,k,y,d
p,x,f,g,f,f,f,c,b,p,e,b,k,k,b,p,p,w,o,l,h,y,g
p,f,f,y,f,f,f,c,b,g,e,b,k,k,n,n,p,w,o,l,h,y,p
p,x,s,g,f,c,f,w,n,g,e,b,s,s,w,w,p,w,o,p,k,s,d
e,f,f,e,t,n,f,c,b,u,t,b,s,s,g,p,p,w,o,p,k,v,d
,f,f,e,t,n,f,c,b,w,t,b,s,s,g,g,p,w,o,p,k,y,d
e,f,y,e,t,n,f,c,Z,u,t,b,s,s,p,p,p,w,o,p,k,XXX,d
e,f,y,n,t,n,f,c,b,w,t,b,s,s,p,g,p,w,o,p,k,y,d
p,x,f,g,f,f,f,c,b,p,e,b,k,k,p,b,p,w,o,l,h,v,g
p,x,f,g,f,c,f,c,n,u,e,b,s,s,w,w,p,w,o,p,k,v,d
e,f,f,g,t,n,f,c,b,w,t,b,s,s,w,p,p,w,o,p,k,y,d
e,f,y,e,t,n,f,c,b,n,t,?,s,s,g,w,p,w,o,p,n,v,d
,,y,e,t,n,f,c,b,n,t,b,s,s,g,,p,w,o,p,k,v,d
e,f,f,g,t,n,f,c,b,w,t,?,s,,p,p,p,w,o,p,n,v,d
e,f,,n,t,n,f,c,b,p,t,b,s,s,g,p,p,w,o,p,k,y,d
e,f,y,n,t,n,f,c,b,n,t,b,s,s,g,w,p,w,o,p,k,y,d
e,f,f,e,t,n,f,c,b,n,t,b,s,s,g,p,p,w,o,p,k,v,d
p,x,s,g,,c,f,c,n,u,e,b,s,s,w,w,p,w,,p,k,v,d
p,x,f,w,f,c,f,c,n,n,e,b,s,s,w,w,p,w,o,p,n,v,d
e,f,f,g,t,n,f,c,b,u,t,b,s,s,p,g,p,w,o,p,,y,d
e,f,y,g,t,n,f,c,b,w,t,b,s,s,g,w,p,w,o,p,n,y,d
p,x,f,g,f,f,f,c,b,p,e,b,k,k,n,b,p,w,o,l,h,y,d
e,x,y,e,t,n,f,c,b,n,t,b,s,s,w,g,p,w,o,p,k,v,d
p,x,s,w,f,c,f,w,n,p,e,b,s,s,w,w,p,w,o,p,k,s,d
e,f,y,g,t,n,f,c,b,n,t,b,s,s,p,p,p,w,o,p,n,y,d
e,f,y,g,t,n,f,c,b,n,t,b,s,,w,p,p,w,o,p,k,y,d
e,f,,g,t,n,f,c,b,p,t,b,s,s,w,p,p,w,o,p,n,v,d
e,f,f,e,t,n,f,c,b,w,t,b,s,s,p,g,p,w,o,p,n,v,d
e,f,y,n,t,n,f,c,b,w,t,b,s,s,p,w,p,w,o,p,n,y,d
e,f,y,g,t,n,f,c,b,p,t,b,,s,g,g,p,w,o,p,k,v,d
e,f,y,n,t,n,f,c,b,u,t,b,s,s,w,g,p,w,o,p,n,y,d
e,f,y,g,t,n,f,c,b,p,t,b,s,s,w,p,p,w,o,p,k,y,d
e,f,y,g,t,n,f,c,b,u,t,b,s,s,g,p,p,w,o,p,n,v,d
e,x,f,n,t,n,f,c,b,u,t,b,s,s,w,p,p,w,o,p,k,y,d
,f,y,e,t,n,f,c,b,p,t,b,s,s,w,p,p,w,o,p,k,y,d
e,f,f,e,t,n,f,c,b,p,t,b,s,s,g,w,p,w,o,p,k,v,d
e,f,y,e,t,n,f,c,b,p,t,b,s,s,w,p,p,w,o,p,n,v,d
p,x,f,y,f,f,f,c,b,g,e,b,k,k,n,n,p,w,o,l,h,v,p
e,f,y,g,t,n,f,c,b,u,t,b,s,s,p,w,p,w,o,p,n,y,d
e,,y,n,t,n,f,c,b,p,t,b,s,s,p,p,p,w,o,p,k,v,d
p,x,f,g,f,f,f,c,b,p,e,b,k,k,p,b,p,w,o,l,h,y,d
e,f,,g,t,n,f,c,b,w,t,b,s,s,p,p,p,w,o,p,k,y,d
,f,y,g,t,n,f,c,b,u,t,b,s,s,w,g,p,w,o,p,k,y,d
e,f,y,g,t,n,f,c,b,p,t,b,s,s,g,w,p,w,o,p,n,y,d
e,f,y,e,t,n,f,c,b,n,t,b,s,s,g,g,p,w,o,p,n,y,d
e,f,y,g,t,n,f,c,b,n,t,b,s,s,g,p,p,w,o,p,k,v,d
p,x,s,w,f,c,f,c,n,,e,b,s,s,w,w,p,w,o,,n,s,d
p,x,f,w,f,c,f,w,n,n,e,b,s,,w,w,p,w,o,p,n,s,d
e,f,f,n,t,n,f,c,b,n,t,b,s,s,w,w,p,w,o,p,k,v,d
e,f,f,e,t,n,f,c,b,u,t,b,s,s,w,p,p,w,,p,k,y,d
e,f,y,e,t,n,f,c,b,n,t,b,s,s,g,p,p,w,o,p,n,y,d
p,x,f,g,f,f,f,c,b,h,e,b,k,k,n,p,p,w,o,l,h,y,d
e,f,f,g,t,,f,c,b,p,t,b,s,s,g,w,p,w,o,p,n,v,d
e,f,f,g,t,n,f,c,b,n,t,?,s,s,w,p,,w,o,p,k,y,d
e,f,f,g,t,n,f,c,b,u,t,b,s,s,w,w,p,w,o,p,k,y,d
p,x,s,w,f,c,f,w,n,g,,b,s,s,w,,p,w,o,p,n,s,d
e,x,y,e,t,n,f,c,b,n,t,b,s,s,w,p,p,w,o,p,k,v,d
e,f,y,e,t,n,f,c,b,u,t,b,s,s,p,g,p,w,o,p,k,v,d
p,x,f,g,f,f,f,c,b,g,e,,k,k,p,b,p,w,o,l,h,y,d
e,f,f,e,t,n,f,c,b,w,t,b,s,s,w,g,p,w,o,p,k,y,d
p,x,f,g,f,f,f,c,b,p,e,b,k,k,n,b,p,w,o,l,h,v,p
p,x,f,p,f,c,f,w,n,g,e,b,s,s,w,w,p,w,o,p,k,s,d
e,f,y,g,t,n,f,c,b,w,t,b,s,s,p,w,p,w,o,p,k,v,d
p,x,f,g,f,f,f,c,b,g,e,b,k,k,n,p,p,w,o,l,h,v,p
p,x,f,w,f,c,f,c,n,g,e,b,s,s,w,w,p,w,o,p,n,s,d
p,x,f,g,f,f,f,c,b,p,e,b,k,k,p,p,p,w,o,l,h,,p
e,f,y,e,t,n,f,c,b,w,t,b,s,s,p,g,p,w,o,p,,v,d
p,x,y,g,f,f,f,c,b,p,e,b,k,k,n,p,p,w,o,l,h,v,p
p,x,s,g,f,c,f,w,n,u,e,b,s,s,w,w,p,w,o,p,n,s,d
e,f,y,g,t,n,f,c,b,n,t,b,s,s,g,g,p,w,o,p,n,y,d
e,f,y,n,t,n,f,c,b,p,t,b,s,s,g,p,p,w,o,p,k,v,d
e,f,f,e,t,n,f,c,b,n,t,b,s,s,w,w,p,w,o,p,n,y,d
p,x,f,g,f,f,f,c,b,p,e,b,k,k,n,n,p,w,o,l,h,v,p
p,x,f,p,f,c,f,w,n,g,e,b,s,s,w,w,p,w,o,p,k,v,d
e,x,y,n,t,n,f,c,b,p,t,b,s,s,g,p,p,w,o,p,n,v,d
e,f,f,e,t,n,f,c,b,w,t,b,s,s,p,p,p,w,o,p,,y,d
e,f,y,n,t,n,f,c,b,w,t,b,s,s,w,g,p,w,o,p,k,y,d
e,f,y,g,t,n,f,c,b,n,t,b,s,s,g,g,p,w,o,p,k,v,d
p,x,y,g,f,f,f,c,b,g,e,b,k,k,n,p,p,w,o,l,h,v,g
e,f,y,n,t,n,f,c,b,u,t,b,s,s,w,w,p,w,o,p,n,v,d
p,x,f,p,f,c,f,c,n,u,e,,s,s,w,w,p,w,o,p,,v,d
p,x,f,w,f,c,f,c,n,n,e,b,s,s,w,w,p,w,o,p,k,s,d
e,f,f,e,t,n,f,c,b,w,t,b,s,s,g,w,,w,o,p,n,y,d
e,f,y,,t,n,f,c,b,p,t,,s,s,g,w,p,w,o,p,n,y,d
e,f,y,e,t,n,f,c,b,u,t,b,s,s,g,p,,w,o,p,k,v,
e,f,y,g,t,n,f,c,b,u,t,b,s,s,g,w,p,w,o,p,k,v,d
p,x,f,g,f,f,f,c,b,g,e,b,k,k,b,b,p,,o,l,h,v,d
p,x,f,g,f,f,,c,b,p,e,b,k,k,n,b,p,w,o,l,h,y,p
e,f,f,e,t,n,f,c,b,p,t,b,s,s,w,w,p,w,o,p,k,y,d
p,x,y,y,f,f,f,c,b,g,e,b,k,k,p,n,p,w,o,l,h,v,g
p,x,s,p,f,c,f,c,n,u,e,b,s,s,w,w,p,w,o,p,k,s,d
e,f,f,e,t,,f,c,b,p,t,b,s,s,g,w,p,w,o,p,n,y,d
p,f,f,y,f,f,f,c,b,p,e,b,k,k,b,n,p,w,o,l,h,v,d
,f,y,e,t,n,f,c,b,u,t,b,s,s,g,p,p,w,o,p,k,y,d
e,f,y,wrong,,n,f,c,b,n,t,?,s,s,w,g,p,,o,p,n,v,d
e,x,f,n,t,n,f,c,b,u,t,?,s,s,w,w,p,w,o,p,k,y,d
e,,,e,t,n,f,c,b,w,t,b,s,s,g,p,p,w,o,p,k,v,d
e,f,f,g,t,n,f,c,b,w,t,?,s,s,w,p,p,w,o,p,n,v,d
p,x,f,g,f,f,f,c,b,p,e,b,k,k,b,b,p,w,o,l,h,v,g
e,f,y,e,t,n,f,c,b,u,t,b,s,s,p,p,p,w,o,p,n,y,d
p,f,f,g,f,f,f,c,b,h,e,b,k,k,n,b,p,w,o,l,h,y,p
e,f,y,e,t,n,f,,b,u,,b,s,s,g,w,p,w,o,p,n,y,d
e,f,f,e,t,n,,c,b,p,t,?,s,s,p,w,p,w,o,p,k,v,d
e,f,f,g,t,n,f,c,b,w,t,b,s,s,g,g,p,w,o,p,n,y,d
p,x,f,g,f,f,f,c,b,g,e,b,k,k,b,p,p,w,o,,h,y,g
e,f,y,,t,n,f,c,b,u,,?,s,s,p,g,p,w,o,p,k,v,d
e,f,y,g,t,n,f,c,b,u,t,b,s,s,g,p,p,w,o,p,k,y,d
p,x,f,,f,f,f,c,b,h,e,b,k,k,n,n,p,w,o,l,h,v,g
p,x,f,w,f,c,f,c,n,u,e,b,s,s,w,w,p,w,o,p,n,s,d
e,f,f,e,t,n,f,c,b,w,t,b,s,s,w,g,p,w,o,p,k,v,d
p,x,f,y,f,f,f,c,b,g,e,?,k,k,n,b,p,w,o,l,h,v,d
e,f,y,e,t,n,f,c,b,w,t,b,s,s,p,g,p,w,o,p,n,y,d
e,f,y,g,t,n,f,c,b,n,t,b,s,s,p,p,p,w,o,p,n,v,d
e,f,f,e,t,n,f,c,b,n,t,b,s,s,w,g,p,w,o,p,k,v,d
e,f,f,g,t,n,f,c,b,u,t,b,s,s,w,p,p,w,o,p,n,v,d
e,f,y,g,t,n,f,c,b,w,t,b,s,s,g,g,p,w,o,p,k,v,d
e,f,f,e,t,n,f,c,b,p,t,b,s,s,p,g,p,w,o,p,n,v,d
p,x,s,g,f,c,f,,n,,e,b,s,s,w,w,p,w,o,p,k,v,d
e,f,y,g,t,n,f,c,b,u,t,b,s,s,w,w,p,w,o,p,n,y,d
e,f,y,n,t,n,f,c,b,w,t,?,s,s,w,g,p,w,o,p,n,y,d
e,f,y,wrong,t,n,f,c,b,n,t,?,s,s,p,g,p,w,o,p,n,y,d
e,f,y,g,t,n,f,c,b,n,t,b,s,s,w,p,p,w,o,p,n,y,d
e,f,y,n,t,n,f,c,b,,t,?,s,s,g,w,p,w,o,p,k,y,d
e,,f,g,,n,f,c,b,n,t,b,s,s,w,g,p,w,o,p,n,v,d
e,f,f,g,t,n,f,c,b,u,t,,s,s,g,p,p,w,o,p,n,y,d
p,x,f,g,f,f,f,c,b,,,b,k,k,p,b,p,w,o,l,h,y,p
p,x,s,w,f,c,f,w,n,p,e,b,,s,w,w,p,w,o,p,k,v,d
e,f,f,g,t,n,f,c,b,u,t,b,s,s,p,g,p,w,o,p,k,v,d
e,f,f,g,t,n,f,c,b,w,t,b,s,s,g,w,,w,o,p,k,v,d
e,f,y,g,t,n,f,c,b,n,t,b,s,s,w,g,p,w,o,p,n,v,d
p,x,f,g,f,f,f,c,b,h,e,b,k,k,p,b,p,w,o,l,h,y,
p,x,s,w,f,c,,w,n,u,e,b,s,s,w,w,p,w,o,p,n,s,d
p,x,f,g,f,f,f,c,b,p,e,b,k,k,n,n,p,w,o,l,h,y,p
e,x,y,g,t,n,f,c,b,n,t,b,s,s,p,p,p,w,o,p,k,y,d
p,x,f,g,f,f,f,,b,h,e,b,k,k,b,n,p,w,o,l,h,v,g
e,f,y,e,t,n,f,c,b,p,t,b,s,s,w,w,p,w,o,p,n,y,d
e,f,y,g,t,n,f,c,b,p,t,b,s,s,w,p,p,w,o,p,n,y,d
e,x,f,g,t,n,f,c,b,w,t,b,s,s,g,w,p,w,o,p,k,v,d
p,x,f,g,f,f,f,c,b,h,e,b,k,k,b,b,p,w,o,l,h,v,d
e,f,y,g,t,n,f,c,b,p,t,b,s,s,p,w,p,w,o,p,k,y,d
e,f,y,,t,n,f,c,b,n,t,b,s,s,p,p,p,w,o,p,k,v,d
p,x,s,w,f,c,f,,n,p,e,b,s,s,w,w,p,w,o,p,k,s,d
p,x,y,y,,f,f,c,b,g,e,b,k,k,b,n,p,w,o,l,h,y,g
e,f,f,e,t,??,f,c,b,n,t,b,s,s,p,g,p,w,o,p,k,y,d
p,x,f,g,f,f,,c,b,g,e,b,k,k,p,p,p,w,o,l,h,y,d
p,x,f,g,f,f,f,c,b,g,e,b,k,k,n,n,p,w,o,l,h,y,d
e,x,y,n,t,n,f,c,b,u,,b,s,s,w,g,p,w,o,p,n,v,d
p,x,f,g,f,f,f,c,b,g,e,b,k,k,b,n,p,w,o,l,h,y,g
e,f,y,n,t,n,f,,b,u,t,b,s,s,p,g,p,w,o,p,n,y,d
e,f,f,g,t,n,f,c,b,u,t,b,s,s,w,p,p,w,o,p,k,y,d
e,f,y,g,t,n,f,c,b,p,t,b,s,s,g,p,p,w,o,p,n,v,
e,f,y,g,t,n,f,c,b,u,t,b,s,s,p,p,p,w,o,p,k,y,d
p,x,s,g,f,c,f,w,n,n,e,b,s,s,w,w,p,w,o,p,n,s,d
e,f,f,g,t,n,f,c,b,,t,b,s,s,p,g,p,w,o,p,k,v,d
e,f,y,e,t,n,f,c,b,n,t,b,s,s,p,g,p,w,o,p,n,v,d
e,f,y,n,t,n,f,c,b,n,t,b,s,s,g,w,p,w,o,p,n,v,d
e,f,y,g,t,n,f,c,b,u,t,b,s,s,g,p,p,w,o,p,k,v,d
p,x,f,p,f,c,f,c,n,g,e,b,s,s,w,w,p,w,o,p,n,v,d
p,x,f,g,f,f,f,c,b,p,e,b,k,k,n,p,p,w,o,l,h,y,g
e,f,y,g,t,n,f,c,Z,p,t,b,s,s,g,p,p,w,o,p,k,XXX,
e,f,f,g,t,n,f,c,b,u,t,b,s,s,w,g,p,w,o,p,k,y,d
p,x,s,p,f,c,f,w,n,p,e,b,s,s,w,w,p,w,o,p,n,v,d
e,x,y,g,t,n,f,c,b,u,t,b,s,s,w,p,p,w,o,p,n,y,d
p,x,f,g,f,f,f,c,b,h,e,?,k,k,p,n,p,w,o,l,h,y,p
p,x,f,g,f,f,f,c,b,h,e,b,k,k,b,n,p,w,o,l,h,y,p
e,f,y,n,t,n,f,c,b,w,t,b,s,s,p,p,p,w,o,p,n,y,d
e,f,y,n,t,n,f,c,b,p,t,?,s,s,p,w,p,w,o,p,n,v,d
p,x,s,g,f,c,f,c,n,u,e,b,s,s,w,w,p,w,o,p,n,v,d
p,,f,g,f,f,f,c,b,g,e,b,k,k,n,n,p,w,o,l,h,v,d
p,x,f,p,f,c,f,w,n,p,e,b,s,s,w,w,p,w,o,p,n,s,d
e,f,y,e,t,n,f,c,b,w,t,b,s,s,g,w,p,w,o,p,k,v,d
e,f,y,g,t,n,,c,b,w,t,b,s,s,w,p,p,w,o,p,k,v,d
e,f,f,e,t,n,f,c,b,n,t,b,s,s,g,p,p,w,o,p,n,y,d
p,x,f,y,f,f,f,c,b,p,e,b,k,k,p,b,p,w,o,l,h,y,g
e,f,f,g,t,n,f,c,b,w,t,b,s,s,g,w,p,w,o,p,k,y,d
p,x,f,w,f,c,f,w,n,p,e,b,s,s,w,w,p,w,o,p,k,v,d
p,x,f,g,f,f,f,c,b,g,e,b,k,k,n,n,p,w,o,l,h,v,d
e,f,f,e,t,n,f,c,b,p,t,,s,s,p,g,p,w,o,p,n,y,d
e,f,y,g,t,n,f,c,b,w,t,?,s,s,g,p,p,w,o,p,n,y,d
p,x,f,g,f,f,f,c,b,p,e,b,k,k,b,n,p,w,o,l,h,v,p
p,x,f,g,f,f,f,c,b,h,e,?,k,k,n,p,p,w,,l,h,v,p
p,x,s,p,f,c,f,w,n,p,e,b,s,s,w,w,p,w,o,p,k,v,
e,x,y,g,t,n,f,c,b,u,t,b,s,s,w,g,p,w,o,p,k,v,d
p,x,f,g,f,f,f,c,b,p,e,b,k,k,b,p,p,w,o,l,h,v,d
e,f,y,n,t,n,f,c,b,w,t,b,s,s,p,g,p,w,o,p,n,y,d
e,x,y,n,t,n,f,c,b,u,t,b,s,s,w,w,p,w,o,p,n,v,d
e,f,y,e,t,n,f,c,b,p,t,b,s,s,g,g,p,w,o,p,n,y,d
e,f,y,g,t,n,f,c,b,p,t,b,s,s,w,g,p,w,o,p,n,y,d
e,f,f,e,t,n,f,c,b,p,t,b,s,s,w,g,p,w,o,p,k,y,d
e,f,y,g,t,n,f,c,b,p,t,b,s,s,g,w,p,w,o,p,k,y,d
e,f,f,g,t,n,f,c,b,w,t,b,s,s,w,g,p,w,o,p,n,y,d
p,x,f,p,f,??,f,w,n,n,e,b,,s,w,w,p,w,o,p,k,s,d
e,f,f,e,t,n,f,c,b,n,t,b,s,,g,g,p,w,o,p,n,v,d
e,f,f,e,t,n,f,c,b,u,t,b,s,s,g,w,p,w,o,p,k,v,d
p,x,s,w,f,c,f,w,n,n,e,?,s,s,w,w,p,w,o,p,n,s,d
e,f,,g,t,n,f,c,b,w,t,b,s,s,g,p,p,w,o,p,k,y,d
e,f,y,n,t,n,f,c,b,n,t,b,s,s,w,w,p,w,o,p,k,,d
p,x,f,g,f,f,f,c,b,h,e,b,k,k,p,p,p,w,o,l,h,v,g
e,f,f,e,t,n,f,c,b,n,t,b,s,s,w,p,p,w,o,p,n,v,d
p,x,f,g,f,f,f,c,b,h,e,b,k,k,p,p,p,w,o,l,h,y,g
e,f,f,e,t,n,f,c,b,w,t,b,s,s,p,w,p,w,o,,n,y,d
e,f,y,g,t,n,f,c,b,u,t,b,s,s,p,g,p,w,o,p,n,y,d
e,f,f,g,t,n,f,c,b,w,t,b,s,s,p,g,p,w,o,p,n,v,d
p,x,f,g,f,f,f,c,b,g,e,b,k,k,b,n,p,w,o,l,h,v,g
e,f,y,e,t,n,f,c,b,n,t,b,s,s,g,p,p,w,o,p,n,v,d
p,x,f,w,f,c,f,c,n,p,e,b,s,s,w,w,p,w,o,p,k,s,d
e,f,y,n,t,n,f,c,b,n,t,b,s,s,w,p,p,w,o,p,n,y,d
e,x,y,g,t,n,f,c,b,p,t,b,s,s,p,p,p,w,o,p,k,y,d
e,f,y,n,t,n,f,c,b,u,t,b,s,s,p,p,p,w,o,p,n,y,d
e,f,y,e,t,n,f,c,b,n,t,b,s,s,p,w,p,w,o,p,n,v,d
e,f,y,g,t,n,f,c,b,p,t,b,s,s,p,,p,w,o,p,n,y,d
e,f,y,e,t,n,f,c,b,u,t,?,s,s,w,g,p,w,o,p,n,v,d
p,x,f,g,f,f,f,c,b,h,,b,k,k,p,p,p,w,,l,h,y,d
e,f,y,g,t,n,f,c,b,u,t,b,s,s,w,p,p,w,o,p,k,,d
e,f,y,g,t,n,f,c,b,w,t,?,s,s,w,g,p,w,o,p,n,v,d
e,f,f,g,t,n,f,c,b,w,t,b,s,s,p,p,p,w,o,p,n,y,d
e,f,y,g,t,n,f,c,b,p,t,b,s,s,p,g,p,w,o,p,n,v,d
e,f,f,e,t,n,f,c,b,p,t,b,s,s,p,g,p,w,o,p,k,y,d
e,f,,e,t,n,f,c,b,n,t,b,s,s,w,g,p,w,o,p,k,y,d
,f,y,n,t,n,f,c,b,p,t,b,s,s,g,w,p,w,o,p,n,v,d
e,f,f,n,t,n,f,c,b,w,t,b,s,s,w,,p,w,o,p,k,v,d
p,x,f,p,f,c,f,c,n,u,e,b,s,s,w,w,p,w,o,p,n,s,d
p,x,f,g,f,f,f,c,b,p,e,b,k,k,n,n,p,w,o,l,h,v,d
e,f,y,g,t,n,f,c,b,n,t,b,s,s,g,w,p,w,,p,n,v,d
e,f,y,e,t,n,f,c,b,u,t,b,s,,g,g,p,w,o,p,n,v,d
p,x,s,w,f,c,f,c,n,g,e,b,s,s,w,w,p,w,o,p,k,s,d
p,x,f,p,f,c,f,w,n,g,e,b,s,s,w,w,p,w,o,,n,v,d
p,x,f,g,f,f,f,c,b,g,e,b,k,k,b,b,p,w,o,l,h,y,p
e,x,f,wrong,t,n,f,c,b,p,t,b,s,s,w,p,p,w,o,p,k,v,d
e,f,y,e,t,n,f,,b,u,t,b,s,s,w,p,p,w,o,p,k,v,d
p,x,s,p,f,c,f,w,n,p,e,b,s,s,w,w,p,w,o,p,k,s,d
,f,y,g,t,n,f,c,b,n,,b,s,s,g,p,p,w,o,p,n,y,d
e,f,y,n,t,n,f,c,b,n,t,b,s,s,p,p,,w,o,p,k,y,d
,,f,g,f,f,f,c,b,g,e,b,k,k,b,p,p,w,o,l,h,v,g
e,f,y,n,t,n,f,c,,w,t,b,s,s,g,p,p,w,o,p,k,v,
e,x,f,e,t,n,f,c,b,p,t,b,s,s,g,g,p,w,o,p,k,y,d
p,x,f,w,f,c,f,w,n,g,e,b,s,s,w,w,p,w,o,p,k,v,d
e,f,y,n,t,n,f,c,b,n,t,b,s,s,p,g,p,w,o,p,n,y,d
p,x,f,g,f,f,f,c,b,g,e,b,k,k,p,n,p,w,o,l,h,v,d
e,f,y,e,t,n,f,c,b,n,t,b,s,s,w,g,p,w,o,p,k,y,d
p,x,f,y,f,f,f,c,b,p,e,b,k,k,n,n,p,w,o,,h,y,p
e,f,f,g,t,n,f,c,b,u,t,?,s,s,g,g,p,w,o,p,k,v,d
e,x,f,e,t,n,f,c,b,n,t,b,s,s,g,p,p,w,o,p,k,y,d
e,f,y,e,t,n,,c,b,n,t,b,s,s,p,,p,,o,p,n,v,d
e,f,y,g,t,n,f,c,b,u,t,b,s,s,w,g,p,w,o,p,k,v,d
p,x,f,g,f,c,f,w,n,u,e,b,s,s,w,w,p,w,o,p,k,v,d
e,f,y,g,t,n,f,c,b,w,t,b,s,s,w,w,p,w,o,p,n,y,d
e,f,f,e,t,n,f,c,b,n,t,b,s,s,p,w,p,w,o,p,k,v,d
p,x,f,wrong,f,f,f,,b,h,e,b,k,k,n,b,p,w,o,l,h,y,p
e,f,y,n,t,n,f,c,b,w,t,b,s,s,g,p,p,w,o,p,n,v,d
p,x,s,g,f,c,f,w,n,g,e,b,s,s,w,w,p,w,o,p,n,s,d
p,x,f,g,f,f,f,c,b,h,e,b,k,k,p,n,p,w,o,l,h,v,g
e,f,f,e,t,n,f,c,b,u,t,b,s,s,w,,p,w,o,p,k,v,d
e,f,y,n,t,n,f,c,b,u,t,?,s,s,p,w,p,w,o,p,n,v,d
e,f,y,g,t,n,f,c,b,n,t,b,s,s,w,p,p,w,o,p,k,v,d
e,f,f,g,t,n,f,c,b,u,t,b,s,s,w,p,p,w,o,p,n,y,d
p,x,f,w,f,c,f,c,n,p,,b,s,s,w,w,p,w,o,p,k,v,d
p,x,f,g,f,f,f,c,b,p,e,b,k,k,p,p,p,w,o,l,h,v,g
p,x,f,g,f,c,f,w,n,u,e,b,s,s,w,w,p,w,o,p,n,v,d
e,f,f,e,t,n,f,c,b,n,t,b,s,s,,w,p,w,o,p,n,v,d
e,f,y,e,t,n,f,c,b,w,t,b,s,s,p,p,p,w,o,p,n,v,d
p,f,y,g,f,f,f,c,b,h,e,b,k,k,b,n,p,w,o,l,h,y,d
p,x,f,g,f,f,f,c,b,h,e,b,k,k,n,n,p,w,o,l,h,y,g
e,f,y,e,t,n,f,c,b,p,t,?,s,s,g,p,p,w,o,p,n,y,d
p,x,f,p,f,c,f,w,n,g,e,b,s,s,w,w,p,,o,p,n,s,d
p,x,s,g,f,c,f,c,n,u,e,b,s,s,w,w,p,w,o,p,k,s,d
e,f,y,e,t,n,f,c,b,w,t,b,s,s,w,g,p,w,o,p,,v,d
e,f,f,e,t,n,f,c,b,p,t,b,s,s,g,p,p,w,o,p,n,y,d
e,f,,e,t,n,f,c,b,w,t,?,s,s,p,g,p,w,o,p,k,y,d
e,f,y,n,t,n,f,c,b,w,t,b,s,s,w,g,p,w,o,p,k,v,d
p,x,s,p,f,c,f,w,n,g,e,b,s,s,w,w,p,w,o,p,,v,d
p,x,f,g,f,f,f,c,b,p,e,?,k,k,n,n,p,w,o,l,h,y,d
e,f,f,e,t,n,f,c,b,w,t,b,s,s,w,w,p,w,o,p,k,v,d
e,f,y,e,t,n,f,c,,u,t,b,s,s,w,p,p,w,o,p,n,v,d
e,f,,g,t,n,f,c,,,t,b,s,s,w,g,p,w,o,p,k,v,d
e,f,f,e,t,n,f,c,b,u,,b,s,s,w,p,p,w,o,p,n,y,d
e,f,y,n,t,n,f,c,b,n,t,b,s,s,g,p,p,w,o,p,n,y,d
e,f,y,e,t,n,f,c,b,w,t,b,s,s,g,g,p,w,o,p,k,v,d
p,f,f,y,f,f,f,c,b,g,e,b,k,k,b,n,p,w,o,l,h,v,p
e,x,f,g,t,n,f,c,b,p,t,b,s,s,w,p,p,w,o,p,k,y,d
,x,s,p,f,c,f,w,n,p,e,b,s,s,w,w,p,w,o,p,n,s,d
e,x,y,e,t,n,f,c,b,w,t,b,s,s,w,p,p,w,o,p,n,y,d
e,f,f,g,t,n,f,c,b,u,t,b,s,s,g,g,p,w,o,p,,y,d
e,f,f,e,t,n,f,c,b,u,t,b,s,s,g,w,p,w,o,p,n,v,d
e,x,f,e,t,n,f,c,b,u,t,b,s,s,p,w,p,w,o,p,k,v,d
e,f,y,g,t,n,f,c,b,p,t,b,s,s,w,w,p,w,o,p,k,v,d
e,f,f,e,t,n,f,c,b,n,t,b,s,s,g,w,p,w,o,p,n,v,d
p,x,s,w,f,c,f,w,n,n,e,b,s,s,w,w,p,w,o,p,n,v,d
p,x,y,g,f,f,f,c,b,g,e,b,k,k,p,p,p,w,o,l,h,y,d
p,x,f,p,f,c,f,c,n,n,e,,s,s,w,w,p,w,o,p,k,v,d
e,f,y,g,t,n,f,c,b,w,t,b,s,s,w,g,p,w,o,p,n,y,d
e,x,y,n,t,n,f,c,b,w,t,b,s,s,g,w,p,w,o,p,n,v,d
p,x,f,g,f,c,f,c,n,n,e,b,s,s,w,w,p,w,o,p,n,s,d
e,f,y,n,t,n,,c,b,w,t,b,s,s,p,p,p,w,o,p,k,y,d
p,x,f,,f,c,f,c,n,g,e,b,s,s,w,w,p,w,o,p,k,v,d
e,f,f,e,t,n,f,c,b,n,t,b,s,s,p,w,p,w,o,p,n,y,d
p,x,s,w,f,c,f,w,n,n,e,b,s,s,w,w,p,w,o,p,k,s,d
e,x,y,,t,n,f,c,b,n,t,b,s,s,g,p,p,w,o,p,n,v,d
p,x,f,g,f,f,f,c,b,g,e,b,k,k,p,n,p,w,o,l,h,y,g
p,x,s,g,f,c,f,c,n,n,e,b,s,s,w,w,p,w,o,p,k,s,d
e,f,y,n,t,n,f,c,b,n,t,b,s,s,g,g,p,w,o,p,n,y,d
p,x,f,g,f,f,f,c,b,g,e,b,k,k,p,p,p,w,o,l,h,y,
p,x,s,p,f,c,f,c,n,p,e,b,s,s,w,w,p,w,o,p,,v,d
e,f,y,e,t,n,f,c,b,u,t,b,,s,p,w,p,w,o,p,k,y,d
p,x,s,g,f,c,f,w,n,p,e,,s,s,w,w,p,w,o,p,n,s,d
e,x,y,g,t,n,f,c,b,p,t,b,s,s,g,w,p,w,o,p,n,v,d
e,x,y,g,t,n,,c,b,w,t,b,s,s,p,w,p,w,o,p,k,y,d
e,f,y,n,t,n,f,c,b,n,t,b,s,s,g,w,p,w,o,p,n,y,d
e,f,y,n,t,n,f,c,b,u,t,b,s,s,g,w,p,w,o,p,k,v,d
e,f,f,n,t,n,f,c,b,,t,b,s,s,g,g,p,w,o,p,n,y,d
p,x,s,g,f,c,f,c,n,n,e,b,s,s,w,w,p,w,o,p,n,s,d
e,f,f,g,t,n,f,c,b,w,t,b,s,s,w,p,p,w,o,p,k,v,d
e,x,f,e,t,n,f,c,b,u,t,b,s,s,p,g,p,w,o,p,n,v,d
e,f,f,g,t,n,f,,b,w,t,b,s,s,g,w,p,w,o,p,n,y,d
e,f,y,e,t,n,f,c,b,n,t,b,s,s,w,g,p,w,o,p,n,y,d
e,f,y,n,t,n,f,c,b,n,t,b,s,s,p,g,p,w,o,p,k,v,d
p,x,f,g,f,f,f,c,b,g,e,b,k,k,n,p,,w,o,l,h,y,g
p,x,s,g,,c,f,c,n,p,e,b,s,s,w,w,p,w,o,p,n,s,d
e,f,y,e,t,??,f,c,b,w,t,b,s,s,g,g,p,w,o,p,k,y,d
e,x,y,g,t,n,f,c,Z,w,t,b,s,s,p,w,p,w,o,p,n,XXX,d
p,,f,g,f,c,f,w,n,g,e,b,s,s,w,w,p,w,o,p,k,v,d
,,y,n,t,n,f,c,b,n,t,b,s,s,w,w,p,w,o,p,k,y,d
e,f,,g,t,n,f,c,b,n,t,b,s,s,g,w,p,w,o,p,k,y,d
e,f,f,e,t,n,f,c,b,u,t,b,s,s,p,w,p,w,o,p,k,v,d
p,x,f,y,f,f,f,c,b,p,e,b,k,k,n,b,p,w,,l,h,v,p
p,x,s,g,f,c,f,w,n,p,e,b,s,s,w,w,p,w,o,p,k,v,d
e,f,y,g,t,n,f,c,b,n,t,b,s,s,g,w,p,w,o,p,n,y,d
e,f,,n,t,n,f,c,b,p,t,b,s,s,g,g,p,w,o,p,n,y,d
e,f,y,n,t,n,f,c,b,u,t,b,s,s,g,g,p,w,o,p,k,y,d
e,f,y,g,t,n,f,c,b,p,t,b,s,s,p,w,p,w,o,p,n,v,d
e,f,y,g,t,n,f,c,b,n,t,b,s,s,p,w,p,w,o,p,k,v,d
p,x,f,g,f,f,f,c,b,g,e,b,k,k,n,n,p,w,o,l,h,v,p
e,f,y,g,t,n,f,c,Z,w,t,b,s,s,p,w,p,w,o,p,k,XXX,d
e,f,f,e,t,n,f,c,b,p,t,b,s,s,g,w,p,w,o,p,n,v,d
p,x,f,g,f,c,f,w,n,g,e,b,s,,w,w,p,w,o,p,n,v,d
e,f,y,g,t,n,f,c,b,u,t,b,s,s,w,p,p,w,o,p,n,v,d
p,f,y,g,f,f,f,c,b,h,e,b,k,k,p,,p,w,o,l,h,y,p
e,f,f,e,t,n,f,c,b,u,t,b,s,s,p,g,p,w,o,p,k,y,d
p,x,f,g,f,f,f,c,b,h,e,b,k,k,b,p,p,w,o,l,h,v,p
e,f,y,g,t,n,f,c,b,u,t,b,s,s,w,p,p,w,o,p,k,v,d
p,x,f,p,f,c,f,c,n,n,e,b,s,s,w,w,p,w,o,p,n,s,d
e,f,,e,t,n,f,c,b,w,t,b,s,s,p,p,p,w,o,p,n,v,d
p,x,f,p,f,c,f,w,n,p,e,b,s,s,w,w,p,w,o,p,n,v,d
p,x,s,w,,c,f,c,n,u,e,b,s,s,,w,p,w,o,p,,s,d
e,f,y,g,t,n,f,c,b,n,t,?,s,s,p,w,p,w,o,p,n,v,d
p,x,s,p,f,c,f,w,n,u,e,b,s,s,w,w,p,w,o,p,n,v,d
p,x,f,g,f,f,f,c,b,g,e,?,k,k,b,b,p,w,o,l,h,y,d
e,x,f,n,t,n,f,c,b,u,t,b,s,s,w,g,p,w,o,p,n,v,d
e,f,y,g,t,n,f,c,b,p,t,b,,s,p,p,p,w,o,p,k,y,d
e,f,y,e,t,n,f,c,b,u,t,b,s,s,w,w,p,w,o,p,k,y,d
p,x,f,g,f,f,f,c,b,p,e,b,k,k,p,b,p,w,o,l,h,y,g
p,x,f,g,f,c,f,w,n,n,e,b,s,s,w,w,p,,o,p,n,,d
p,x,f,g,f,f,f,c,Z,g,e,b,k,k,p,b,p,w,o,l,h,XXX,p
p,x,f,w,f,c,f,w,n,u,e,b,s,s,w,w,p,w,o,p,n,s,d
,f,y,n,t,n,f,c,b,p,t,b,s,s,g,w,p,w,o,p,k,y,d
e,f,y,g,t,n,f,c,b,p,t,b,s,s,w,w,p,w,o,p,k,y,d
p,x,f,w,f,c,f,w,n,g,e,b,s,s,w,w,p,w,o,p,k,s,d
e,x,y,g,t,n,f,c,b,w,t,b,s,s,g,w,p,w,o,p,k,y,d
e,f,y,n,t,n,f,c,b,w,t,b,s,s,w,p,p,w,o,p,k,v,d
e,f,f,g,t,n,f,c,b,u,t,b,s,s,g,w,p,w,o,p,k,y,d
e,x,y,e,t,n,f,c,b,p,t,b,s,s,p,g,p,w,o,p,k,y,d
e,f,y,e,t,n,f,c,b,n,t,b,,s,p,g,p,w,o,p,k,y,d
p,,f,w,f,c,f,w,n,n,e,,s,s,w,w,p,w,o,p,k,s,d
e,f,f,e,t,n,f,c,b,p,t,b,s,s,g,g,p,w,o,p,n,y,d
p,x,y,y,f,f,f,c,b,h,e,b,k,k,n,p,p,w,o,l,h,y,d
e,f,f,g,t,n,f,c,b,p,t,b,s,s,w,p,p,w,o,p,n,v,d
e,f,y,n,t,n,f,c,b,n,t,b,s,s,p,g,p,w,o,p,n,v,d
p,x,f,g,f,c,f,,n,p,e,b,s,s,w,w,p,,o,p,n,v,d
p,x,s,p,f,c,f,c,n,n,e,b,s,s,w,w,p,w,o,p,n,v,d
e,f,f,e,t,n,f,c,b,u,t,b,s,s,g,p,p,w,o,p,n,y,d
e,x,f,g,t,n,f,c,b,p,t,b,s,s,p,p,p,w,o,p,k,v,d
e,f,y,g,t,n,f,c,b,u,t,b,s,s,g,g,p,w,o,p,k,y,d
p,x,f,g,f,f,f,c,b,h,e,b,k,k,n,b,p,w,o,l,h,v,p
e,x,y,n,t,n,f,c,b,u,t,b,,s,w,w,p,w,o,p,k,v,d
e,f,y,g,t,n,f,c,b,n,t,b,s,s,p,w,p,w,o,p,k,y,d
e,f,f,g,t,n,f,c,b,u,t,b,s,s,g,g,p,w,o,p,n,y,d
p,x,f,g,f,c,f,c,n,p,e,b,s,s,w,w,p,w,o,p,k,s,d
e,f,y,n,t,,f,c,b,p,t,b,s,s,w,p,p,w,o,p,n,v,d
p,x,f,g,f,f,f,c,b,h,e,b,k,k,p,p,p,w,o,l,h,v,p
,f,y,g,t,n,f,c,b,u,t,b,s,s,p,p,p,w,o,p,k,v,d
e,f,f,e,t,n,f,c,b,u,t,b,s,s,p,g,p,w,o,p,k,v,d
e,f,f,e,t,n,f,,b,n,t,?,s,s,w,p,p,w,o,p,k,y,d
p,x,s,w,f,c,f,c,n,u,e,b,s,s,w,w,p,w,o,p,n,v,d
p,x,f,w,f,c,f,w,n,p,e,b,s,,w,w,p,w,o,p,n,s,d
e,f,f,e,t,n,f,c,b,w,t,b,s,s,p,w,p,w,o,p,k,v,d
e,f,f,e,t,n,f,c,b,p,t,b,s,s,w,w,p,w,o,p,k,v,d
e,f,y,n,t,n,f,c,b,u,t,b,s,s,p,g,p,w,o,p,k,y,d
p,x,f,g,f,f,f,c,b,h,e,b,k,k,n,b,p,w,o,l,,v,g
e,f,y,g,t,n,f,c,b,w,t,b,s,s,g,g,p,w,o,p,k,y,d
p,x,f,g,f,f,f,c,b,p,e,b,k,k,p,n,p,w,o,l,h,y,p
e,f,f,e,t,n,f,c,b,w,t,b,s,s,g,p,p,w,o,p,n,y,d
p,x,f,g,f,f,f,c,b,h,e,b,k,k,n,p,p,w,o,l,h,v,g
e,f,y,g,t,n,f,c,b,u,t,b,s,s,p,w,p,w,o,p,n,v,d
e,,f,e,,n,f,c,b,u,t,b,s,s,w,w,p,w,o,p,k,y,d
e,f,y,n,t,n,f,c,b,w,t,b,s,s,w,w,p,w,o,p,n,v,d
p,x,f,g,f,f,f,c,b,h,e,b,k,k,p,n,p,w,o,l,h,y,d
e,f,f,e,t,n,f,c,b,u,t,b,,s,g,g,p,w,o,p,k,y,d
e,x,f,g,t,n,f,c,b,p,t,b,s,s,g,g,p,w,o,p,n,v,d
e,f,y,g,t,n,f,c,b,n,t,b,s,s,p,g,p,w,o,p,n,v,d
p,x,f,w,f,c,f,w,n,u,e,b,s,s,w,w,p,w,o,p,k,s,d
e,f,f,e,t,n,f,c,b,p,t,b,s,s,w,p,p,w,o,p,k,y,d
e,f,f,wrong,t,n,f,c,b,n,t,b,s,s,,p,p,w,o,p,k,y,d
e,f,y,e,t,n,f,c,b,u,t,b,s,,w,g,p,w,o,,n,y,d
e,x,f,e,t,n,f,c,b,n,t,b,s,s,g,p,p,w,o,p,k,v,d
e,f,y,n,t,n,f,c,b,u,t,b,s,s,p,w,p,w,o,p,k,v,d
p,x,f,g,f,f,f,c,b,p,e,b,k,k,p,,p,w,o,l,h,v,g
e,x,f,g,t,n,f,c,b,n,t,b,s,s,p,w,p,w,o,,k,v,d
p,x,f,g,f,f,f,c,b,g,e,b,k,k,b,n,p,w,o,l,h,y,d
e,f,y,g,t,n,f,c,b,n,t,b,s,s,g,w,p,w,o,p,k,v,d
e,f,y,n,t,n,f,c,b,p,t,b,s,s,p,p,p,w,o,p,n,y,d
p,x,y,g,f,f,f,c,b,h,e,b,k,k,b,p,p,w,o,l,h,v,d
e,f,y,g,t,n,f,c,b,w,t,b,s,s,w,p,p,w,o,p,n,y,d
p,f,f,g,f,f,f,c,b,p,e,b,k,k,n,p,p,w,o,l,h,v,d
e,f,y,e,t,n,f,c,b,w,t,b,s,s,p,p,p,w,o,p,k,y,
p,x,s,,f,c,f,c,n,g,e,b,s,s,w,w,p,w,o,p,n,v,d
e,f,y,e,t,n,f,c,b,u,t,b,s,s,p,w,p,w,o,p,k,v,d
e,f,y,n,t,n,f,c,b,u,t,b,s,s,g,w,p,w,o,p,k,y,d
e,x,f,e,t,n,f,c,b,n,t,b,s,s,g,w,p,w,o,p,k,v,d
e,f,y,e,t,n,f,c,b,n,,?,s,s,p,w,p,w,o,p,k,v,d
e,f,y,g,t,n,f,c,b,w,t,b,s,s,p,g,p,w,o,p,n,v,d
p,x,s,p,f,c,f,w,n,n,e,b,s,s,w,w,p,w,o,p,k,s,d
p,f,f,g,f,f,f,c,b,h,e,b,k,k,b,p,p,w,o,l,h,v,d
e,f,f,g,t,n,f,c,b,w,t,b,s,s,p,w,p,w,o,p,n,v,d
e,f,f,e,t,n,f,c,b,w,t,b,s,s,w,g,p,w,o,p,n,y,d
p,x,f,p,f,c,f,c,n,u,e,b,s,s,w,w,p,w,o,p,n,v,d
e,f,f,n,t,n,f,c,b,p,t,b,s,s,g,g,p,w,o,p,n,y,d
e,f,y,g,t,n,f,c,b,p,t,b,s,s,p,w,p,w,o,p,k,v,d
e,f,y,e,t,n,f,c,b,p,t,b,s,s,p,w,p,w,o,p,k,y,d
e,f,y,e,t,n,f,c,b,w,t,b,s,s,w,w,p,w,o,p,k,y,d
e,x,f,g,t,n,f,c,b,n,t,b,s,s,p,g,p,w,o,p,n,y,d
p,x,s,w,f,c,f,w,n,p,e,b,s,s,w,w,p,w,o,p,n,v,d
e,f,y,g,t,n,f,c,b,n,t,b,s,s,g,g,p,w,o,p,k,y,d
p,x,y,g,f,f,f,c,b,p,e,b,k,k,b,p,p,w,o,l,h,v,d
e,f,y,n,t,n,f,c,b,p,t,b,s,s,p,w,p,w,o,p,k,v,d
e,f,y,n,t,n,f,c,b,p,t,b,s,s,g,,p,w,o,p,k,v,d
p,x,s,g,f,c,f,w,n,n,e,b,s,s,w,w,p,w,o,p,k,,d
e,f,y,g,t,n,f,c,b,p,t,b,s,s,p,w,p,w,o,p,n,y,d
e,f,y,e,t,n,f,c,b,w,t,b,s,s,w,w,p,w,o,p,n,v,d
,x,f,g,f,f,f,c,b,g,e,b,k,k,p,n,p,w,o,l,h,y,d
e,x,y,n,t,n,f,c,b,w,t,b,s,s,g,p,p,w,o,p,n,y,d
e,f,y,e,t,n,f,c,b,u,t,b,s,s,p,g,p,w,o,p,n,,d
e,f,f,e,t,n,f,c,b,n,t,b,s,s,p,g,p,w,o,,k,v,d
p,x,s,p,f,c,f,c,n,n,e,b,s,s,w,w,p,w,o,p,n,s,d
p,x,f,g,f,f,f,c,b,h,e,b,k,k,p,p,p,w,o,l,h,v,d
e,f,y,e,t,n,f,c,,p,t,b,s,s,p,w,p,w,o,,k,v,d
e,f,y,g,t,n,f,c,b,p,t,b,s,s,g,w,p,w,o,p,k,v,d
p,x,s,p,f,c,f,c,n,p,e,b,s,s,w,w,p,w,o,p,n,v,d
e,f,f,g,t,n,f,c,b,u,t,b,s,s,w,g,p,w,o,p,n,y,d
e,f,f,e,t,n,f,c,b,n,t,b,s,s,w,,p,,o,p,k,y,d
e,f,f,n,t,n,f,c,b,u,t,b,s,s,g,w,p,w,o,,k,v,d
e,x,y,g,t,n,f,c,b,n,t,b,s,s,w,w,p,w,o,p,n,v,d
e,x,y,n,t,n,f,c,b,w,t,b,s,s,w,p,p,w,o,p,n,y,d
e,f,y,n,t,n,f,c,b,u,t,b,s,s,g,p,p,w,o,p,n,y,d
p,x,f,p,f,c,f,c,n,p,e,b,s,s,w,w,p,w,o,p,k,v,d
,f,f,e,t,n,f,c,b,p,t,b,s,s,w,p,p,w,o,p,k,v,d
p,x,y,y,f,f,f,c,b,p,e,b,k,k,n,n,p,w,o,l,h,y,d
p,x,s,g,f,c,f,w,n,p,e,b,s,s,w,w,p,w,o,p,n,v,d
e,f,y,n,t,n,f,c,b,w,t,b,s,s,w,w,p,w,o,p,k,,d
p,f,f,g,f,f,f,c,b,p,e,b,k,k,n,n,p,w,o,l,h,v,d
p,x,f,g,f,c,f,w,n,n,e,b,s,s,w,w,p,w,o,p,k,s,d
e,f,,g,t,n,f,c,b,p,t,b,s,s,p,g,p,w,o,p,k,y,d
e,f,y,g,t,n,f,c,b,u,t,b,s,s,g,g,p,w,o,p,k,v,d
e,f,y,g,t,n,f,c,b,w,t,b,s,s,g,p,p,w,o,p,n,v,d
e,x,y,n,t,n,f,c,b,w,t,,s,s,g,w,p,w,o,p,n,y,d
p,x,f,y,f,f,f,c,b,p,e,b,,k,b,n,p,w,o,l,h,v,g
e,f,f,g,t,n,f,c,b,u,t,b,s,s,g,w,p,w,o,p,n,y,
p,x,f,g,f,f,f,c,b,p,e,b,k,k,b,p,p,w,o,l,h,v,p
e,f,y,e,t,n,f,c,b,u,t,b,s,s,g,w,p,w,o,p,n,v,
e,f,f,e,t,n,f,c,b,w,t,b,s,s,p,g,p,w,o,p,n,,d
p,f,f,g,f,f,f,c,b,p,e,b,k,k,n,p,p,w,o,l,h,,d
e,f,f,e,t,n,f,c,b,p,t,b,s,s,p,g,p,w,o,p,k,v,d
p,x,f,y,f,f,f,c,b,g,e,b,k,k,p,n,p,w,o,l,h,y,p
e,f,f,e,t,n,f,c,b,u,t,b,s,s,g,g,p,w,o,p,n,v,d
e,f,f,g,t,n,f,c,b,u,t,b,s,s,w,w,p,w,o,p,n,v,d
e,f,f,e,t,n,f,c,b,p,t,b,s,s,g,g,p,w,o,p,k,v,d
e,f,y,e,t,n,f,c,b,n,t,b,s,s,w,w,p,w,o,p,n,,d
e,f,y,e,t,n,f,c,b,n,t,b,s,s,g,w,p,w,o,p,k,y,d
e,f,y,n,t,n,f,c,,n,t,b,s,s,g,p,p,w,o,p,n,v,d
e,f,f,g,,n,f,c,b,w,t,b,s,s,g,,p,w,o,p,n,v,d
e,f,f,e,t,n,,c,b,p,t,b,s,s,p,w,p,w,o,p,n,v,d
p,x,f,g,f,f,f,c,b,g,,b,k,k,b,b,p,w,o,l,h,v,g
e,f,y,n,t,n,f,c,b,u,t,b,s,s,w,g,p,w,o,p,k,y,d
p,x,f,g,f,c,f,c,n,n,e,?,s,s,w,w,p,w,,p,k,v,d
e,f,y,n,t,n,f,c,b,w,t,b,s,s,g,w,p,w,o,p,,v,d
e,f,y,g,t,n,f,c,b,w,t,b,s,s,w,g,p,w,o,p,k,v,d
e,x,f,e,t,n,f,c,,p,t,b,s,s,p,g,p,w,o,p,k,y,d
e,f,y,e,t,,f,c,b,p,t,b,s,s,p,p,p,w,o,p,k,y,d
e,f,f,g,t,n,f,c,b,p,,b,s,s,p,p,p,w,o,p,n,v,d
e,x,,g,t,n,f,c,b,p,t,b,s,s,g,g,p,w,o,p,n,v,d
p,x,f,p,f,c,f,c,n,g,e,b,s,s,w,w,p,w,o,p,k,s,d
e,x,y,n,t,n,f,c,,n,t,b,s,s,p,p,p,w,o,p,n,y,d
e,f,y,n,t,n,f,c,b,n,t,?,s,s,w,g,p,w,o,p,k,v,
e,f,y,g,t,n,f,c,b,w,t,b,s,s,p,g,p,w,o,p,k,y,d
p,f,f,g,f,f,f,c,b,g,e,b,k,k,n,n,p,w,o,l,h,y,g
e,f,y,g,t,??,f,c,b,w,t,b,s,s,p,p,p,w,o,p,n,v,d
e,f,y,e,t,n,f,c,b,n,t,b,s,s,g,g,p,w,o,,k,y,d
p,x,f,g,f,f,f,c,b,g,e,b,k,k,p,b,p,w,o,l,h,y,g
e,f,y,n,t,n,f,c,,n,t,b,s,s,p,g,p,w,o,p,k,y,d
p,x,f,g,f,f,f,c,,,e,?,k,k,p,b,p,w,o,l,h,v,g
e,f,f,e,t,n,f,c,b,w,t,b,s,s,w,p,p,w,o,p,k,y,d
e,x,y,n,t,n,f,c,b,w,t,b,s,s,g,w,p,w,o,p,k,y,d
e,x,y,g,t,n,f,c,b,p,t,b,s,s,p,w,p,w,o,p,k,,d
e,f,y,,t,n,f,c,b,u,t,?,s,s,w,g,p,,o,p,,v,d
p,x,y,g,f,f,f,c,,p,e,b,k,k,b,n,p,w,o,l,h,v,d
p,x,s,g,f,c,f,c,,g,e,?,s,s,w,w,p,w,o,p,k,v,d
p,x,f,g,f,f,f,c,b,p,e,,k,k,b,n,p,w,o,l,h,v,g
p,x,f,g,f,f,f,c,b,p,e,b,k,k,b,b,p,w,o,l,h,v,p
p,f,f,g,f,f,f,c,b,p,e,b,k,k,b,b,p,w,o,l,h,,p
e,f,f,g,t,n,f,c,b,,t,b,s,s,w,w,p,,o,p,k,v,d
p,x,f,g,f,f,f,c,b,g,e,b,,k,b,n,p,w,o,l,h,v,d
e,f,y,e,t,n,f,c,b,p,t,b,s,s,w,p,p,w,o,p,k,v,d
e,f,,n,t,n,f,c,b,w,t,b,s,s,p,g,p,w,o,p,n,v,d
e,f,y,n,t,n,f,c,b,n,t,b,s,s,w,g,p,w,o,p,k,y,d
p,x,y,y,f,f,,c,b,p,e,b,k,k,n,b,p,w,o,l,h,y,d
e,f,y,g,t,n,f,c,b,n,t,b,s,s,w,w,p,w,o,p,k,y,d
p,x,f,p,f,c,f,w,n,u,e,b,s,s,w,w,p,w,o,p,n,s,d
e,f,f,e,t,n,f,c,b,w,t,b,s,s,w,w,p,w,o,p,n,y,d
e,f,y,n,t,n,f,c,b,n,t,b,s,s,g,p,p,w,o,p,k,y,d
e,x,y,n,t,n,f,c,b,n,t,b,s,s,w,g,p,w,o,p,k,v,d
e,f,f,e,t,n,f,c,b,p,t,b,s,s,w,w,p,w,o,p,n,y,d
p,x,f,g,f,f,f,c,b,h,e,b,k,k,p,n,p,w,o,l,h,y,g
p,x,f,g,f,f,f,c,b,h,e,b,k,k,p,n,p,w,o,l,h,v,p
e,f,f,g,t,n,f,c,b,n,t,b,s,s,p,,p,w,o,p,k,v,d
,x,f,n,t,n,f,c,b,u,t,?,s,s,p,w,p,w,o,p,n,v,d
p,x,f,g,f,??,f,c,b,p,e,b,k,k,p,p,p,w,o,l,h,v,d
e,f,f,g,t,n,f,c,b,w,t,b,s,s,p,g,p,w,,p,n,y,d
p,x,f,p,f,c,f,c,n,g,e,b,s,s,w,w,p,w,o,p,n,s,d
e,f,y,n,t,n,f,c,b,n,t,b,s,s,w,w,p,w,o,p,n,v,d
e,f,y,g,t,,f,c,b,n,t,b,s,s,g,p,p,w,o,p,k,y,d
p,x,f,g,f,f,f,c,b,g,e,?,k,k,n,n,p,w,o,l,h,y,p
e,x,f,e,t,n,f,c,b,w,t,b,s,s,g,g,p,w,o,p,k,y,d
p,x,s,g,f,c,f,w,n,u,e,b,s,s,w,w,p,w,o,p,k,s,d
p,x,f,g,f,f,f,c,b,h,e,b,k,k,b,p,p,w,o,l,h,v,g
e,f,,n,t,n,f,c,b,n,t,b,s,s,w,p,p,w,o,p,n,v,d
p,x,f,g,f,f,f,c,b,g,e,?,k,k,n,b,p,w,o,l,h,v,d
e,f,y,e,t,n,f,c,b,p,t,b,s,s,p,g,p,w,o,p,k,v,d
e,f,f,g,t,n,f,c,b,u,t,b,s,s,p,w,p,w,o,p,n,y,d
e,f,f,g,t,n,f,c,b,w,t,b,s,s,g,p,p,w,o,p,n,y,d
e,f,y,n,t,n,f,,b,w,t,b,s,s,w,p,p,w,o,p,n,y,d
e,f,y,,t,n,f,c,b,u,t,b,s,s,w,p,p,w,o,p,n,y,d
e,f,y,g,,n,f,c,b,p,t,b,s,s,g,g,p,w,o,p,k,y,d
e,f,y,e,t,n,f,c,b,u,t,?,s,s,w,g,p,w,o,p,k,y,d
e,f,y,n,t,n,f,c,b,n,t,b,s,s,p,w,p,w,o,p,k,y,d
p,x,y,y,f,f,f,c,b,p,e,b,k,k,p,n,p,w,o,l,h,y,g
e,f,f,g,t,,f,c,b,u,t,b,s,s,p,p,p,w,o,p,k,y,d
e,f,y,n,t,n,f,c,b,u,t,b,s,s,g,w,p,w,o,p,n,v,d
p,x,f,g,f,f,f,c,b,g,e,b,k,k,n,b,p,w,o,l,h,y,
p,x,f,g,f,f,f,c,b,p,e,b,k,k,p,b,p,w,o,l,h,v,d
p,x,f,g,f,f,f,c,b,p,e,b,k,k,b,n,p,w,o,l,h,y,p
e,f,y,e,t,n,f,c,b,u,t,b,s,s,g,p,p,w,o,p,n,y,d
e,f,y,n,t,n,f,c,b,p,t,b,s,s,w,p,p,w,o,p,k,v,d
p,,y,g,f,f,f,c,b,p,e,b,k,k,n,n,p,,o,l,h,y,d
p,x,f,g,f,f,f,c,b,p,e,b,k,k,p,b,p,w,o,l,h,v,p
p,f,y,g,f,f,f,c,b,p,e,b,k,k,b,b,p,w,o,l,h,v,p
e,f,y,n,t,n,f,c,b,w,t,b,s,s,p,w,p,w,o,p,n,v,d
p,,f,g,f,c,f,w,n,n,,b,s,s,w,w,p,w,o,p,n,s,d
e,f,f,e,t,n,,c,b,n,t,b,s,s,p,p,p,w,o,p,n,v,d
p,f,f,y,f,f,f,c,,h,e,b,k,k,n,b,p,w,o,l,h,y,d
e,f,y,n,t,n,f,c,b,u,t,b,s,s,g,p,p,w,o,p,n,v,d
e,x,y,e,t,n,f,c,b,u,t,b,s,s,w,p,p,w,o,p,k,y,d
p,x,f,g,f,f,f,c,b,h,e,b,k,k,b,b,p,w,o,l,h,y,p
e,x,y,n,t,n,f,c,b,p,t,b,s,s,w,w,p,w,o,p,k,y,d
p,x,s,w,f,c,f,c,n,g,e,b,s,s,w,w,p,w,o,p,n,v,d
e,f,y,g,t,n,f,c,b,p,t,b,s,s,w,g,,w,o,p,k,v,d
e,f,f,e,t,n,f,c,b,p,t,b,s,,p,p,p,w,o,p,n,v,d
e,f,y,g,t,n,,c,b,p,t,b,s,s,p,p,p,w,o,p,n,y,d
p,x,f,g,f,f,f,c,b,g,e,b,k,k,p,b,p,w,o,l,h,v,d
e,f,y,e,t,n,f,c,b,u,t,b,s,s,w,w,p,w,o,p,n,v,d
e,f,y,e,t,n,f,c,b,p,t,b,s,s,w,g,p,w,o,p,n,y,d
p,x,s,p,f,c,f,c,n,g,e,b,s,s,w,w,p,w,o,p,,s,d
e,f,f,e,t,n,f,c,b,u,t,b,s,s,w,w,p,w,o,p,k,v,d
e,f,f,g,t,n,f,c,b,u,t,b,s,s,,p,p,w,o,p,k,y,d
e,f,f,g,t,n,f,c,b,w,t,b,s,s,w,w,p,w,o,p,n,y,d
e,f,f,g,t,n,f,c,b,u,t,b,s,s,g,p,p,w,o,p,n,v,d
p,x,f,g,f,f,f,c,b,h,e,b,k,k,b,b,p,w,o,l,h,v,p
e,f,y,n,t,n,f,c,b,p,t,b,s,s,p,g,p,w,o,p,n,y,d
e,f,y,g,t,n,f,c,b,n,t,b,s,s,w,g,p,w,o,p,k,v,d
e,f,y,n,t,n,f,c,b,u,t,b,s,s,p,p,p,w,o,p,k,y,d
p,x,s,p,f,c,f,c,n,n,e,b,s,s,w,w,p,w,o,p,k,s,d
e,f,y,e,t,n,f,c,b,n,t,b,s,s,p,p,p,w,o,p,k,y,d
e,f,y,g,t,n,f,c,b,p,t,b,s,s,g,p,p,w,o,p,k,v,d
e,f,y,e,t,n,f,c,b,n,t,b,s,s,w,p,p,w,o,p,k,y,d
p,x,s,w,f,c,f,c,n,u,e,b,s,s,w,w,p,w,o,,k,s,d
p,x,f,g,f,f,f,c,b,h,e,b,k,k,n,n,p,w,o,l,h,v,p
e,f,y,n,t,n,f,c,b,w,t,b,s,s,w,p,p,w,o,p,n,v,d
p,x,f,g,f,f,f,c,b,g,e,b,k,k,p,p,p,w,o,l,h,v,g
p,x,f,w,f,c,f,c,n,n,e,b,s,s,w,w,p,w,o,p,n,s,d
e,f,y,n,t,n,f,c,b,w,t,b,s,s,g,g,p,w,o,p,k,y,d
e,f,y,g,t,n,f,c,b,,t,b,s,s,w,w,p,w,o,p,n,v,d
e,f,y,g,t,n,f,c,b,n,t,b,s,s,w,w,p,w,o,p,n,v,d
e,f,y,g,t,n,f,c,b,w,t,b,s,s,w,p,p,w,o,p,n,v,d
p,x,f,w,f,c,f,w,n,p,e,b,s,s,w,w,p,w,o,p,n,v,d
e,f,f,e,t,n,f,c,b,u,t,b,s,s,w,w,p,w,o,,n,v,d
p,x,f,g,f,f,f,c,b,g,e,b,k,k,p,b,p,w,o,l,h,v,g
e,f,y,n,t,n,f,c,b,w,t,b,s,s,g,w,p,w,o,p,,y,
e,f,y,n,t,n,f,c,b,p,t,b,s,s,p,g,p,w,,p,n,v,d
p,x,s,p,f,c,f,c,n,u,e,b,s,s,w,w,p,w,o,p,k,v,d
e,f,y,g,t,n,f,c,b,n,t,b,s,s,w,g,p,w,o,p,n,y,d
p,x,s,p,f,c,f,c,n,g,e,b,s,s,w,w,p,w,o,p,n,v,d
e,x,y,n,t,n,f,c,b,n,t,b,s,s,w,p,p,w,o,p,n,y,d
p,x,y,g,f,f,f,c,b,p,e,b,,k,b,b,p,w,o,l,h,y,g
e,f,y,e,t,n,f,c,b,w,t,b,s,s,g,w,p,w,o,p,k,,d
,x,f,p,f,c,f,c,n,p,e,,s,s,w,w,p,w,o,p,n,s,d
p,,f,g,f,f,f,c,b,p,e,b,k,k,p,n,p,w,o,l,h,v,p
e,f,f,e,t,n,f,c,b,u,t,b,s,s,w,g,p,w,o,p,n,y,d
e,f,f,e,t,n,f,c,b,w,t,b,s,s,g,w,p,w,o,p,k,y,d
p,x,f,g,f,c,f,c,n,u,e,b,s,s,w,w,p,w,o,p,n,s,d
p,x,f,g,f,f,f,c,,p,e,b,k,k,n,n,p,w,,l,h,v,g
e,f,y,g,t,n,f,c,b,n,t,b,s,s,w,w,p,w,o,p,n,y,d
p,x,f,g,,f,f,c,b,p,e,b,k,k,n,b,p,w,o,l,h,v,
e,f,f,e,t,n,f,,b,w,t,b,s,s,p,p,p,w,o,p,k,v,d
e,f,y,n,t,n,f,c,b,u,t,b,s,s,w,p,p,,o,p,k,v,d
p,f,y,y,f,f,f,c,b,h,e,b,k,k,b,n,p,w,o,l,h,,d
e,f,y,e,t,n,f,c,b,n,t,b,s,s,w,w,p,w,o,p,k,y,d
e,f,y,e,t,n,f,c,b,p,t,b,s,s,w,w,p,w,o,p,k,v,d
e,f,y,n,t,n,f,c,b,w,t,b,s,s,g,,p,w,o,p,n,y,d
e,x,f,n,t,n,f,c,b,w,t,b,s,s,g,p,p,w,,p,k,v,d
p,f,y,g,f,f,f,c,b,g,e,b,k,k,p,b,p,w,o,l,h,v,d
e,f,y,g,t,n,f,c,b,u,,?,s,s,g,w,p,w,o,p,n,v,d
,f,f,e,t,n,f,c,b,w,t,b,s,s,p,w,p,w,o,p,k,y,d
e,,y,n,t,n,f,c,b,p,t,b,s,s,p,p,p,w,o,p,n,v,d
e,x,y,g,t,n,f,c,b,p,t,b,s,s,p,w,p,w,o,,n,y,d
e,x,y,n,t,n,f,c,b,w,t,b,s,s,g,w,p,,o,p,k,v,d
p,x,f,g,f,f,f,c,b,p,e,b,k,k,,b,p,w,o,l,h,v,d
p,x,s,w,f,c,f,w,n,g,e,b,s,s,w,w,p,w,o,p,n,v,d
p,f,f,y,f,f,f,c,b,g,e,b,k,k,n,b,p,w,o,l,h,v,p
e,f,y,n,t,n,f,c,b,u,t,b,s,s,p,g,p,,o,p,n,v,d
e,f,y,e,t,n,f,c,b,p,t,b,s,s,p,g,p,w,o,p,k,y,d
e,f,f,e,t,n,f,c,b,u,t,b,s,s,p,g,p,w,o,p,n,y,d
e,f,f,e,t,n,f,c,b,w,t,b,s,s,p,p,p,w,o,p,n,y,d
e,f,y,e,t,n,f,c,b,w,t,b,s,s,g,p,p,w,o,p,n,v,d
e,f,y,n,t,n,f,c,b,n,t,b,s,s,g,g,p,w,o,p,k,y,d
e,f,y,e,t,n,f,c,b,n,t,b,,s,w,g,p,w,o,p,k,v,d
p,x,,g,f,f,,c,b,h,e,b,k,k,n,n,p,w,o,l,h,y,g
e,f,y,e,t,n,,c,b,w,t,b,s,s,p,p,p,w,o,p,n,y,d
e,f,y,n,t,n,f,c,b,p,t,b,s,s,w,w,p,w,o,p,n,y,d
p,x,f,g,f,f,f,c,b,p,e,b,k,k,p,n,p,w,o,l,h,v,d
p,x,f,w,f,c,f,w,n,p,e,b,s,s,w,w,p,w,o,p,k,s,d
p,x,f,g,f,c,f,w,n,p,e,b,s,s,w,,p,w,o,p,k,v,d
e,x,y,n,,n,f,c,b,u,t,b,s,s,w,g,p,w,o,p,n,y,d
p,f,f,y,f,f,f,c,b,h,e,b,k,k,p,p,p,w,o,l,h,v,p
p,x,s,g,f,c,f,w,n,n,e,b,s,s,w,w,p,w,o,p,n,v,d
e,f,y,e,t,n,f,c,b,w,t,b,s,s,g,w,p,w,o,p,n,v,d
e,f,y,e,t,n,f,c,b,,t,b,s,s,w,w,p,w,o,p,n,y,d
e,f,f,e,t,n,f,c,b,p,t,b,s,s,g,p,p,w,o,p,k,v,
p,x,f,y,f,f,f,c,b,p,e,b,k,k,b,n,p,w,o,l,h,v,d
e,f,y,n,t,n,f,c,b,u,t,b,s,s,,g,p,w,o,p,n,v,d
e,f,f,e,t,n,f,c,b,w,t,,s,s,w,w,p,w,o,p,n,v,d
,f,y,e,t,n,f,c,b,u,t,b,s,s,p,w,p,w,o,p,n,v,d
p,x,f,y,f,f,f,c,b,p,e,b,k,k,p,p,p,w,o,l,h,v,p
,x,f,g,f,c,f,c,n,,e,b,s,s,w,w,p,w,o,p,n,v,d
e,f,f,e,t,n,f,c,b,u,t,b,s,s,w,p,p,w,o,p,k,v,d
p,x,s,g,f,c,f,c,n,g,e,b,s,s,w,w,p,w,o,p,n,s,d
p,x,f,w,,c,f,c,n,u,e,b,s,s,w,w,p,w,o,p,n,v,d
p,x,f,g,f,f,f,c,b,h,e,b,k,k,p,b,p,w,o,l,h,y,g
e,f,y,g,t,n,f,c,b,n,t,b,s,s,w,p,p,w,o,p,n,,d
e,f,,e,t,n,f,c,b,n,t,b,s,s,g,g,p,w,o,p,k,v,d
p,f,f,y,f,f,f,c,b,p,e,b,k,k,b,p,p,w,o,l,h,y,p
e,f,f,,t,n,f,c,,u,t,b,s,s,g,w,p,w,o,p,k,y,d
e,f,y,e,t,n,f,c,b,w,t,b,s,s,w,p,p,w,o,p,n,v,d
e,f,f,g,t,n,f,c,b,u,t,b,s,s,p,w,p,w,o,p,n,v,d
e,f,y,e,t,n,f,c,b,n,t,b,s,s,g,w,p,w,o,p,n,y,d
e,f,f,g,t,n,f,c,b,u,t,b,s,s,w,p,p,w,o,p,k,v,d
e,f,y,n,t,n,f,c,b,u,t,b,s,s,w,p,p,w,o,p,k,y,d
e,f,y,e,t,n,f,c,b,w,t,b,s,s,p,w,,,o,p,k,v,d
e,f,y,n,t,n,f,c,b,w,t,b,s,s,,g,,w,o,,n,v,d
e,f,f,e,t,n,f,,b,n,t,b,s,s,p,p,p,w,o,p,n,y,d
e,f,y,e,t,n,f,c,b,w,t,b,s,s,w,p,p,w,o,p,n,y,d
e,f,f,g,t,n,f,c,b,w,t,b,s,s,w,g,p,w,o,p,k,y,d
e,x,f,g,t,n,f,c,b,p,t,b,s,s,p,w,p,w,o,p,n,y,d
e,f,y,n,t,n,f,c,b,p,t,b,s,s,w,p,p,w,o,p,n,y,d
e,f,y,n,t,n,f,c,b,p,t,b,s,s,g,p,p,w,o,p,n,v,d
e,x,f,e,t,n,f,c,b,n,t,b,s,s,g,w,p,w,o,p,k,y,d
e,f,f,n,t,n,f,c,b,p,t,b,s,s,w,p,p,w,o,p,k,y,d
p,x,f,g,f,f,f,c,b,h,e,b,k,k,n,n,p,w,o,l,h,y,p
e,f,y,e,t,n,f,c,b,p,,b,s,s,w,p,p,w,o,p,n,y,d
e,x,y,g,t,n,f,c,b,n,t,b,s,s,w,,p,w,,p,k,y,d
e,f,y,n,t,n,f,c,b,w,t,b,s,s,p,p,p,w,o,p,n,v,d
e,f,y,n,t,n,f,c,b,w,t,b,s,s,g,p,p,w,o,p,k,y,d
e,f,y,g,t,n,f,c,b,w,t,b,s,s,p,g,p,w,o,p,n,y,d
p,x,f,g,f,f,f,c,b,h,e,b,k,k,p,n,p,w,o,l,h,v,d
e,f,f,e,t,n,f,c,b,w,t,b,s,s,p,,,w,o,p,n,v,d
p,f,f,g,f,f,f,c,,g,e,b,k,k,p,b,p,w,o,l,h,v,d
e,f,y,g,t,n,f,c,b,u,t,b,s,s,p,p,p,w,o,p,n,y,
e,f,y,g,t,n,f,c,b,n,t,b,s,s,g,g,p,w,o,p,n,v,d
e,f,f,g,t,n,f,c,b,u,t,b,s,s,p,w,p,w,o,p,k,y,d
p,f,f,y,f,f,f,c,b,h,e,b,k,k,p,b,p,w,,l,h,v,p
e,x,y,n,t,n,f,c,b,n,t,b,s,s,g,w,p,w,o,p,n,v,d
e,f,y,g,t,n,f,c,b,p,t,,s,s,g,g,p,w,o,p,n,y,d
p,f,f,g,f,f,f,c,b,h,e,b,k,k,b,n,p,w,o,l,h,v,d
e,f,y,n,t,n,f,c,b,w,t,,s,s,g,w,p,w,o,p,k,v,d
p,x,f,g,f,c,f,w,n,u,e,b,s,s,w,w,p,w,o,p,k,s,d
e,f,y,e,t,n,f,c,b,w,t,b,s,,p,w,p,w,o,p,n,y,d
p,x,s,w,f,c,f,w,n,g,e,b,s,s,w,w,p,w,o,p,k,s,d
e,f,y,n,,n,f,c,b,n,t,b,s,s,w,p,p,w,o,p,k,v,d
p,x,s,w,f,c,f,c,n,n,e,b,s,s,w,w,p,w,o,p,n,v,d
e,f,y,e,,n,f,c,b,p,t,b,s,s,p,p,p,w,o,p,n,y,d
e,f,f,g,t,n,f,c,b,u,t,b,s,s,w,g,p,w,o,p,n,v,d
e,f,f,e,t,n,f,c,b,p,t,b,s,s,p,w,p,w,o,p,k,y,d
e,f,y,e,t,n,f,c,b,w,t,b,s,s,,w,p,w,o,p,n,y,
p,x,s,g,f,c,f,c,n,p,e,b,s,s,w,w,p,w,o,p,k,s,d
e,f,y,e,t,n,f,c,b,n,t,b,s,s,p,w,p,w,o,p,k,y,d
e,f,y,e,t,n,,c,b,n,t,b,s,s,g,g,p,w,o,p,k,v,d
p,x,f,p,f,c,f,w,n,n,e,b,s,s,w,w,p,w,o,p,k,v,d
e,f,f,e,t,n,f,c,b,u,t,?,s,s,p,p,p,w,o,p,k,y,d
p,x,s,p,f,c,f,c,n,u,e,b,s,s,w,w,p,w,o,p,n,v,d
e,f,f,e,t,n,f,c,b,w,t,b,s,,p,g,p,w,o,p,k,y,d
p,f,f,g,f,f,f,c,b,g,e,b,k,k,b,p,p,w,o,l,h,y,g
e,f,y,g,t,n,f,c,b,p,t,b,s,s,g,p,,w,o,p,n,y,d
p,x,f,g,f,f,f,c,b,h,e,b,k,k,n,p,p,w,o,l,h,y,g
e,f,y,n,t,n,f,c,b,n,t,b,s,s,p,p,p,w,o,p,k,v,d
e,f,y,e,t,n,f,c,b,u,t,b,s,s,p,p,p,w,o,p,n,v,d
e,f,y,n,t,n,f,c,b,u,t,b,s,s,p,p,p,w,o,p,k,v,d
p,x,s,p,f,c,f,w,n,g,e,b,s,s,w,w,p,w,o,p,,s,d
p,x,y,g,f,,f,c,b,h,e,?,k,k,n,p,p,w,o,l,h,y,p
e,f,f,e,t,n,f,c,b,p,t,b,s,s,g,p,p,w,o,p,n,v,d
e,f,f,g,t,n,f,c,b,w,t,b,s,s,w,w,p,w,o,p,k,v,d
e,f,y,g,t,n,f,c,b,n,t,b,s,s,w,w,p,w,o,p,k,v,d
e,f,y,e,,n,f,c,b,p,t,b,s,s,g,w,p,w,o,p,n,y,d
e,f,y,e,t,n,f,c,b,u,t,b,s,s,w,w,p,w,o,p,k,v,d
e,x,f,g,t,n,f,c,b,n,t,b,s,s,w,p,p,w,o,p,n,y,d
p,x,f,g,f,f,f,c,b,g,e,b,k,k,n,p,p,w,o,l,h,y,d
e,x,y,n,t,n,f,c,b,u,t,b,s,s,g,p,p,w,o,p,n,y,d
e,f,y,e,t,n,f,c,b,,t,b,s,s,w,p,p,w,o,p,k,y,
e,f,f,e,t,n,f,c,b,n,t,b,s,s,p,w,p,w,o,p,k,y,d
p,x,f,w,f,c,f,c,n,n,e,b,s,s,w,w,p,w,o,p,k,v,d
e,f,y,e,t,n,f,c,b,p,t,b,s,s,g,p,p,w,o,p,k,y,d
e,f,y,g,t,n,f,c,b,p,t,b,s,s,w,w,p,w,o,p,n,y,d
p,x,f,g,f,f,f,c,b,p,e,b,k,k,n,b,p,w,o,l,h,y,g
e,f,y,g,t,n,f,,b,n,t,b,s,s,p,w,p,w,o,p,n,y,d
p,x,s,w,f,c,f,w,n,n,e,b,s,s,w,w,p,w,o,p,k,v,d
e,f,f,,t,n,f,c,b,n,t,b,s,s,p,p,p,w,o,p,k,v,
p,x,,w,f,c,f,c,n,n,e,b,s,s,w,w,p,w,o,p,k,s,d
p,x,f,g,f,f,f,c,b,g,e,b,k,k,p,p,p,w,,l,h,v,d
p,,f,g,f,f,f,c,b,h,e,b,k,k,b,p,p,w,o,l,h,y,d
e,f,y,g,t,n,f,c,b,u,t,b,s,s,g,g,p,w,o,p,n,v,d
e,f,y,g,t,n,f,c,b,p,t,b,s,s,w,g,p,w,o,p,n,v,d
e,f,y,e,t,n,f,c,b,p,t,b,s,s,p,w,p,w,o,p,n,y,d
e,f,y,e,t,,f,c,b,p,,b,s,s,w,g,p,w,o,p,k,y,d
p,x,f,g,f,f,f,c,b,h,e,b,k,k,b,n,p,w,o,l,h,v,p
e,f,f,e,t,n,f,c,b,u,t,b,s,,p,w,p,w,o,p,n,y,d
e,f,f,e,t,n,f,c,b,n,t,b,s,s,g,p,p,w,o,p,k,y,d
p,x,y,g,f,f,f,c,b,g,e,b,k,k,n,n,p,w,o,l,h,v,g
e,f,f,e,t,n,f,c,b,u,t,b,s,s,w,g,p,w,o,p,k,y,d
p,x,f,g,f,c,f,w,n,p,e,b,s,s,w,w,p,w,o,p,n,s,d
e,f,y,g,t,n,f,c,b,u,t,b,s,s,g,w,p,w,o,p,k,y,d
e,f,y,e,t,n,f,c,b,w,t,b,s,s,g,g,p,w,o,p,n,y,d
e,f,y,e,t,n,f,c,b,n,t,b,s,s,p,w,p,w,o,p,n,y,d
e,f,y,g,t,n,f,c,b,w,t,?,s,s,w,p,p,w,o,p,k,y,d
e,x,f,e,t,n,f,c,b,n,t,b,s,s,w,w,p,w,o,p,n,y,d
e,f,y,g,t,n,f,c,b,u,t,b,s,s,p,w,p,w,o,p,k,y,d
p,x,s,p,f,c,f,c,n,p,e,b,s,s,w,w,p,w,o,p,k,s,d
e,f,y,n,t,n,f,c,b,u,t,b,s,s,w,p,p,w,o,p,n,v,d
p,x,f,g,f,f,f,c,b,p,e,b,k,k,b,n,p,w,o,l,h,y,g
e,f,y,e,t,n,f,c,b,n,t,b,s,s,w,p,p,w,o,p,k,v,d
e,f,y,g,t,n,f,c,b,w,t,b,s,s,g,w,p,w,o,p,n,v,d
e,f,f,e,t,n,f,c,b,n,t,b,s,s,p,g,p,w,o,p,n,v,d
p,x,s,w,f,c,f,w,n,u,e,b,s,s,w,w,p,,o,p,n,v,d
p,x,f,w,f,c,f,w,Z,n,e,b,s,s,w,w,p,w,o,p,n,XXX,d
e,x,y,n,t,n,f,c,b,n,t,b,s,s,w,w,p,w,,p,n,v,d
e,f,f,e,t,n,f,c,b,w,t,b,s,s,p,g,p,w,o,p,k,v,d
e,f,y,e,t,n,f,c,b,w,t,b,s,s,g,p,p,w,,p,k,v,d
e,x,y,g,t,n,f,c,b,u,t,b,s,s,g,p,p,w,o,p,n,y,d
p,x,f,g,f,f,f,c,b,p,e,b,k,k,n,p,p,w,o,l,h,v,d
p,x,f,w,f,c,f,w,n,n,e,b,s,,w,,p,w,o,p,k,v,d
e,f,y,n,t,n,f,c,b,w,t,b,s,s,w,w,p,w,o,p,k,y,d
e,f,f,e,t,n,f,c,b,w,t,b,s,s,,g,p,w,o,p,k,v,d
p,x,,w,f,c,f,w,n,u,e,?,s,s,w,w,p,w,o,p,k,v,d
p,x,s,g,f,c,f,w,n,p,e,b,s,s,w,,p,w,,p,k,s,d
e,x,y,e,t,n,f,c,b,p,t,b,s,s,p,p,p,w,o,p,k,v,d
p,x,f,g,f,f,f,c,b,h,e,b,k,k,b,p,p,w,o,l,h,v,d
p,x,f,g,f,c,f,c,n,p,e,b,s,s,w,w,p,w,o,p,n,v,d
p,x,f,g,f,f,f,c,b,h,e,b,k,k,n,p,p,w,o,l,h,v,d
p,x,s,g,f,c,f,c,n,n,e,b,s,s,w,w,p,w,o,p,n,v,d
e,x,f,g,t,n,f,c,b,w,t,b,s,s,p,g,p,w,o,p,k,v,d
p,x,f,p,f,c,f,c,n,u,e,b,s,s,w,w,p,w,o,p,k,s,d
e,f,f,e,t,n,f,c,b,n,t,b,s,s,g,p,p,w,o,p,n,v,d
p,x,s,p,f,c,f,c,n,n,e,b,s,s,w,w,p,w,o,p,k,v,d
p,x,f,g,f,c,f,w,n,p,e,b,s,s,w,w,p,w,o,p,k,s,d
e,f,y,e,t,n,f,c,b,p,t,b,s,s,g,g,p,w,o,p,k,y,d
p,x,f,g,f,c,f,c,n,n,e,b,s,s,w,w,p,w,o,p,k,s,d
p,x,s,g,f,c,f,w,n,n,e,b,s,s,w,w,p,w,o,p,k,v,d
e,f,y,g,t,n,f,c,b,u,t,b,s,s,w,g,p,w,o,p,n,y,d
e,f,y,n,t,n,f,c,b,u,t,b,s,s,g,w,p,w,o,p,n,y,d
p,x,f,g,f,c,f,w,n,g,e,b,s,s,w,w,p,w,o,p,n,s,d
e,f,f,e,t,n,f,c,b,p,t,b,s,s,w,g,p,w,o,p,k,v,d
p,x,s,w,f,c,f,c,n,n,e,b,s,s,w,w,p,w,o,p,n,,d
e,f,y,n,t,n,f,c,b,w,t,b,s,s,g,g,p,w,o,p,k,v,d
p,x,f,g,f,,f,c,b,h,e,b,k,k,n,b,p,w,o,l,h,v,d
p,f,y,g,f,f,f,c,b,g,e,b,k,k,b,b,p,w,o,l,,y,g
e,f,y,g,t,n,f,c,b,n,t,b,s,s,p,g,p,w,o,p,k,v,d
p,x,f,g,,f,f,c,b,g,e,b,k,k,n,b,p,w,o,l,,v,g
e,f,y,g,t,n,f,c,b,p,t,?,s,s,g,w,p,w,o,p,n,v,d
p,x,f,g,f,f,f,c,b,g,e,b,k,k,n,n,p,w,o,l,h,y,g
p,f,f,g,f,f,f,c,b,p,e,b,k,k,n,p,p,w,o,l,h,y,p
e,f,f,e,t,n,f,c,b,n,t,b,s,s,w,w,p,w,o,p,k,v,d
e,f,f,g,t,,f,c,b,w,t,b,s,s,g,g,p,w,o,p,k,v,d
p,x,f,w,f,c,f,c,n,p,e,b,s,s,w,w,p,w,o,p,n,v,d
e,f,f,g,,n,f,c,b,n,t,b,s,s,w,w,p,w,o,p,n,y,d
p,x,f,g,f,f,f,c,b,p,e,b,k,k,b,p,p,w,o,l,h,y,p
p,x,y,y,f,f,f,c,b,h,e,b,k,k,n,b,p,w,o,l,h,v,d
p,f,y,g,f,f,f,c,,p,e,b,k,k,n,p,p,w,o,l,h,y,p
p,x,f,y,f,f,f,c,b,p,e,b,k,k,,b,p,w,o,l,h,v,g
p,x,f,w,f,c,f,w,n,g,e,?,s,s,w,w,p,w,o,p,n,v,d
p,x,y,y,f,f,f,c,b,h,e,?,k,k,b,n,p,w,o,l,h,y,d
p,x,y,y,f,f,f,c,b,g,e,b,k,k,b,p,p,w,o,l,h,v,d
p,x,f,y,f,f,f,c,b,h,e,b,k,k,n,n,p,w,o,l,h,v,p
p,f,f,y,f,f,f,c,b,h,e,b,k,k,p,n,p,w,,l,h,v,d
p,f,f,y,f,f,f,c,b,g,,b,k,k,n,n,p,w,o,l,h,y,d
e,f,y,g,t,n,f,c,b,n,t,b,s,s,,g,p,w,o,p,k,y,d
p,x,y,g,f,f,f,c,b,g,e,b,k,k,b,n,p,w,o,l,h,y,g
p,f,f,y,f,f,f,c,b,p,e,b,k,k,n,b,p,w,o,l,h,y,p
p,f,f,y,f,f,f,c,b,g,e,b,k,k,p,b,p,w,o,l,h,y,g
e,x,f,g,t,n,f,c,b,w,t,b,s,s,w,w,p,w,o,p,k,y,d
e,f,y,n,t,n,f,c,b,n,t,b,s,s,w,g,p,w,o,p,n,v,d
e,f,y,e,t,n,f,c,b,n,t,b,s,s,w,p,p,w,o,p,n,v,d
p,x,y,y,f,f,f,c,b,h,e,b,k,k,n,p,p,w,o,l,h,v,g
p,f,y,g,f,f,f,c,b,g,e,b,k,,b,b,p,w,o,l,h,v,g
p,f,y,g,f,f,f,c,b,h,e,b,k,k,n,b,p,w,o,l,h,v,d
e,f,y,e,t,n,f,c,b,w,t,b,s,s,p,w,p,w,o,p,k,y,d
p,f,y,,f,f,f,c,b,p,e,b,k,k,n,b,p,w,o,l,h,v,g
e,f,f,e,t,n,f,c,b,n,t,?,s,s,g,w,p,w,o,p,k,v,d
e,f,f,g,t,n,f,c,b,p,t,b,s,s,g,w,p,w,o,p,k,v,d
e,f,f,g,t,n,f,c,b,w,t,b,s,s,g,p,p,w,o,p,n,v,d
p,x,f,g,f,f,f,c,b,p,e,b,k,k,b,b,p,w,o,l,h,y,d
p,x,y,y,f,f,f,c,b,p,e,b,k,k,b,b,p,w,o,l,h,y,g
,f,f,y,f,f,f,c,b,h,e,b,k,k,,n,p,w,o,l,,y,g
e,f,y,e,t,n,f,c,b,p,t,b,s,s,g,p,p,w,o,p,n,v,d
p,x,f,y,f,f,f,c,b,h,e,b,k,k,p,n,p,w,o,l,h,y,d
p,f,y,g,f,f,f,c,b,h,e,b,k,k,p,b,p,w,o,l,h,y,p
p,f,f,y,,f,f,c,b,g,e,b,k,k,p,p,p,w,o,l,h,v,g
p,f,y,y,f,f,f,c,b,g,e,b,k,k,p,b,p,w,o,l,h,v,d
p,x,y,g,f,f,f,c,b,p,e,b,k,k,n,n,p,w,o,l,h,,p
p,f,f,y,f,f,f,c,b,h,e,b,k,k,b,b,p,w,o,l,h,v,p
p,x,s,p,f,c,f,c,n,g,e,b,s,s,w,w,p,w,o,p,n,s,d
p,x,y,y,f,f,f,c,b,p,e,b,k,k,n,n,p,w,,l,h,v,g
e,f,f,e,t,n,f,c,b,u,t,b,s,s,g,g,p,w,o,p,k,v,d
e,f,y,e,t,n,f,c,b,n,t,b,,s,g,p,p,w,o,p,k,y,d
p,x,f,p,f,c,f,c,n,n,e,b,s,s,w,w,p,w,o,p,n,v,d
p,x,f,y,f,f,f,c,b,,e,b,k,k,b,b,p,w,o,l,h,v,g
p,f,,g,f,f,f,c,b,p,e,b,k,k,b,p,p,w,o,l,h,v,g
e,x,y,g,,n,f,c,b,p,t,b,s,s,w,p,p,w,o,p,k,y,d
e,f,f,e,t,n,f,c,b,p,t,b,s,s,w,g,p,w,o,p,n,y,d
p,f,y,g,f,f,,c,b,p,e,b,k,k,b,b,p,w,o,l,h,v,d
e,f,y,g,t,n,f,c,b,u,t,b,s,s,w,,p,w,o,p,n,v,d
p,x,f,,f,f,f,c,b,g,e,b,k,k,n,p,p,w,o,l,h,v,d
p,f,y,g,f,f,f,c,b,g,e,b,k,,n,n,p,w,o,l,h,,g
e,f,f,e,t,n,f,c,b,p,t,b,,s,g,g,p,w,o,p,n,v,d
p,x,y,y,f,f,f,c,b,h,e,,k,k,n,n,p,w,o,l,h,v,g
p,f,f,y,f,f,f,c,b,g,e,b,k,k,n,b,p,w,o,l,h,y,g
p,x,y,y,f,f,f,c,b,p,e,b,k,k,p,p,p,w,o,l,h,v,g
p,f,f,g,f,f,f,c,b,g,e,b,k,k,p,b,p,w,o,l,h,y,g
p,x,s,p,f,c,f,w,n,n,e,b,s,s,w,w,p,w,o,p,n,s,d
p,x,f,g,f,c,f,c,n,g,e,b,s,s,w,w,p,w,o,p,k,s,d
p,x,y,g,f,f,f,c,b,g,e,b,k,k,,p,p,w,o,l,h,v,p
p,x,y,y,f,f,f,c,b,h,e,b,k,k,b,p,p,w,o,l,h,,p
p,f,f,g,f,f,f,c,,h,e,b,k,k,p,n,p,w,o,l,h,v,d
e,f,y,g,t,n,f,c,b,u,t,b,s,s,w,w,p,w,o,p,n,v,d
p,x,s,g,t,f,f,c,b,w,t,b,f,s,w,w,p,w,o,p,h,v,u
p,x,y,y,f,f,f,c,b,g,e,b,k,k,p,b,p,w,o,l,h,y,d
e,f,f,g,t,n,f,c,b,w,t,b,s,s,p,p,p,w,o,p,k,v,d
p,f,f,y,f,f,f,c,b,g,e,b,k,k,p,b,p,w,o,l,h,y,d
p,x,y,g,f,f,f,c,b,h,e,b,k,k,b,b,p,w,o,l,h,y,p
p,f,f,y,f,f,f,c,b,g,e,b,k,k,b,b,p,w,o,l,h,,p
p,,y,g,f,f,f,c,b,h,e,b,k,k,b,n,p,w,o,l,h,y,g
p,f,y,g,f,f,f,c,b,h,e,b,k,k,b,p,p,w,o,l,h,y,g
p,f,y,y,f,f,f,c,b,h,e,b,k,k,n,b,p,w,o,l,h,y,p
p,x,f,y,f,f,f,c,b,p,e,b,k,k,p,n,p,w,o,l,h,y,p
p,x,s,w,f,c,f,c,n,g,e,b,s,s,w,w,p,w,o,p,k,v,d
p,x,y,g,f,f,f,c,b,,e,b,k,k,b,n,p,w,o,l,h,v,p
p,x,f,g,f,f,f,c,b,p,e,b,k,k,b,b,p,w,o,l,h,y,p
e,f,y,n,t,n,f,c,b,,t,b,s,s,p,p,p,w,o,p,n,v,d
e,f,f,g,t,n,f,c,b,w,t,b,s,s,p,w,p,w,o,p,k,v,d
p,x,f,y,f,f,f,c,b,g,e,b,k,k,n,b,p,w,o,l,h,y,p
p,x,s,p,f,c,f,c,n,u,e,b,s,s,w,w,p,w,o,p,n,s,d
p,f,f,g,f,f,f,c,b,p,e,b,k,k,n,n,p,w,o,l,h,v,g
,x,f,g,f,f,f,c,b,h,e,b,k,k,b,b,p,w,o,l,h,v,g
p,x,s,w,f,c,f,c,n,u,e,b,s,s,w,w,p,w,o,p,k,v,d
e,f,f,e,t,n,f,c,b,w,t,b,s,,w,p,p,w,o,p,,v,d
p,f,y,wrong,f,,f,c,b,p,e,b,k,k,b,n,p,w,o,l,h,v,g
p,x,f,p,f,c,f,w,n,p,e,b,s,s,w,w,p,w,,p,k,v,d
p,f,s,wrong,t,f,f,c,b,p,t,b,f,s,w,w,p,w,o,p,h,v,g
p,x,y,y,f,f,f,,b,p,e,b,k,k,,n,p,w,o,l,h,v,p
e,x,y,b,t,n,f,c,b,e,e,?,s,s,e,w,p,w,t,e,w,c,w
p,f,f,g,f,f,f,c,b,g,e,b,k,k,n,p,p,w,o,l,h,y,g
p,x,f,g,f,f,f,c,b,p,e,b,k,k,p,n,p,w,o,l,h,y,g
p,x,f,y,f,,f,c,b,h,e,b,k,k,n,b,p,w,o,l,h,y,g
p,f,f,y,f,f,f,c,b,h,e,b,k,k,p,p,p,w,o,l,h,y,g
e,f,f,g,t,n,f,c,b,u,t,b,s,s,p,g,p,,o,p,n,y,d
p,x,f,y,f,??,f,c,b,h,e,b,k,k,p,p,p,w,o,l,h,v,d
p,,y,g,f,f,f,c,b,h,e,b,k,k,p,p,p,w,o,l,h,v,d
p,f,f,g,f,f,f,c,Z,p,e,b,k,k,n,n,p,w,o,,h,XXX,g
p,x,f,g,f,c,f,w,n,u,e,b,s,s,w,w,p,w,o,p,n,s,d
p,x,f,g,f,c,f,c,n,u,e,,,s,w,w,p,w,o,p,n,v,d
p,x,y,g,f,f,f,c,,p,e,b,k,k,p,n,p,w,o,,h,v,g
p,x,s,wrong,t,f,f,c,b,h,t,b,s,s,w,w,,w,o,p,h,s,g
p,x,y,g,f,f,f,c,b,h,e,?,k,k,p,b,p,w,o,l,h,v,g
e,f,y,g,t,n,f,c,b,n,t,b,s,s,p,g,p,w,o,p,k,y,d
p,f,f,y,f,f,f,c,,p,e,b,k,k,b,b,p,w,o,l,h,v,d
e,f,f,e,,n,f,c,b,p,t,b,s,s,p,p,p,w,o,p,k,v,d
p,f,y,g,f,f,f,c,b,p,e,b,k,k,p,b,p,w,o,l,h,y,p
e,f,y,n,t,n,f,c,,n,t,b,s,s,g,w,p,w,o,p,k,v,d
e,f,f,e,t,n,f,c,b,w,t,b,s,s,g,p,p,w,o,p,k,y,d
p,x,y,g,f,f,f,c,b,g,e,b,k,k,n,p,p,w,o,l,h,y,p
p,x,y,g,f,f,f,c,b,h,e,b,k,k,b,p,p,w,o,l,h,y,d
e,f,f,e,t,n,f,c,b,w,t,b,s,s,g,g,p,w,o,p,,v,d
p,f,f,g,f,f,f,c,b,p,e,b,k,k,b,b,p,w,o,l,h,v,p
e,f,,g,t,n,f,c,Z,w,t,b,s,s,p,p,p,w,o,p,k,XXX,d
e,f,y,e,t,n,f,c,b,w,t,?,s,s,w,g,p,w,o,p,k,y,d
,f,y,e,t,n,f,c,b,w,t,b,s,s,g,g,p,w,o,p,n,v,d
p,f,f,g,f,f,f,c,b,g,e,b,k,k,n,n,p,w,o,l,h,y,
,x,f,e,t,n,f,c,b,u,t,b,s,s,g,p,p,w,o,p,k,v,d
p,f,y,g,f,f,f,c,b,p,e,b,k,k,p,b,,w,o,l,h,v,d
p,x,y,y,f,f,f,c,b,p,e,b,k,k,p,n,p,w,o,l,h,v,p
p,f,y,y,f,f,f,c,b,p,e,b,k,k,b,b,p,w,o,l,h,v,d
p,x,f,y,f,f,f,c,b,g,e,b,k,k,n,p,p,w,o,l,h,v,p
p,x,y,y,f,f,f,c,b,p,e,b,k,k,n,n,p,w,o,l,,v,d
e,x,f,g,t,n,f,c,b,u,t,b,s,s,g,g,p,w,o,p,n,v,d
e,x,,g,t,n,f,c,b,u,t,b,s,s,g,w,p,w,o,p,n,v,d
p,f,y,g,f,f,f,c,b,g,e,b,k,k,b,p,p,w,o,,h,v,g
p,f,f,y,f,f,f,c,b,h,e,b,k,k,p,p,p,w,o,l,h,y,d
p,x,y,g,f,f,f,c,b,p,e,b,k,k,p,b,p,w,o,l,h,y,p
p,x,y,e,f,y,f,c,n,b,t,?,k,s,w,,p,w,o,e,w,v,p
p,x,y,g,f,f,f,c,b,h,e,b,k,k,n,n,p,w,o,l,h,y,p
p,x,y,g,f,f,f,c,b,g,e,b,k,k,p,p,p,w,o,l,h,v,g
p,x,s,g,f,c,f,w,n,u,e,b,s,s,w,w,p,w,o,p,n,v,d
p,f,f,g,f,f,f,c,b,p,e,b,k,k,p,b,p,w,o,l,h,v,g
p,f,s,b,t,f,f,c,b,p,t,b,s,f,w,w,p,w,o,p,h,s,g
p,x,y,g,f,f,f,c,b,p,e,b,k,k,n,p,p,w,o,l,h,v,d
p,x,y,y,f,f,f,c,b,p,e,b,k,k,p,p,p,w,o,l,h,y,d
p,x,s,w,f,c,f,w,n,u,e,b,s,s,w,w,p,w,o,p,k,s,d
p,x,y,y,f,f,f,c,b,h,e,b,k,k,p,n,p,w,o,l,h,v,d
e,f,f,e,t,n,f,c,b,w,t,b,s,s,w,p,p,,o,p,k,v,d
p,x,y,g,f,f,f,c,b,h,e,b,,k,p,p,p,w,o,l,h,y,g
p,x,f,y,f,f,f,c,b,p,e,b,,k,n,p,p,w,o,l,h,v,d
p,x,f,wrong,f,f,f,c,b,p,e,b,k,k,p,b,p,w,o,l,h,v,p
p,f,,g,f,f,f,c,b,p,e,b,k,k,p,n,p,w,o,l,h,v,g
p,x,f,y,f,f,f,c,b,h,e,b,k,k,n,b,p,w,o,l,h,y,d
e,f,f,g,t,n,f,c,b,u,t,b,s,s,g,w,p,w,o,p,k,,d
p,x,f,g,f,f,f,c,b,p,e,b,k,k,p,p,p,w,o,l,h,y,d
e,f,y,n,t,??,f,c,b,u,t,b,s,s,w,p,p,w,o,p,n,y,d
p,f,y,g,f,f,f,c,b,h,e,b,k,k,b,p,p,w,o,l,h,v,d
p,f,f,g,f,f,f,c,b,p,e,b,k,k,p,p,p,w,o,l,h,y,p
p,f,f,g,f,f,f,c,b,g,e,b,k,k,b,b,p,w,o,l,h,v,d
p,x,s,w,f,c,f,w,n,u,e,b,s,s,w,w,p,w,o,p,k,v,d
p,x,y,g,f,f,f,c,b,h,e,b,k,k,n,n,p,w,o,l,h,y,d
e,f,y,n,t,n,f,c,b,p,t,b,s,s,g,w,p,w,o,p,k,v,d
p,x,f,w,f,c,f,c,n,u,e,?,s,s,w,w,p,w,o,p,k,s,d
p,x,f,y,f,f,f,c,b,p,e,,k,k,p,b,p,w,o,l,h,,d
p,x,f,y,,f,f,c,b,p,e,,k,k,b,n,p,w,o,l,h,y,d
p,x,f,p,f,c,f,w,n,u,e,b,s,s,w,w,p,w,o,p,n,v,d
p,f,f,y,f,f,f,c,b,p,e,b,k,k,p,p,p,w,o,l,h,y,d
p,f,f,g,f,f,f,c,b,h,e,b,k,k,p,n,p,w,o,l,h,v,p
e,f,y,e,t,n,f,c,b,p,t,b,s,s,g,g,p,w,o,p,k,v,d
p,x,y,y,f,f,,c,b,g,e,b,k,k,p,b,p,w,o,l,h,v,p
p,f,f,y,f,f,f,c,b,g,e,b,k,k,b,p,p,w,o,l,h,v,p
p,x,f,g,f,c,f,c,n,g,e,b,s,s,w,w,p,w,o,p,n,s,d
p,x,s,p,f,c,f,w,n,u,e,,s,s,w,w,p,w,o,p,k,v,d
e,x,f,e,t,n,f,c,b,n,t,b,s,s,w,p,p,w,,p,n,,d
p,x,y,y,f,f,f,c,b,h,e,b,k,k,b,b,p,w,o,l,h,v,g
e,f,f,n,t,n,f,c,b,n,t,b,s,s,w,w,p,w,o,p,n,y,d
e,f,y,e,t,n,f,c,b,p,t,b,s,s,w,w,p,w,o,p,k,y,d
p,f,y,y,f,f,f,c,b,p,e,b,k,k,b,p,p,w,o,l,h,y,d
p,x,f,y,f,f,f,c,b,p,e,b,k,k,b,n,p,w,o,l,h,y,g
p,x,y,g,f,f,f,c,b,g,e,b,k,k,n,p,p,w,o,l,h,v,d
p,f,f,g,f,f,f,c,b,g,e,b,k,k,n,b,p,w,o,l,,y,d
p,f,f,y,f,f,f,c,b,g,e,b,k,k,p,n,p,w,o,l,h,y,p
e,f,y,g,t,n,f,c,b,w,t,b,s,s,p,p,p,w,o,p,n,y,d
p,x,y,g,f,f,f,c,b,,e,b,k,k,b,p,p,w,o,l,h,v,p
p,x,y,y,f,f,f,c,b,h,e,b,k,k,n,n,p,,o,l,h,v,p
p,f,f,g,f,f,f,c,b,p,e,b,k,k,b,n,,w,o,l,h,v,p
p,f,f,y,f,f,f,c,b,p,e,b,k,k,b,n,p,w,o,l,h,y,p
e,f,f,e,t,n,,c,b,u,t,b,s,s,w,g,p,w,o,p,n,v,d
e,f,y,n,t,n,f,c,b,p,t,b,s,s,g,g,p,w,o,p,n,v,d
p,x,f,y,f,f,f,c,b,h,e,?,k,k,p,n,p,w,o,l,h,y,g
e,f,y,u,f,n,f,c,n,h,e,?,s,f,w,w,p,w,o,f,h,y,d
e,,y,n,t,n,f,c,b,u,t,b,s,s,p,w,p,w,o,p,n,y,d
p,f,y,y,f,f,f,c,b,p,e,b,k,k,p,p,p,w,o,l,h,v,g
p,f,f,y,f,f,f,c,b,g,e,b,k,k,b,b,p,w,o,l,h,v,g
p,x,y,g,f,f,f,c,b,g,e,,k,k,n,p,p,w,o,l,h,y,d
p,x,y,g,f,f,f,c,b,p,e,,k,k,n,p,p,w,o,l,h,y,p
p,f,f,y,f,f,f,c,,g,e,b,k,k,p,b,p,w,o,l,h,v,p
p,x,y,y,f,f,f,c,b,g,e,b,k,k,b,b,p,w,o,l,h,y,d
p,x,f,y,f,??,f,c,b,h,e,b,k,k,b,b,p,w,o,l,h,v,p
p,x,y,g,f,f,f,c,b,p,e,b,k,k,b,n,p,w,o,l,h,v,p
p,x,f,y,f,f,f,c,b,h,e,b,k,k,n,b,p,w,,l,h,y,p
e,x,f,g,t,n,f,c,b,u,t,b,s,s,p,g,p,w,o,p,n,v,d
p,f,y,g,f,f,f,c,b,h,e,b,k,k,n,p,p,w,o,l,h,y,
e,f,y,e,t,n,f,c,b,p,t,b,s,s,g,g,p,w,o,p,,v,d
p,x,f,g,f,f,f,c,b,p,e,b,k,k,b,n,p,w,o,l,h,v,d
p,f,f,y,f,f,f,c,b,h,e,b,k,k,b,b,p,w,o,l,h,v,d
e,f,y,n,t,n,f,c,b,n,t,b,s,s,w,w,p,w,o,p,n,y,
e,f,f,g,t,n,f,c,b,w,t,b,s,s,p,g,p,w,o,p,k,y,d
p,f,y,g,f,f,f,c,b,p,e,b,k,k,n,p,p,w,o,l,,v,g
e,x,f,e,,n,f,,b,w,t,b,s,s,p,p,p,w,o,p,k,v,d
e,f,f,e,t,n,f,c,b,p,t,b,s,s,p,w,p,w,,p,n,y,d
p,f,y,y,f,f,f,c,b,h,e,b,k,k,b,b,p,w,o,l,h,v,p
p,x,f,w,f,c,f,c,n,u,e,b,s,s,w,w,p,w,o,p,k,v,d
p,x,y,g,f,,f,c,b,p,e,b,k,k,b,n,p,w,o,l,h,y,d
p,x,y,e,f,y,f,c,n,b,t,?,k,s,p,p,p,w,o,e,w,v,d
p,x,f,y,f,f,f,c,b,p,e,b,k,k,b,p,p,w,o,l,h,v,p
p,f,y,g,f,f,f,,b,p,e,b,k,k,b,p,p,w,o,l,h,y,d
e,f,y,g,t,n,f,c,b,u,t,b,s,s,w,p,p,w,o,p,n,y,d
p,,y,n,f,f,f,c,n,b,t,?,s,s,p,p,p,w,o,e,w,v,l
e,f,y,wrong,t,n,f,c,b,n,t,b,s,s,g,g,p,w,o,p,n,v,d
p,b,s,b,t,n,f,c,b,g,e,b,s,s,w,w,p,w,t,p,r,,m
e,f,f,g,t,n,f,c,b,w,t,b,s,s,g,g,p,w,o,p,k,y,d
p,f,f,g,f,f,f,c,b,p,e,b,k,k,b,n,p,w,o,l,h,v,g
e,f,y,g,t,n,f,c,b,w,t,b,s,s,w,g,p,w,o,p,k,y,d
p,,f,y,f,f,f,c,b,p,e,b,k,k,p,n,p,w,o,l,h,y,p
p,f,f,y,f,f,f,c,b,g,e,b,k,k,n,n,p,w,o,l,h,y,g
p,f,f,g,f,f,f,c,b,g,e,b,k,k,n,p,p,w,o,l,h,v,g
e,f,f,e,t,n,f,c,b,u,t,b,s,s,p,w,,w,o,p,n,v,d
p,x,f,g,f,f,f,c,b,p,e,b,k,k,n,p,p,w,o,l,h,y,p
p,f,f,y,f,f,f,c,b,g,e,b,k,k,p,b,p,w,o,l,h,v,g
p,x,f,y,f,f,f,c,b,g,e,b,k,k,n,n,p,w,o,l,h,v,d
p,x,f,y,f,f,,c,b,g,e,b,k,k,b,b,p,w,,l,h,y,p
p,f,f,y,f,f,f,c,b,p,e,b,k,k,p,n,p,w,o,l,h,v,g
p,f,f,y,f,f,f,c,b,h,e,b,k,k,n,b,p,w,o,l,h,v,g
p,x,y,g,f,f,f,c,b,p,e,b,k,k,n,b,p,w,o,l,h,v,p
e,f,y,,t,n,f,c,b,u,t,b,,s,g,g,p,w,o,p,k,v,d
p,f,f,g,f,f,f,c,b,g,e,b,k,k,n,p,p,w,o,l,h,v,d
p,,,,f,f,f,c,b,h,e,b,k,k,n,p,p,w,o,l,h,v,g
e,f,f,n,t,n,f,c,,u,t,b,,s,w,p,p,w,o,p,k,v,d
p,x,,y,f,f,f,c,b,g,e,b,k,k,p,p,,w,o,l,h,v,p
p,x,y,y,f,f,f,c,b,h,e,b,k,k,b,p,p,w,o,l,h,v,p
e,f,y,n,t,n,f,,b,p,t,b,s,s,p,p,p,w,o,p,k,y,
p,f,y,g,f,f,f,c,b,p,e,b,k,k,b,p,p,w,o,l,h,y,p
e,f,f,e,t,n,f,c,b,p,t,b,s,s,g,g,p,,o,p,k,y,d
p,x,y,y,f,??,f,c,b,g,e,b,k,k,b,b,p,w,o,l,h,v,g
p,f,y,g,f,f,f,c,b,h,e,b,k,k,b,b,p,w,o,l,h,v,d
p,x,y,y,f,f,f,c,b,p,e,b,k,k,b,b,p,w,o,l,h,v,d
p,x,s,g,f,c,f,c,n,g,e,b,s,s,,w,p,w,o,p,k,s,d
e,f,f,g,t,n,f,c,b,w,t,b,s,s,g,p,p,w,o,p,k,v,d
p,f,y,g,f,f,f,c,b,g,e,b,k,k,p,p,p,w,o,l,h,y,g
p,x,f,g,f,f,f,c,b,h,e,b,k,k,b,b,p,w,o,l,h,y,d
p,f,y,g,f,f,f,c,b,h,e,b,k,k,b,n,p,w,o,l,h,v,p
e,f,y,n,t,n,f,c,b,w,t,b,s,s,p,w,p,w,o,p,k,v,d
p,x,y,y,f,f,f,c,b,p,e,b,k,k,b,,p,w,o,l,h,y,d
p,f,f,g,f,f,f,c,b,g,e,b,k,k,p,b,p,w,,l,h,y,d
e,f,y,e,t,n,f,c,b,w,t,b,s,s,w,g,p,w,o,p,n,v,d
e,f,y,e,t,n,f,c,b,w,t,b,s,s,p,g,p,w,o,p,k,v,d
p,f,s,g,t,f,f,c,b,p,t,?,f,f,w,w,p,w,o,p,h,v,u
p,x,f,g,f,f,f,c,b,g,e,b,k,k,p,n,p,w,o,l,h,y,p
p,f,y,g,f,f,f,c,b,,e,b,k,k,n,b,p,w,o,l,h,v,p
p,x,y,g,f,f,f,c,b,g,e,b,k,k,p,b,p,w,o,l,h,v,p
p,x,f,y,f,f,f,,b,h,e,b,k,k,b,n,p,w,o,l,h,v,d
p,f,y,g,f,f,f,c,b,p,e,b,,k,b,n,p,w,o,l,h,v,d
p,,y,g,f,f,f,c,b,p,e,b,k,k,n,p,p,w,o,l,h,v,p
e,f,y,e,t,n,f,c,b,w,t,b,s,s,w,w,p,w,,p,n,y,d
p,x,y,g,f,f,f,c,b,h,e,b,k,k,b,n,p,w,o,l,h,v,g
p,,y,g,f,,f,c,b,p,e,?,k,k,p,p,p,w,o,l,h,v,g
p,x,y,g,f,f,f,c,b,p,e,b,k,k,b,b,p,w,o,l,h,y,p
e,f,f,e,t,n,f,c,b,p,t,b,s,s,w,p,p,w,o,p,n,v,d
e,f,y,e,t,n,f,c,b,p,t,b,s,s,p,w,p,w,o,p,n,v,d
e,f,y,e,t,n,f,c,b,n,t,b,s,s,p,p,p,w,o,p,n,y,d
p,f,f,y,f,f,f,c,b,h,e,b,k,k,b,n,p,w,o,l,h,v,g
p,f,f,g,f,f,f,c,b,h,e,?,k,k,b,p,p,w,o,l,h,y,p
e,f,y,n,t,n,f,c,b,u,t,b,s,s,g,p,p,w,o,p,k,y,d
p,x,y,g,f,f,f,c,b,g,e,b,k,k,p,b,p,w,o,l,h,y,g
e,f,f,g,t,n,f,c,,u,t,b,s,s,g,,p,w,o,p,n,v,d
p,x,f,y,f,f,f,c,b,p,e,b,k,k,n,p,p,w,o,l,h,v,p
p,x,y,y,f,f,f,c,b,p,e,b,k,k,p,n,,w,o,l,h,v,d
p,x,y,y,,f,,c,b,p,e,b,k,k,n,p,p,w,o,l,h,v,d
e,f,f,c,f,n,f,w,n,w,e,b,f,f,w,n,p,w,o,e,w,v,l
p,x,f,g,,f,f,c,b,h,e,b,k,k,n,n,p,w,o,l,h,v,d
p,f,f,g,f,f,f,c,b,p,e,b,k,k,n,p,p,w,o,l,h,y,g
p,x,y,g,f,f,f,c,b,,e,b,k,k,p,n,p,w,o,l,h,v,g
p,f,y,g,f,f,f,c,b,p,e,b,k,k,p,b,p,w,o,l,h,y,g
p,x,s,b,t,f,f,c,b,w,t,b,f,s,w,w,p,w,o,p,h,s,u
p,f,f,g,f,f,f,c,b,h,e,b,k,k,n,n,p,w,o,l,h,v,d
p,x,y,g,f,f,f,c,b,p,e,b,k,k,n,p,p,w,o,l,h,v,g
p,f,f,y,f,f,f,c,b,g,,b,k,k,b,b,p,w,o,l,h,y,p
p,f,f,g,f,f,f,c,b,h,e,b,k,k,n,p,p,w,o,l,h,v,p
p,f,f,g,f,f,f,c,b,g,e,b,k,k,p,p,p,w,o,l,h,y,d
e,f,f,g,t,n,f,c,b,w,t,b,s,s,p,w,p,w,o,p,k,y,d
p,x,f,y,f,f,f,c,b,p,e,b,k,k,b,b,p,w,o,l,h,y,p
p,x,f,y,f,f,f,c,b,h,e,b,k,k,b,b,p,w,o,l,h,y,p
e,f,y,e,t,n,f,c,b,u,t,b,s,s,p,p,p,w,o,p,k,y,d
p,f,y,g,f,f,f,c,b,h,e,b,k,k,b,p,p,w,o,l,h,v,p
p,f,f,wrong,f,f,f,c,b,h,e,b,k,k,b,b,p,w,o,l,h,y,d
p,x,y,y,f,f,f,c,b,g,e,b,k,k,p,n,p,w,o,l,h,y,d
e,f,f,g,t,n,f,c,b,w,t,b,s,s,w,w,p,w,o,p,k,y,d
p,x,f,g,f,f,f,c,b,g,e,b,k,k,n,p,p,w,o,l,h,v,g
p,x,f,g,f,f,f,c,b,g,e,?,k,k,,p,p,w,o,l,h,y,p
e,f,y,n,t,n,f,c,b,p,t,?,s,s,p,w,p,w,o,p,n,y,d
e,f,f,g,t,,f,c,b,u,t,b,s,s,p,g,p,w,o,p,n,v,d
p,x,y,g,f,f,f,c,b,h,e,b,k,k,n,n,p,w,o,l,h,v,d
p,f,y,y,f,f,f,,b,h,e,b,k,k,p,p,p,w,o,l,h,v,p
p,f,f,y,f,f,f,c,b,h,e,b,k,k,n,b,p,w,o,l,h,v,d
p,f,f,g,f,f,f,c,b,g,e,?,k,k,n,p,p,w,o,l,h,,p
p,f,f,g,f,f,f,c,b,h,e,b,k,k,b,b,p,w,o,l,h,y,p
p,f,y,g,f,,f,c,b,p,,b,k,k,p,n,p,w,o,l,h,y,g
p,f,s,b,t,f,f,c,b,w,t,b,f,f,w,w,p,w,o,p,h,s,u
e,f,f,e,t,n,f,c,b,u,t,b,s,s,p,p,p,w,o,p,n,y,d
p,x,y,n,f,y,f,c,n,b,t,,k,k,p,p,p,w,o,e,,v,d
e,x,y,g,t,n,f,c,b,n,t,b,s,s,g,w,p,w,o,p,n,v,d
p,x,f,g,f,c,f,w,,n,e,b,s,s,w,w,p,w,o,p,k,v,d
p,x,f,p,f,c,f,w,n,n,e,b,s,s,w,w,p,w,o,p,n,v,d
p,x,y,n,f,y,f,c,n,b,t,?,s,k,p,w,p,w,o,e,w,v,l
p,f,f,g,f,f,f,c,b,g,,b,k,k,n,p,p,w,o,l,h,y,p
p,x,f,y,f,f,f,c,b,g,e,b,k,k,b,b,p,w,o,l,h,v,g
p,x,s,g,t,f,,c,b,w,t,b,s,f,w,w,p,w,o,p,h,s,u
p,f,y,g,f,f,f,c,b,h,e,b,k,k,b,p,p,w,o,l,h,y,p
p,x,f,y,f,f,f,c,b,p,e,b,k,k,b,b,p,w,o,l,h,y,d
p,,y,g,f,f,,c,b,g,e,b,k,k,n,p,p,w,o,l,h,y,p
p,f,f,g,f,f,f,c,b,h,e,b,k,k,n,b,p,w,o,l,h,y,d
p,f,y,g,f,f,f,c,b,h,e,b,k,k,b,b,p,w,o,l,h,y,d
p,x,y,g,f,f,f,c,b,g,e,?,k,k,n,p,p,w,o,l,h,y,g
p,f,f,g,f,f,f,c,b,h,e,b,k,,p,p,p,w,o,l,h,y,g
p,x,f,y,f,f,f,c,b,p,e,b,,k,b,b,p,w,o,l,h,y,g
p,f,f,y,f,f,f,c,b,p,e,b,k,k,n,n,p,w,o,l,h,v,g
p,x,f,y,f,f,f,c,b,h,e,b,k,k,n,b,p,w,o,l,h,v,g
p,x,f,y,f,f,f,c,b,g,e,b,k,k,b,p,p,w,o,l,h,y,g
p,x,y,y,f,f,f,c,b,p,e,b,k,k,n,p,p,,o,l,h,v,g
p,f,s,,t,f,f,c,b,h,t,b,s,s,w,w,p,w,o,p,h,v,u
p,x,f,y,f,f,f,c,b,h,e,b,k,k,n,n,p,w,o,l,h,y,g
p,f,f,y,f,f,f,c,b,p,e,b,k,k,p,b,p,w,o,l,h,y,g
p,f,y,g,f,f,f,c,b,p,e,b,k,k,n,p,p,,o,l,h,y,d
p,f,f,wrong,f,f,f,c,b,p,e,b,k,k,p,n,p,w,o,l,h,y,d
p,f,f,y,f,f,f,c,b,g,e,b,k,k,b,p,p,w,o,l,h,v,d
p,x,y,g,f,f,f,c,b,h,e,b,k,k,b,n,p,w,o,l,h,v,p
p,x,y,g,f,f,f,c,b,p,e,b,k,k,n,b,p,w,o,l,h,y,p
e,f,y,e,t,n,f,c,b,p,t,b,s,s,w,w,p,w,o,p,n,v,d
p,f,f,y,f,f,f,c,b,h,e,b,k,k,n,p,p,w,o,l,h,v,d
p,f,f,g,f,f,f,c,b,h,e,b,k,k,b,p,p,w,o,l,h,y,d
p,f,y,g,f,f,f,c,b,h,e,b,k,k,n,p,p,w,o,l,h,v,p
p,x,f,y,f,f,f,c,b,g,e,b,k,k,b,p,p,w,o,l,h,v,g
p,x,f,y,f,f,f,c,b,g,e,b,k,k,p,p,p,w,o,l,h,v,p
p,x,f,g,f,f,f,c,b,h,e,b,k,k,n,b,p,w,o,l,h,y,d
p,x,y,y,f,f,f,c,b,p,e,b,k,k,p,p,p,w,o,l,h,y,p
p,f,s,w,t,f,f,,b,p,t,b,f,f,w,w,p,w,o,p,h,s,u
,f,f,y,f,f,f,c,b,h,e,b,k,k,p,n,p,w,o,l,h,v,g
p,f,f,y,f,f,f,c,b,p,e,b,k,k,b,p,,w,o,l,h,v,d
p,f,y,g,f,f,f,c,,h,e,b,k,k,n,n,p,w,o,l,h,y,p
p,f,f,y,f,f,f,c,b,p,e,b,k,k,p,b,p,w,o,l,h,y,d
p,f,f,y,f,f,f,c,b,h,e,b,k,k,b,n,p,w,o,l,h,v,d
p,f,f,g,f,f,f,c,b,g,e,b,k,k,b,b,p,w,o,l,h,v,p
p,x,y,g,f,f,f,c,b,p,e,b,k,k,n,,p,w,o,l,h,y,g
p,x,f,y,f,f,f,,b,h,e,b,k,k,b,p,p,w,,l,h,y,p
p,f,f,g,f,f,f,c,b,g,e,b,k,k,p,b,p,w,o,l,h,v,g
p,x,f,y,f,f,f,c,b,p,e,b,k,k,n,b,p,w,o,l,h,y,d
p,f,y,g,f,f,f,c,b,p,e,b,k,k,,n,p,w,o,l,h,v,d
p,x,y,y,f,f,f,c,b,g,e,b,k,k,n,b,p,w,o,l,h,v,d
p,x,s,w,t,f,f,c,b,h,t,b,f,s,w,w,p,w,o,p,h,s,g
p,f,f,g,f,f,f,c,b,p,e,b,k,k,n,b,p,w,o,l,h,y,g
p,x,s,b,t,f,f,c,b,p,t,b,f,s,w,w,p,w,o,p,h,s,g
p,f,y,g,f,f,f,c,b,h,e,b,k,k,p,b,p,w,o,l,h,v,d
p,x,y,g,f,f,f,c,b,p,e,b,k,k,n,n,p,,o,l,h,v,d
p,x,f,y,f,f,f,c,b,g,e,b,k,k,n,b,p,w,o,l,h,y,g
p,x,f,y,f,f,f,c,b,,e,b,k,k,n,n,p,w,o,l,h,y,g
p,x,y,y,f,f,f,c,b,g,e,b,k,k,p,p,p,w,o,l,h,v,g
e,f,y,g,t,n,f,c,b,u,t,b,s,s,g,g,p,w,o,p,n,y,d
p,f,y,y,f,f,f,c,b,h,e,b,k,k,p,p,p,,o,l,h,y,p
p,x,y,g,f,f,f,c,b,h,e,b,k,k,p,n,p,w,o,l,h,y,p
p,f,f,y,f,f,f,c,b,h,e,b,k,k,p,b,p,w,o,l,h,,g
p,f,y,y,f,f,f,c,b,h,e,b,k,k,n,p,p,w,o,l,h,v,p
p,f,f,y,f,f,f,c,b,g,e,b,k,k,n,p,p,w,o,l,h,y,d
p,x,y,g,f,f,f,c,b,h,e,b,k,k,p,p,p,w,o,l,h,v,
p,f,f,g,f,f,f,c,,g,e,b,k,k,b,b,p,w,o,l,h,y,g
p,x,y,g,f,f,f,c,b,g,e,b,k,k,p,p,p,w,o,l,h,y,p
p,x,f,p,f,c,f,c,n,p,e,b,s,s,w,w,p,w,o,p,k,s,d
p,x,y,y,f,f,f,c,b,g,e,b,k,k,n,n,p,w,o,l,h,y,d
p,x,f,y,f,f,f,c,b,g,e,b,k,k,n,n,p,w,o,l,h,y,g
p,f,,y,f,f,f,c,b,h,e,b,k,k,b,p,p,w,o,l,h,y,g
p,x,y,g,f,f,f,c,b,g,e,b,k,k,p,n,p,w,o,l,h,v,g
,f,f,g,f,f,f,c,b,g,e,b,k,k,p,n,p,w,o,l,h,v,g
p,x,y,g,f,f,f,c,b,h,e,b,k,k,p,n,p,w,o,l,h,v,d
p,x,f,y,f,f,f,c,b,h,e,b,k,k,b,n,p,w,o,l,h,y,g
p,x,f,y,f,f,f,c,b,g,e,b,,k,b,p,p,w,o,l,h,v,p
p,x,y,g,f,f,f,c,b,h,e,b,k,k,p,b,p,w,,l,h,y,d
p,x,y,y,f,f,f,c,b,g,e,b,k,k,n,p,p,w,,l,h,v,d
p,f,y,g,f,f,f,c,b,g,e,b,k,k,b,b,p,w,o,l,h,,p
p,f,y,g,f,f,f,,b,p,e,b,k,k,p,n,p,w,o,l,h,v,d
p,x,f,y,f,f,f,c,b,h,e,b,k,k,b,n,p,w,o,l,h,y,p
e,k,y,n,f,n,f,w,n,w,e,b,f,f,w,n,p,w,o,e,w,v,l
p,f,f,g,f,f,f,c,b,p,e,b,k,k,n,n,p,w,o,l,h,y,p
p,x,y,y,f,f,f,c,b,h,e,b,k,k,n,p,p,w,o,l,h,y,g
p,f,f,y,f,f,f,c,b,p,e,b,,k,p,p,p,w,o,,h,y,g
p,x,y,g,f,f,f,c,b,h,e,b,k,k,n,b,p,w,o,,h,v,d
p,x,f,g,f,f,f,c,b,h,e,b,k,k,b,p,p,w,o,l,h,y,p
p,f,f,y,f,f,f,c,b,p,e,b,k,k,p,p,p,w,o,l,h,v,g
e,f,s,p,t,n,f,c,b,e,e,?,s,s,w,w,p,w,t,e,w,c,w
p,f,f,wrong,f,f,f,c,b,p,e,b,k,k,n,b,p,w,o,l,h,v,p
p,x,f,y,f,f,f,c,b,g,e,,k,k,b,b,p,w,,l,h,y,d
p,x,y,g,f,f,f,c,b,p,,b,k,,p,b,p,w,o,l,h,y,d
p,f,y,g,f,f,f,c,b,g,e,b,k,k,b,p,p,w,o,l,h,y,p
p,x,f,y,f,f,f,c,b,g,e,b,k,k,b,b,p,w,o,l,h,v,d
p,f,y,g,,f,f,c,,h,e,b,k,k,p,n,p,w,o,l,h,y,g
p,f,y,g,f,f,f,c,b,h,,b,k,k,n,b,p,w,o,l,h,v,g
e,k,s,p,t,n,f,c,b,e,e,?,s,s,w,e,p,w,t,e,w,c,w
p,x,f,y,f,f,f,c,b,p,e,b,k,k,p,n,p,w,,l,h,v,d
p,f,f,y,f,f,f,c,b,p,e,b,k,k,p,n,p,w,o,l,h,v,p
p,f,f,g,f,f,f,c,b,h,e,b,k,k,b,n,p,w,o,l,h,y,p
p,f,f,g,f,f,f,c,b,p,e,b,k,k,n,b,p,w,o,l,h,v,g
p,x,f,y,f,f,f,c,b,h,e,b,k,k,n,p,p,w,o,l,h,y,p
p,f,f,g,f,f,,c,b,p,e,b,k,k,n,b,p,w,o,l,h,y,p
p,x,y,g,f,f,f,c,b,g,,b,k,k,p,p,p,w,o,l,h,y,g
p,f,y,y,f,f,f,c,b,g,e,b,k,k,b,n,,w,o,,h,y,g
p,f,f,g,f,f,f,c,b,h,e,b,k,k,n,n,p,w,o,l,h,y,d
p,x,f,y,f,f,f,c,b,g,e,b,k,k,p,p,p,w,o,l,h,v,d
p,f,f,,f,f,f,c,b,g,e,b,k,k,n,,p,w,o,l,h,v,g
p,f,f,g,f,f,f,c,b,g,e,b,k,k,p,n,p,w,o,l,h,y,d
p,f,f,y,f,f,,c,b,h,e,b,k,k,p,b,p,w,o,l,h,y,g
e,f,y,g,t,n,f,c,b,w,t,b,s,s,p,w,p,w,o,p,n,y,d
p,f,y,g,f,f,f,c,Z,h,e,b,k,k,p,b,p,w,o,l,h,XXX,d
p,f,y,g,f,f,f,c,b,g,e,,k,k,n,p,p,w,o,l,h,v,d
p,f,y,,f,f,f,,b,g,e,b,k,k,b,n,p,w,o,l,h,v,g
p,x,,y,f,f,f,c,b,p,e,b,k,k,p,b,p,w,o,l,h,v,g
p,x,y,g,f,f,f,c,b,p,e,b,k,k,b,n,p,w,o,l,h,y,g
p,x,y,y,f,f,f,c,b,g,e,b,k,k,p,b,p,w,o,l,h,y,p
p,f,f,y,f,,f,c,b,p,e,b,k,k,b,b,p,w,o,l,h,y,d
p,x,f,y,f,f,f,c,b,g,e,b,k,k,p,n,p,w,o,l,,v,g
p,x,y,y,f,f,f,c,b,p,e,b,k,k,n,b,p,w,o,l,h,y,p
p,f,f,g,f,f,f,c,b,p,e,b,k,k,b,p,p,w,o,l,h,v,g
p,x,f,y,f,f,f,c,b,h,e,b,k,k,p,b,p,w,o,l,h,v,d
p,f,f,g,f,f,f,c,b,h,e,b,k,k,b,b,p,w,o,l,h,v,g
p,f,y,g,f,f,f,c,b,g,e,b,k,k,b,p,p,w,o,l,h,y,d
p,f,f,g,f,f,f,,b,h,e,b,k,k,n,n,p,w,o,l,h,y,g
p,f,y,y,f,f,,c,b,h,e,b,k,k,p,p,p,w,o,l,h,v,g
p,f,f,g,f,f,f,c,b,p,e,b,k,,p,b,p,w,o,l,h,y,g
p,x,f,y,f,f,f,c,b,g,e,b,k,k,b,p,,w,o,l,h,y,p
p,f,y,g,f,f,f,c,b,p,e,b,k,k,n,b,p,w,o,l,h,y,g
p,f,y,g,f,f,f,c,b,h,e,b,k,k,b,b,p,w,o,l,h,y,g
p,f,y,g,f,f,f,c,b,p,e,b,k,k,n,b,p,w,o,l,h,v,p
e,x,y,r,f,n,f,c,n,p,e,?,s,f,w,w,p,,o,f,h,v,d
p,f,y,y,f,f,f,c,b,p,e,b,k,k,n,b,p,w,o,l,h,y,g
p,x,f,y,f,f,f,c,b,g,e,b,k,k,b,p,p,w,o,l,h,y,d
p,x,y,n,f,s,f,c,n,b,t,?,k,s,w,w,,w,o,e,w,v,p
p,f,y,y,f,f,f,c,b,h,e,b,k,k,b,n,p,w,o,l,h,v,d
p,k,y,n,f,n,f,c,n,w,e,?,k,y,w,n,p,w,o,e,w,v,d
p,f,f,y,f,f,f,c,b,p,e,b,k,k,b,p,p,w,o,l,h,y,d
p,x,y,g,f,f,f,c,b,h,e,b,k,k,b,n,p,w,o,l,h,v,d
p,x,y,g,f,f,f,c,b,h,e,b,k,k,b,,p,w,o,l,h,y,g
p,f,y,g,f,f,f,c,b,g,e,b,k,k,n,p,p,w,o,l,h,y,g
p,x,f,y,f,f,f,c,b,p,e,b,k,k,p,p,p,w,o,l,h,v,
p,,f,g,f,f,f,c,b,g,e,b,k,k,n,p,p,w,o,l,h,v,d
p,x,y,g,f,f,f,c,b,g,e,b,k,k,n,b,p,w,o,l,h,v,d
p,x,y,g,f,f,f,c,b,p,e,b,k,k,n,n,p,w,o,l,h,y,g
p,x,y,g,f,f,f,c,b,g,e,b,k,k,p,n,p,w,o,l,h,y,g
e,f,y,e,t,n,f,c,b,w,t,b,s,s,g,p,p,w,o,p,k,y,d
p,f,f,y,f,f,f,c,b,h,e,b,k,k,,n,p,w,o,l,h,y,p
p,x,y,y,f,f,f,c,b,h,e,b,k,k,p,p,p,w,o,l,h,v,g
p,f,f,y,f,f,f,c,b,g,e,b,k,k,n,n,p,w,o,l,h,v,g
p,x,f,y,f,f,f,c,b,p,e,b,k,k,b,b,p,w,o,l,h,v,p
p,f,f,g,f,f,f,c,b,h,e,b,k,k,n,b,p,w,o,l,h,y,g
p,f,f,g,f,f,f,c,b,h,e,b,k,,p,p,p,w,o,l,h,v,g
p,x,y,y,f,f,f,c,b,g,e,b,k,k,p,p,p,w,o,l,h,y,g
p,f,s,b,t,f,f,c,b,w,t,b,s,s,w,w,p,w,o,p,h,s,u
p,x,y,g,f,f,f,c,b,p,e,b,k,k,p,b,p,w,o,l,h,v,g
p,x,y,y,f,f,f,c,b,g,e,b,k,k,n,n,p,w,o,l,h,v,p
p,f,f,g,f,f,f,c,b,g,e,b,k,k,n,n,p,w,o,l,h,v,p
p,f,y,g,f,f,f,c,b,g,e,b,k,k,b,n,p,w,o,l,h,y,d
p,f,f,y,,f,f,c,b,p,e,b,k,k,p,b,p,w,o,l,h,v,d
p,f,y,g,f,f,f,c,b,h,e,b,k,k,n,n,,w,o,l,h,y,g
p,x,y,g,f,f,f,c,b,p,e,b,k,k,b,n,p,w,o,l,h,v,g
e,x,s,e,t,n,f,c,b,e,e,,s,s,w,e,p,w,t,e,w,c,w
p,,f,g,f,f,f,c,b,g,e,,k,k,p,p,p,w,o,l,h,v,d
p,f,f,y,f,f,f,c,Z,p,e,b,k,k,n,p,p,w,o,l,h,XXX,d
p,f,y,g,f,f,f,c,b,g,e,b,k,k,n,n,p,w,o,l,h,y,d
p,x,y,y,f,f,f,c,b,g,e,b,k,k,p,p,p,w,o,l,h,y,p
p,f,y,g,f,f,f,c,b,g,e,b,k,k,n,n,p,w,o,l,h,v,d
p,x,f,y,f,f,f,c,b,h,e,b,k,k,b,b,p,w,o,l,h,y,g
p,b,y,w,t,n,f,w,n,w,e,b,s,s,w,w,p,w,o,p,w,c,l
p,f,s,wrong,t,f,f,c,b,h,t,b,s,s,w,w,p,w,o,p,h,v,u
p,x,y,y,f,f,f,c,b,p,e,b,k,k,,p,p,w,o,l,h,y,p
p,f,y,g,f,f,f,c,b,g,e,b,k,k,b,b,p,w,o,l,h,,d
p,f,y,,f,f,f,c,b,g,e,?,k,k,p,p,p,w,o,l,h,v,p
p,f,y,y,f,f,f,c,b,p,e,b,k,k,b,p,p,w,o,l,h,v,p
p,f,f,g,f,f,f,c,b,g,e,b,k,k,n,n,p,w,o,l,h,y,d
p,x,y,y,f,f,f,c,b,h,e,b,k,k,p,p,p,w,o,l,h,v,d
p,x,f,y,f,f,f,c,b,p,e,b,k,k,b,p,p,w,o,l,h,v,g
p,f,f,g,f,f,f,c,b,p,e,b,k,k,b,p,p,w,o,l,h,y,g
p,x,s,w,t,f,f,c,b,w,,?,f,f,w,w,p,w,o,p,h,s,u
e,f,y,g,t,,f,,b,n,t,?,s,s,g,p,p,w,o,p,n,v,d
p,x,y,n,f,y,f,c,n,b,t,?,s,k,w,p,p,w,o,e,w,v,d
p,f,y,g,f,f,f,c,b,p,e,b,k,k,p,p,p,w,o,l,h,y,d
p,f,f,g,f,f,f,c,b,g,e,b,k,k,p,n,p,w,o,l,h,y,g
e,f,y,e,t,n,f,c,b,n,t,b,s,s,p,g,p,w,o,p,k,v,d
e,x,y,b,t,n,f,c,b,e,e,?,s,s,w,e,p,w,t,e,w,c,w
p,x,y,y,f,f,f,c,b,h,e,b,k,k,n,n,p,w,o,l,h,y,g
p,x,y,y,f,f,f,c,b,g,e,b,k,k,b,n,p,w,o,l,h,y,d
p,,y,y,f,f,f,c,b,h,e,b,k,k,,b,p,w,o,l,h,v,p
p,x,y,y,f,f,f,c,b,p,e,b,k,k,n,n,p,,o,l,h,y,g
p,f,f,y,f,f,f,c,b,g,e,b,k,k,b,n,p,w,o,l,h,y,g
p,f,y,g,f,f,f,c,b,p,e,b,k,k,b,b,p,w,o,l,h,y,g
p,x,f,g,f,f,f,c,b,,e,b,k,k,n,n,p,w,o,l,h,y,g
p,f,y,y,f,f,f,c,b,p,e,b,k,k,b,b,p,w,o,l,h,v,g
p,x,y,g,f,f,f,c,b,h,e,b,k,k,p,p,p,w,o,l,h,v,g
p,x,y,,,f,f,c,b,,e,b,k,k,p,n,p,w,o,l,h,y,g
p,f,y,g,f,f,f,c,b,h,e,b,k,k,b,n,p,w,o,l,h,y,p
p,f,y,y,f,f,f,,b,h,e,b,k,k,n,b,p,w,o,l,h,y,g
p,x,y,g,f,f,f,c,b,g,e,b,k,k,,b,p,w,o,l,h,y,d
p,f,y,g,f,,f,c,b,h,e,b,k,k,p,p,p,w,o,l,h,v,d
p,f,y,g,f,f,f,c,b,p,e,b,k,k,b,n,p,,o,l,h,y,p
e,x,y,u,f,n,f,c,n,h,e,?,s,f,w,w,p,w,o,f,h,y,d
p,x,f,g,f,f,f,c,b,g,e,b,k,k,n,n,p,w,o,l,h,v,g
p,,f,y,f,f,f,c,b,g,e,b,k,k,n,p,p,w,o,l,h,v,g
p,f,f,y,f,f,f,c,b,h,e,b,k,k,p,n,p,w,o,l,h,y,g
p,x,f,y,f,f,f,c,b,h,e,b,k,k,p,n,p,w,o,l,h,v,g
p,f,f,y,f,f,f,c,b,,e,b,k,,b,b,p,w,o,l,h,v,g
p,f,f,g,f,??,f,c,b,h,e,?,k,k,p,b,p,w,o,l,h,v,g
p,f,y,,f,f,f,c,b,p,e,b,k,k,b,b,p,w,o,l,h,y,d
p,f,f,g,f,f,f,c,b,h,e,b,k,k,b,n,p,w,o,l,h,v,g
p,f,f,y,f,f,f,c,b,h,e,b,k,k,b,n,p,w,o,l,h,y,d
p,f,y,y,f,f,f,c,b,h,e,b,k,k,b,n,p,w,o,l,h,,p
p,f,f,g,f,f,f,c,b,g,e,b,k,k,p,n,p,w,o,l,h,v,p
p,f,y,g,f,f,f,c,b,g,e,b,k,k,n,b,p,w,o,l,h,y,g
p,f,f,y,f,f,f,c,b,g,e,b,k,k,n,b,p,w,o,l,h,y,d
e,f,f,e,t,n,f,c,b,,t,,s,s,g,w,p,w,,p,n,y,d
p,f,s,b,t,f,f,c,b,h,t,b,s,f,w,w,p,w,o,p,h,v,u
p,f,y,,f,f,f,c,b,g,e,b,k,k,p,n,p,w,o,l,h,v,d
p,f,f,g,f,f,f,c,b,h,e,b,k,k,p,p,p,w,o,l,h,v,p
p,x,y,y,f,f,f,c,b,p,e,b,k,k,p,b,p,w,o,l,h,y,g
p,f,f,y,f,f,f,c,b,p,e,b,k,k,p,b,p,w,o,l,h,y,p
p,f,y,y,f,f,f,c,b,h,e,?,k,k,n,n,p,w,o,l,h,v,d
e,f,y,n,t,n,f,c,b,u,t,b,s,s,w,g,p,w,,p,k,v,d
p,f,y,y,f,f,f,c,b,h,e,b,k,k,b,n,p,w,o,l,h,y,g
e,x,s,b,t,n,f,c,b,e,e,?,s,s,w,w,p,w,t,e,w,c,w
p,x,y,y,f,f,f,c,b,p,e,b,k,k,n,p,p,w,o,l,h,y,g
p,x,f,y,f,f,f,c,b,p,e,b,k,k,p,b,p,w,o,l,h,y,d
p,x,y,y,f,f,f,c,b,h,e,?,k,k,p,n,p,w,o,l,h,y,g
p,f,y,g,f,f,f,c,b,g,e,b,k,k,b,b,p,w,o,l,h,v,p
e,f,f,e,t,n,f,c,b,n,t,b,s,s,g,g,p,w,o,p,k,y,d
p,f,f,y,f,f,f,c,b,p,e,b,k,k,p,n,p,w,o,l,h,v,d
p,f,f,y,f,f,f,c,b,p,e,?,k,k,b,n,p,w,o,l,h,v,g
p,x,y,y,f,,f,c,b,h,e,b,k,k,n,n,p,w,o,l,h,v,d
p,x,f,y,f,f,f,c,b,p,e,?,k,k,n,b,p,w,o,l,h,v,g
p,x,y,n,f,y,f,c,n,b,t,?,k,s,w,p,p,w,o,e,w,v,d
p,f,f,y,f,f,f,c,b,p,e,b,k,k,p,,p,w,o,l,h,v,p
p,x,y,y,f,f,f,c,b,h,e,?,k,k,n,b,p,w,o,l,h,v,g
p,f,f,y,f,f,f,c,b,g,e,b,k,k,n,n,p,w,o,l,h,v,p
p,f,f,y,f,f,f,c,b,g,e,b,k,k,n,b,p,w,o,l,h,v,d
p,f,y,g,f,f,f,c,b,p,e,b,k,k,b,p,p,w,o,l,h,v,p
p,f,y,g,f,f,f,c,b,h,e,b,k,k,b,b,p,w,o,l,h,v,g
p,f,y,g,f,f,f,c,b,h,e,b,k,k,b,n,p,w,,l,h,v,d
p,f,f,g,f,f,f,c,b,g,e,b,k,k,b,n,p,w,o,l,h,v,g
p,x,s,g,f,c,f,c,n,p,e,b,s,s,w,w,p,w,o,p,k,v,d
p,x,y,y,f,f,f,c,b,g,e,b,k,k,b,p,p,w,o,l,h,y,g
p,f,s,g,t,f,f,c,b,h,,b,f,f,w,w,p,w,o,p,h,s,u
p,x,y,g,f,f,f,c,b,p,e,b,k,,n,n,p,w,o,l,h,v,g
p,x,y,y,f,f,f,c,b,p,e,b,k,k,p,b,p,w,o,l,h,y,p
p,x,y,y,f,f,f,c,b,h,e,b,k,k,n,b,p,w,o,l,h,y,d
e,f,y,g,t,n,f,c,b,u,t,b,s,s,p,g,p,w,o,p,k,y,d
p,f,f,g,f,f,f,c,,g,e,b,k,k,b,n,p,w,o,l,h,y,d
p,f,y,y,f,f,f,c,b,h,e,b,k,k,n,p,p,w,o,l,h,v,g
p,f,y,g,f,f,f,c,b,h,e,b,k,k,n,b,p,w,o,l,h,y,p
p,x,y,y,f,f,f,c,b,h,e,b,k,k,b,b,p,w,o,l,h,y,g
p,x,y,g,f,f,f,c,b,p,e,b,k,k,b,p,p,w,o,l,h,y,d
p,x,f,y,f,f,f,c,b,p,e,b,k,k,b,p,p,w,o,l,h,y,p
e,f,y,n,t,n,f,c,b,n,t,b,s,s,g,g,p,w,o,p,n,v,d
p,x,y,g,f,f,f,c,b,g,e,b,k,k,n,n,p,w,o,l,h,y,g
p,f,f,y,f,f,f,c,b,g,e,b,k,k,b,p,p,w,o,l,h,v,g
p,x,y,g,f,f,f,c,b,p,e,,k,k,p,n,p,w,o,l,h,v,p
p,,y,y,f,f,f,c,b,p,e,b,k,k,p,p,p,w,o,l,h,y,g
p,f,f,g,f,f,f,c,b,,e,b,k,k,n,b,,w,o,l,h,y,p
p,f,f,g,f,f,f,c,b,h,e,?,k,k,p,b,p,w,o,l,h,y,g
p,x,y,y,f,f,f,c,b,h,,,k,k,b,n,p,w,o,l,h,y,g
e,k,y,b,t,n,f,c,b,e,e,?,s,s,e,e,p,w,t,e,w,c,w
p,x,y,y,f,f,f,c,b,p,e,b,k,k,b,b,p,w,,l,h,y,p
p,x,y,n,f,s,f,c,n,b,t,?,s,k,p,w,p,w,o,e,w,v,d
p,f,y,g,f,f,f,c,b,p,e,b,k,k,n,n,p,w,o,l,h,y,p
p,x,y,g,f,f,f,c,b,g,e,b,k,k,n,n,p,w,o,l,h,y,p
p,f,y,y,f,f,f,c,b,h,e,b,k,k,b,b,p,,o,l,h,v,g
p,f,y,g,f,f,f,c,b,g,e,b,k,k,p,p,p,w,o,l,h,v,d
p,f,f,g,f,f,f,c,b,h,e,b,k,k,b,p,p,w,o,l,h,y,g
p,f,y,y,f,f,f,c,b,h,e,b,k,k,n,n,p,w,o,l,h,y,g
p,x,f,y,f,f,f,c,b,g,e,b,k,k,n,b,p,w,o,l,h,y,d
p,x,s,w,t,f,f,c,b,p,t,b,f,f,w,w,p,w,o,p,h,v,u
p,x,y,y,f,f,f,c,b,g,e,b,,k,p,b,p,w,o,,h,v,g
p,f,f,y,,f,f,c,b,g,e,b,k,k,p,p,p,w,o,l,h,y,p
p,x,f,y,f,f,f,c,b,p,e,b,k,k,p,n,p,w,o,l,h,y,g
p,x,y,y,f,f,f,c,b,g,e,b,k,k,,b,p,w,o,l,h,v,p
p,f,y,y,f,f,f,c,b,h,e,b,k,k,b,n,p,w,o,l,h,v,g
p,x,,y,f,f,f,c,b,h,e,b,k,k,n,b,p,w,o,l,h,y,g
p,x,y,y,f,f,f,c,b,p,e,b,k,k,b,n,p,w,o,l,h,v,p
p,f,y,g,f,f,f,c,b,p,e,b,k,k,p,n,p,w,o,l,h,y,p
p,f,f,y,f,f,f,c,b,,e,b,k,k,b,b,p,w,o,l,h,y,p
p,f,f,g,f,f,f,c,b,h,e,?,k,k,b,b,p,w,o,l,h,v,p
e,f,y,n,t,n,f,,b,p,t,b,s,s,w,p,p,w,o,p,k,y,d
p,x,y,y,f,f,f,c,b,h,e,b,k,k,b,p,p,,o,l,h,v,d
p,x,y,g,f,f,f,c,b,g,e,b,k,k,n,n,p,w,o,l,h,v,p
p,f,y,g,f,f,f,c,b,h,e,b,k,k,b,p,p,w,o,,h,v,g
p,f,y,g,f,f,f,,b,g,e,b,k,k,p,b,p,w,o,l,h,v,g
p,x,y,y,f,f,f,c,b,g,e,b,k,k,b,p,,w,o,l,h,y,d
p,f,f,g,f,f,f,c,b,g,e,b,k,k,n,b,p,w,o,l,h,v,p
p,x,y,g,f,f,f,c,,p,e,b,k,k,p,p,p,w,o,l,h,v,d
p,x,y,wrong,f,f,f,c,b,p,e,b,k,k,b,n,p,w,o,l,h,v,d
p,x,,y,f,f,f,c,b,h,e,b,k,k,n,n,p,w,o,l,h,y,
p,f,f,wrong,f,f,f,c,b,g,e,b,k,k,p,n,p,w,o,l,h,y,d
e,f,f,c,f,n,f,w,n,w,e,b,s,f,w,n,p,w,o,e,w,v,l
p,f,y,g,f,f,f,c,b,h,e,b,k,k,p,b,p,w,o,l,h,v,g
p,x,y,g,f,f,f,c,b,p,e,b,k,k,p,n,p,w,o,l,h,y,p
p,f,f,y,f,n,f,c,n,w,e,?,k,y,w,y,p,w,o,e,w,v,
p,f,f,y,f,f,f,c,b,h,e,b,k,k,p,b,p,w,o,l,h,y,p
p,x,s,g,t,f,f,c,b,p,t,b,f,s,w,w,p,w,o,p,h,v,g
e,f,s,n,t,n,f,c,b,e,e,?,s,s,w,w,p,w,t,e,,c,w
p,x,y,n,f,y,f,c,,b,t,?,s,k,p,p,p,w,o,e,w,v,p
p,x,s,g,f,c,f,w,n,u,e,?,s,s,w,w,p,w,o,p,k,v,d
p,x,f,y,f,f,f,c,b,g,e,b,k,k,n,n,p,w,o,l,h,y,d
p,f,y,g,f,f,f,c,b,h,e,b,k,k,b,n,p,w,o,l,h,v,g
,f,y,g,f,f,f,c,b,g,e,b,k,k,p,b,p,w,o,,h,y,d
,x,y,y,f,f,f,c,b,p,e,b,k,k,n,b,p,w,o,l,h,v,g
p,x,y,y,f,f,f,c,b,p,e,b,k,k,b,b,p,w,o,l,h,v,g
,x,y,g,f,f,f,c,b,p,e,b,k,k,b,b,,w,o,l,h,y,d
p,f,y,g,f,f,f,c,b,g,e,b,k,k,p,p,p,w,o,l,h,y,d
p,f,y,g,f,f,f,c,b,h,e,b,k,k,b,n,p,,o,l,h,y,g
p,f,f,y,f,f,f,c,b,g,e,b,k,k,p,n,p,w,o,l,h,y,g
p,x,f,y,f,f,f,c,b,p,e,b,k,k,b,b,p,w,o,l,h,v,d
p,f,f,y,f,f,f,,b,p,e,b,k,k,b,n,p,w,o,l,h,v,p
p,f,f,g,f,f,f,c,b,p,e,b,k,k,p,b,p,w,o,l,h,y,p
,f,f,y,f,f,f,c,b,h,e,b,k,k,b,p,p,w,o,l,h,y,p
p,f,y,y,f,f,f,c,b,h,e,b,k,k,n,n,p,w,o,l,h,y,d
p,f,f,y,f,f,f,c,b,h,e,b,k,k,n,n,p,w,o,l,h,v,p
p,f,f,y,f,f,f,c,b,h,e,b,k,k,b,p,p,w,o,l,h,v,d
p,x,y,g,f,f,f,c,b,h,e,b,k,k,b,p,p,w,o,l,h,v,g
p,x,y,g,f,f,f,c,b,p,e,b,k,k,b,b,p,w,o,l,h,v,g
p,x,y,g,f,f,f,c,b,g,e,b,k,k,b,n,p,w,o,l,h,v,d
e,x,s,b,t,n,f,c,b,w,e,?,s,s,e,w,p,w,t,e,w,c,w
,f,f,g,f,f,f,,b,g,e,b,k,k,p,n,p,w,o,l,h,v,d
p,x,f,y,f,f,f,c,b,g,e,b,k,k,p,b,p,w,o,l,h,v,d
p,x,y,n,f,s,f,c,n,,t,?,s,s,p,p,p,w,o,e,w,v,l
p,,y,g,f,f,f,c,b,g,e,b,k,k,b,b,p,w,o,l,h,y,d
p,f,y,g,f,f,f,c,b,h,e,b,k,k,n,b,p,w,o,l,h,v,p
p,f,y,g,f,??,f,c,b,p,e,?,k,k,p,n,p,w,o,l,h,y,d
p,f,f,y,f,f,f,c,b,g,e,b,k,k,b,p,p,w,o,l,h,y,g
p,x,y,y,f,f,f,c,b,g,e,b,k,k,n,n,p,w,o,l,h,v,d
p,x,f,y,f,f,f,c,b,h,e,b,k,k,p,b,p,w,o,l,h,v,g
p,f,f,g,f,f,f,c,b,h,e,b,k,k,n,n,p,w,o,l,h,y,p
p,x,y,g,f,f,f,c,b,g,e,b,k,k,n,p,p,w,o,l,h,v,p
p,f,f,y,f,f,f,c,b,h,e,b,k,k,b,b,,w,o,l,h,y,g
p,x,f,y,f,f,f,c,b,p,e,b,k,k,n,p,p,w,o,l,h,y,g
e,x,y,u,f,n,f,c,n,h,e,?,s,f,w,w,p,w,o,f,h,v,
e,f,y,b,t,n,f,c,b,e,e,?,s,s,e,e,,,t,e,w,c,w
p,f,y,y,f,f,f,c,b,h,e,b,k,k,b,p,p,w,,l,h,y,d
p,x,y,y,f,f,f,c,b,g,e,?,k,k,n,p,p,w,o,l,h,y,
p,x,y,g,f,f,f,c,b,g,e,b,k,k,p,b,p,,o,l,h,v,g
p,f,f,g,f,f,f,c,b,p,e,b,k,k,p,n,p,w,o,l,h,,d
p,f,y,g,f,f,f,c,b,h,e,b,k,k,n,n,p,w,o,l,h,v,g
p,f,f,g,f,f,f,c,b,h,e,b,k,k,b,b,p,w,o,l,h,y,g
p,f,y,g,f,f,f,c,b,p,e,b,k,k,n,n,p,w,o,l,h,v,g
p,x,f,y,f,,f,c,b,g,e,b,k,k,p,n,p,w,o,l,h,y,g
p,f,f,y,f,f,f,c,b,h,,b,k,k,p,p,p,w,o,l,h,v,d
p,f,f,g,f,f,f,c,b,p,e,b,k,k,p,p,,w,o,l,h,v,d
p,f,y,y,f,f,f,c,b,h,e,b,k,k,n,b,p,w,o,l,h,v,g
p,f,y,y,f,f,f,c,b,h,e,,k,k,n,p,p,w,o,l,h,y,g
p,f,f,,f,f,f,c,b,h,e,,k,k,n,p,p,w,o,l,h,v,g
p,f,s,b,t,f,f,c,b,,t,b,s,f,w,w,p,w,o,p,h,v,g
p,f,s,w,t,n,f,c,b,g,e,b,s,s,w,w,p,w,t,p,r,v,m
p,x,y,y,f,f,f,c,b,p,e,b,k,k,p,n,p,w,o,l,h,y,p
p,f,f,y,f,f,f,c,b,p,e,b,k,k,b,b,p,w,o,l,h,v,p
p,f,y,g,f,f,f,c,b,g,e,b,k,k,p,p,p,w,o,l,h,,g
p,x,y,y,f,f,f,c,b,h,e,b,k,k,n,p,p,w,o,l,h,v,d
p,x,f,y,f,f,f,c,b,g,e,b,k,k,p,n,p,w,o,l,h,v,p
p,x,f,y,f,f,f,c,b,g,e,b,k,k,p,b,p,w,o,l,h,y,d
e,f,f,,t,n,f,c,b,u,t,b,s,,g,g,p,w,o,p,n,v,d
e,x,y,u,f,n,f,c,n,u,e,?,s,f,w,w,p,,o,f,h,v,d
p,x,y,g,f,f,f,c,b,h,e,?,k,k,p,p,p,w,o,l,h,y,d
p,f,f,y,f,f,f,c,b,,e,b,k,,n,b,p,w,o,l,h,v,g
p,x,y,y,f,f,f,c,b,p,e,b,k,,n,b,p,w,o,l,h,v,d
p,f,y,g,f,f,f,c,b,p,e,?,k,k,n,p,p,w,o,l,h,v,d
p,x,y,y,f,f,f,c,b,h,e,b,k,k,n,p,p,w,o,l,h,y,p
p,x,f,y,f,f,f,c,b,p,e,b,k,k,b,p,p,w,o,l,h,v,d
p,x,y,y,f,f,f,c,b,g,e,b,k,k,b,n,p,w,o,l,h,y,p
p,f,f,y,f,f,f,c,b,h,e,b,k,k,n,n,p,w,o,l,,v,g
p,x,y,g,f,f,f,c,b,g,e,b,k,k,p,n,p,w,o,l,h,y,p
p,f,y,g,f,f,f,c,b,p,e,b,k,k,n,n,p,w,o,l,h,y,g
p,f,y,g,f,f,f,c,b,g,e,b,k,k,p,n,p,w,o,l,h,v,p
p,x,f,y,f,f,f,c,b,g,e,b,k,k,p,p,p,w,o,l,h,y,p
e,f,f,e,t,n,f,c,b,,t,b,s,s,w,g,p,w,o,p,n,v,d
p,x,y,y,f,f,f,c,b,h,e,b,k,k,p,p,p,w,o,l,h,y,d
p,f,f,g,f,f,f,,b,g,e,b,k,k,n,b,p,w,o,l,h,v,d
p,x,y,g,f,f,f,c,b,g,e,b,k,k,b,n,p,w,,l,h,y,p
p,f,y,g,f,f,f,c,b,g,e,b,k,k,b,p,p,w,o,l,h,v,p
p,f,f,g,f,f,f,c,b,p,e,b,k,k,b,n,p,w,o,l,h,y,p
p,f,f,g,f,f,f,c,b,p,e,b,k,k,n,b,p,w,o,l,h,y,d
p,f,f,g,f,f,f,c,b,p,e,b,k,k,n,p,p,w,o,l,h,v,g
p,f,y,g,f,f,f,c,b,h,e,b,k,k,p,n,p,w,o,l,h,y,d
p,f,f,y,f,f,f,c,b,h,e,b,k,k,p,b,p,w,o,l,h,v,d
p,x,f,y,f,f,,c,b,h,e,b,k,k,p,p,p,w,o,l,h,y,d
p,x,y,g,f,f,f,c,,p,e,b,k,k,n,n,p,w,o,l,h,v,p
p,x,y,g,f,f,f,c,b,p,e,b,k,k,b,,p,w,o,l,h,y,p
p,x,f,w,f,c,f,c,n,g,e,b,s,s,w,w,p,w,o,p,n,v,d
p,f,f,g,f,f,f,c,b,p,e,b,k,k,b,p,p,w,o,l,h,y,d
p,x,f,,f,f,f,c,b,h,e,?,k,k,p,p,p,w,o,l,h,v,p
p,,,g,f,f,f,c,b,p,e,b,k,k,p,p,p,w,o,l,h,v,d
p,x,f,y,f,f,f,c,b,p,e,?,k,k,p,n,p,w,o,l,h,v,g
p,f,y,g,f,f,f,c,b,,e,b,k,k,p,n,p,w,o,l,h,v,d
p,f,y,g,f,f,f,c,b,g,e,b,k,k,n,b,,w,o,l,h,v,d
p,f,f,y,f,f,f,c,b,g,e,b,k,k,b,n,p,w,o,l,h,y,p
p,x,y,g,f,f,f,c,b,g,e,b,k,k,b,p,p,w,o,l,h,v,g
p,f,y,y,f,f,f,c,b,p,e,b,k,k,n,b,p,w,o,l,h,v,g
p,f,f,y,f,f,f,c,b,h,e,b,k,k,n,p,p,w,o,l,h,y,p
p,x,f,y,f,f,f,c,b,h,e,b,k,k,b,p,p,w,o,l,h,v,d
p,f,f,,f,f,f,c,b,g,e,b,k,k,n,b,p,w,o,,h,v,g
p,x,y,y,f,f,f,c,b,p,e,b,k,k,b,n,,w,o,l,,y,p
p,f,f,y,f,f,f,c,b,g,e,b,k,k,b,b,p,w,o,l,h,y,d
p,x,f,y,f,f,f,c,b,p,e,b,k,k,b,b,p,w,o,l,h,v,g
p,f,y,g,f,f,f,c,b,h,e,b,k,k,n,n,p,w,o,l,h,y,d
p,f,f,g,f,f,f,c,,p,e,b,k,k,p,b,p,w,o,l,h,y,d
p,f,f,y,f,f,f,c,b,g,e,b,k,k,p,n,p,w,o,l,h,,g
p,f,f,g,f,f,f,c,b,p,,b,k,k,b,b,p,w,o,l,h,v,d
,f,f,g,f,f,f,c,b,h,e,b,k,,p,n,p,w,o,l,h,y,g
p,f,f,y,f,f,f,c,b,g,e,b,k,k,p,n,p,w,o,l,h,v,d
p,x,y,y,f,f,f,c,b,g,e,b,k,k,p,p,p,w,o,l,h,y,d
p,x,y,y,f,f,f,c,b,,e,b,k,k,b,p,p,w,o,l,h,v,d
p,f,f,y,f,f,f,c,b,h,e,?,k,k,n,n,p,w,o,l,h,y,d
p,x,y,y,f,f,f,c,b,h,e,b,k,k,b,b,p,w,o,l,h,v,d
p,x,y,y,,f,f,c,b,g,e,b,k,k,b,p,p,w,o,l,h,v,g
p,x,,n,f,y,f,c,n,b,t,?,s,s,p,w,p,w,o,,w,v,d
e,f,y,b,t,n,f,c,b,w,e,?,s,s,w,w,p,w,t,e,w,c,w
p,x,f,y,f,f,f,c,b,h,e,b,k,k,b,p,p,w,o,l,h,v,g
p,x,y,y,f,f,f,c,b,h,e,b,k,k,b,b,p,w,o,l,h,y,d
p,f,y,g,f,f,f,c,b,p,e,b,k,k,n,b,p,w,o,l,h,y,d
p,x,y,y,f,f,f,c,b,p,e,?,k,k,,p,p,w,o,l,h,y,d
p,f,y,g,f,f,f,c,b,p,e,b,k,,p,b,p,w,o,l,h,v,p
p,f,y,g,f,f,f,c,b,p,e,b,k,k,p,b,p,w,o,l,h,y,d
p,f,f,g,f,f,f,c,b,p,e,b,k,k,p,b,p,w,o,l,h,v,p
p,x,f,y,f,f,f,c,b,p,e,b,k,k,p,n,p,w,o,l,h,v,p
p,f,f,y,f,f,f,c,b,p,,b,k,k,b,n,p,w,o,l,h,y,g
p,f,f,y,f,f,f,c,b,,e,b,k,k,p,p,p,w,o,l,h,y,d
p,f,y,g,f,f,f,c,,h,e,b,k,k,p,b,p,w,o,l,h,v,
p,f,y,g,f,f,f,c,b,h,e,b,k,k,n,b,p,w,o,l,h,y,g
p,f,f,g,f,f,f,c,b,g,e,b,k,k,n,b,,w,o,l,h,y,g
p,f,y,g,f,f,f,c,b,g,e,b,k,k,b,n,p,w,o,l,h,v,d
p,f,f,g,f,f,f,c,b,h,,b,k,k,p,b,p,w,o,l,h,v,d
p,f,y,g,f,f,f,c,b,g,e,b,k,k,p,b,p,w,o,l,h,v,p
p,x,f,g,f,c,f,c,n,u,e,b,s,s,w,w,p,w,o,p,k,s,d
p,f,s,b,t,f,f,c,b,w,t,b,f,f,w,w,p,w,o,p,h,v,g
e,f,f,e,t,n,f,c,b,w,t,b,s,s,g,w,p,w,o,p,k,v,d
p,x,y,,f,f,f,c,b,g,e,b,k,k,p,n,p,w,o,l,h,v,p
p,x,y,g,f,f,f,c,b,p,e,b,k,k,p,n,p,w,o,l,h,y,d
p,f,y,g,f,f,f,c,b,g,e,b,k,k,n,b,p,w,o,l,h,v,g
e,f,,g,t,n,f,c,b,u,t,b,s,s,p,w,p,w,o,p,k,v,d
p,x,y,y,f,f,f,c,b,p,e,b,k,k,b,p,p,w,o,l,h,y,d
p,x,y,y,f,f,f,c,b,p,e,b,k,k,p,b,p,w,o,l,h,v,p
p,f,f,y,f,f,f,c,b,p,e,b,k,k,n,p,p,w,o,l,h,y,p
p,x,f,y,f,f,f,c,b,h,e,b,,k,b,p,p,w,,,h,v,p
p,x,f,y,f,f,f,c,b,h,e,b,k,k,b,b,p,w,o,l,h,y,d
p,x,,g,f,f,f,c,b,h,e,b,k,k,n,p,p,w,o,l,h,v,g
p,f,s,w,t,f,f,c,,w,t,b,s,f,w,w,p,w,o,p,h,s,u
p,x,y,g,f,f,f,c,b,p,e,b,k,k,p,n,p,w,o,l,h,v,d
p,x,f,y,f,f,f,c,b,g,e,b,k,k,b,n,p,w,o,l,h,v,g
p,f,y,g,f,f,f,c,b,g,e,b,k,k,p,p,p,w,o,l,h,y,p
p,x,y,g,f,f,f,c,b,p,e,b,k,k,p,p,p,w,o,l,h,v,p
p,x,f,y,f,f,f,c,b,p,e,b,k,k,n,b,p,w,o,l,h,v,d
e,f,y,u,f,n,f,c,n,h,e,?,s,f,w,w,p,w,o,f,h,v,d
p,f,f,y,f,f,f,c,b,h,e,b,k,k,b,b,p,w,o,l,h,y,d
p,f,y,g,f,f,f,c,b,p,e,b,k,k,b,b,p,w,o,l,h,v,g
p,x,y,y,f,f,f,c,b,h,e,b,k,k,b,p,p,w,o,l,h,y,g
p,f,f,g,f,f,f,c,b,g,e,b,k,k,b,n,p,w,o,l,h,y,
e,f,y,n,t,n,f,c,b,n,t,b,s,s,p,p,p,w,o,p,n,y,d
p,x,f,y,f,f,f,c,b,h,e,b,k,k,p,n,p,w,o,l,h,v,p
p,f,f,g,f,f,f,c,b,h,e,b,k,k,n,p,p,w,o,l,h,y,d
p,x,y,g,f,f,f,c,b,h,e,b,k,k,n,b,p,w,o,l,h,y,p
p,f,f,y,f,f,f,c,b,p,e,b,k,k,n,n,p,w,o,l,h,y,g
p,,f,y,f,f,f,c,b,h,e,b,k,k,b,b,p,w,o,l,h,v,d
p,x,y,wrong,f,f,f,c,b,g,e,b,k,k,b,n,p,w,o,l,h,v,p
p,x,f,y,f,f,f,c,b,g,e,b,k,k,,n,p,w,o,l,h,v,p
p,f,y,g,f,f,f,c,b,g,e,b,k,k,n,p,p,w,o,l,h,v,g
p,x,s,w,t,f,f,c,b,h,t,b,,f,w,w,p,w,o,p,h,s,u
e,f,y,e,t,n,f,c,b,w,e,?,s,s,w,w,p,w,t,e,w,c,w
e,x,y,u,f,n,f,c,n,w,e,?,s,f,w,w,p,w,o,f,h,,d
p,x,y,y,f,f,f,c,b,p,e,b,k,k,b,n,p,w,,l,h,v,g
p,x,y,g,f,f,f,c,b,p,e,b,k,k,,p,p,w,o,l,h,y,d
p,x,f,y,f,f,f,c,,p,e,b,k,k,p,p,p,w,o,l,h,y,p
p,f,f,,f,f,f,c,b,h,e,b,k,k,p,n,p,w,o,l,h,y,d
p,x,y,g,f,f,f,c,b,g,e,b,k,k,p,b,p,w,o,l,h,y,p
p,f,f,g,f,f,f,c,b,h,e,b,k,k,b,n,p,w,o,l,h,y,g
p,f,f,y,f,f,f,c,b,p,e,b,k,k,p,n,p,w,o,l,h,y,g
p,x,y,g,f,f,f,c,b,h,e,b,k,k,p,p,p,w,,l,h,y,p
p,f,y,g,f,f,f,,b,g,e,b,k,k,n,b,p,w,o,l,h,y,p
e,f,s,p,t,n,f,c,b,w,e,?,s,s,w,e,p,w,t,e,w,c,w
p,f,f,g,f,f,f,c,b,h,e,b,k,k,p,n,p,w,o,l,h,y,p
p,x,y,y,f,f,f,c,b,g,e,b,k,k,b,p,p,w,o,l,h,y,p
p,x,y,g,f,f,f,c,b,g,e,?,k,k,n,b,p,w,o,l,h,y,p
p,f,f,y,f,f,f,c,b,g,e,b,k,k,b,n,p,w,o,,h,v,g
p,x,f,y,f,f,f,c,b,p,e,b,k,k,p,n,p,w,o,l,h,y,d
p,f,y,g,f,f,f,c,b,g,e,?,k,k,n,b,p,w,o,l,h,y,d
p,f,y,y,f,f,f,c,b,g,e,b,k,k,n,p,p,w,o,l,h,y,p
p,x,y,g,f,f,f,c,b,p,e,b,k,k,b,p,p,w,o,l,h,y,g
p,x,y,,f,??,f,c,b,g,e,b,k,k,b,n,p,w,o,l,h,y,d
p,f,f,y,f,f,f,c,b,g,e,b,k,k,n,p,p,w,o,l,h,y,p
p,f,f,g,f,f,f,c,b,p,e,b,k,k,b,n,p,w,o,l,h,y,d
p,x,y,g,f,f,f,c,b,h,e,b,k,k,b,,p,w,o,l,h,y,p
p,f,f,y,f,f,f,c,b,p,e,b,k,k,p,p,p,w,o,l,h,v,p
p,f,y,g,f,f,f,c,b,h,e,b,k,k,n,p,p,w,o,l,h,v,d
p,x,y,g,f,f,f,c,b,p,e,,k,k,n,p,p,w,o,l,h,y,g
,f,f,g,f,f,f,c,b,h,e,b,,k,b,b,p,w,,l,h,v,d
p,x,y,g,f,f,f,c,b,h,e,b,k,k,n,p,p,w,o,,h,y,g
p,f,f,g,f,f,f,c,b,p,e,b,k,k,p,n,p,w,o,l,h,v,
p,x,y,y,f,f,f,c,b,g,e,b,k,k,b,b,p,w,o,l,h,y,p
p,x,f,y,f,f,f,c,b,p,e,b,k,k,p,p,p,w,o,l,h,y,g
p,x,y,g,,f,f,c,b,h,e,?,k,k,b,p,p,w,o,l,h,v,p
p,f,f,y,f,f,f,c,b,h,e,b,k,k,n,p,p,w,o,,h,v,p
e,f,y,n,t,n,f,c,b,n,t,b,s,s,w,g,p,w,o,p,n,y,d
p,f,f,g,f,f,f,c,b,h,e,b,k,k,p,b,p,w,o,l,h,y,d
p,x,y,y,f,??,f,c,b,h,e,?,k,k,n,n,p,w,o,l,h,y,p
p,x,s,g,t,f,f,c,b,h,t,b,,f,w,w,p,w,o,p,h,s,g
p,f,y,y,f,f,f,c,b,h,e,b,k,k,n,n,p,w,o,l,h,v,p
p,x,y,y,f,f,f,c,b,p,e,b,k,k,n,p,p,w,o,l,h,v,p
p,,f,w,f,c,f,,n,g,e,b,s,s,w,w,p,w,o,p,k,s,d
p,x,f,y,f,f,f,c,b,g,e,b,k,k,n,p,p,w,o,l,h,y,d
p,f,s,b,t,f,f,,b,h,t,b,f,s,w,w,p,w,o,p,h,s,u
p,x,y,y,f,f,f,c,b,h,e,b,k,k,p,b,p,w,o,l,h,y,g
p,x,y,g,f,f,,c,b,h,e,b,k,k,n,p,p,w,o,l,h,,d
p,f,f,y,f,f,f,c,b,g,e,b,k,k,b,b,p,w,o,l,h,y,g
p,f,s,p,t,n,f,c,b,w,e,b,s,s,w,w,p,w,t,p,r,v,g
p,f,s,b,t,f,f,c,b,p,t,b,f,f,w,w,p,w,o,p,h,v,u
p,x,y,g,f,f,f,c,b,g,e,b,k,k,b,b,p,,o,l,h,v,g
p,x,y,g,f,f,f,c,b,h,e,b,k,k,p,b,p,w,o,l,h,y,g
p,x,y,g,f,f,f,c,b,p,e,b,k,k,b,p,p,w,o,l,h,v,g
p,f,f,g,f,f,f,c,b,g,e,b,k,k,p,n,p,w,o,l,h,y,p
p,f,f,g,f,f,f,c,b,g,e,b,k,k,p,p,p,w,o,l,,v,p
p,x,f,y,f,f,f,c,b,h,e,b,k,k,p,p,p,w,o,l,h,y,p
p,f,f,y,f,f,f,c,b,h,e,b,k,k,p,n,p,w,o,l,h,v,p
e,f,y,u,f,n,f,c,n,u,e,?,s,f,w,w,p,w,o,f,h,v,d
p,x,f,y,f,f,f,c,b,g,e,b,k,k,b,b,p,w,o,l,h,,g
e,f,f,e,t,n,f,c,b,w,t,b,s,s,g,w,p,w,o,p,n,v,d
p,f,f,y,f,f,f,c,b,g,e,b,k,k,n,p,p,w,o,l,h,,g
p,x,f,y,f,f,f,c,b,g,e,b,k,k,p,p,p,w,o,l,h,v,g
p,x,y,n,f,f,f,c,n,b,t,?,k,s,p,p,p,w,o,e,w,v,l
p,x,y,g,f,f,f,c,b,g,e,b,k,k,b,b,p,w,o,l,h,y,g
p,x,f,y,f,??,f,c,b,p,e,b,k,k,b,p,p,w,o,l,h,,d
p,f,f,g,,f,f,c,b,p,e,b,k,k,p,p,p,w,o,l,h,y,g
p,x,y,g,f,f,f,c,b,g,e,b,k,k,b,b,p,w,o,l,h,v,p
p,x,y,,f,f,f,c,b,h,e,b,k,k,b,b,p,w,o,l,h,y,g
p,x,f,y,f,f,f,c,b,h,e,b,k,k,b,p,p,w,o,l,h,y,d
p,f,f,y,f,,f,c,b,h,e,b,k,k,n,n,p,w,o,l,h,y,g
p,f,y,g,f,f,f,c,b,g,e,b,k,k,n,p,p,w,o,l,h,v,p
p,f,y,g,f,f,f,c,b,h,e,b,k,k,p,b,p,w,o,l,h,y,g
e,f,y,n,t,n,f,c,b,n,t,b,s,s,p,w,p,w,o,p,n,y,d
p,x,y,y,f,f,f,c,b,g,e,b,k,k,n,p,p,w,o,l,h,v,g
e,f,f,e,t,n,f,c,b,w,t,b,s,s,,w,p,w,o,p,k,y,d
p,x,f,y,f,f,f,c,b,h,e,b,k,k,b,n,p,w,o,l,h,y,d
p,x,y,g,f,f,f,c,b,h,e,b,k,k,p,b,p,w,o,l,h,y,p
p,f,y,g,f,f,f,c,b,h,e,b,k,k,p,n,p,w,o,l,h,y,p
p,x,f,y,f,f,f,c,b,p,e,b,k,,p,b,p,w,o,l,,y,p
p,f,f,g,f,f,f,c,b,h,e,b,k,k,n,b,p,w,o,l,h,v,d
p,f,f,g,f,f,f,c,b,p,e,b,k,k,p,b,p,w,o,l,h,v,d
p,f,y,g,f,f,f,c,b,p,e,b,k,k,n,b,p,w,o,l,h,y,p
p,f,y,g,f,f,f,c,b,g,e,b,k,k,p,n,p,w,o,l,h,y,g
p,x,f,y,,f,f,c,b,g,e,b,k,k,b,p,p,w,o,l,h,v,d
p,x,y,y,f,f,f,c,b,h,e,b,k,k,p,n,p,,o,l,h,y,p
p,f,f,y,f,f,f,c,b,g,e,b,k,k,,p,p,w,o,l,h,v,d
p,x,y,g,f,f,f,c,b,g,e,b,k,k,b,p,p,w,o,l,h,y,d
p,f,f,,f,f,f,c,b,g,e,b,k,k,p,b,p,w,o,l,h,y,p
p,f,y,g,f,f,f,c,b,g,e,b,k,k,b,p,p,w,o,l,h,v,d
p,x,f,p,f,c,f,w,n,p,e,b,s,s,w,w,p,w,o,p,k,s,d
p,,f,y,f,f,f,c,b,g,e,b,k,k,p,b,p,w,o,l,h,v,d
p,x,y,g,f,f,f,c,b,h,e,b,k,k,n,p,p,w,o,l,h,v,d
p,x,y,y,f,f,f,c,b,p,e,b,k,k,b,p,p,w,o,,h,y,g
p,x,y,g,f,f,f,c,b,h,e,b,k,k,p,b,p,w,o,l,h,v,d
p,f,y,y,f,f,f,c,b,h,e,b,k,k,n,b,p,w,o,l,h,v,p
p,x,y,g,f,f,f,c,b,g,e,b,k,k,,p,p,w,o,l,h,y,p
p,x,f,y,f,f,f,c,b,g,e,b,k,k,p,n,p,w,o,l,h,v,d
p,f,y,g,f,f,f,c,b,g,e,b,k,k,b,b,p,w,o,l,h,v,d
p,f,y,g,f,f,f,c,b,p,e,b,k,k,p,b,p,w,o,l,h,v,g
p,x,y,y,f,f,f,c,b,p,e,b,k,k,p,n,p,w,o,l,h,y,d
p,f,f,y,f,f,,c,b,h,e,b,k,k,p,b,p,w,o,l,h,y,d
p,x,y,g,f,f,f,c,b,g,e,b,k,k,p,n,p,w,o,l,h,v,d
p,x,y,y,f,f,f,c,Z,p,e,b,k,k,b,b,p,w,o,l,h,XXX,d
p,x,y,g,f,f,f,c,b,g,e,b,k,k,b,p,p,w,o,,h,v,d
p,x,y,g,f,f,f,c,b,g,e,?,k,k,b,p,p,w,o,l,h,y,g
p,x,f,y,f,f,f,c,b,g,e,b,k,k,n,b,p,w,o,l,h,v,g
p,x,y,g,f,f,f,c,b,p,e,b,k,k,n,b,p,w,o,l,h,y,d
p,,f,g,f,f,f,c,b,g,e,b,k,k,p,b,p,w,o,l,h,,p
p,f,f,g,f,f,f,c,b,p,e,b,k,k,b,b,p,w,o,l,h,v,g
p,x,y,g,f,f,f,c,b,h,e,b,k,k,n,n,p,w,o,l,h,v,p
p,x,f,y,f,f,f,c,b,h,e,,k,k,n,p,p,w,o,l,h,v,d
p,x,,g,f,f,f,c,b,g,e,b,k,k,p,n,p,w,o,l,,y,d
p,f,f,g,f,f,f,c,b,p,e,b,k,k,n,b,p,w,o,l,h,v,p
p,x,y,y,f,f,f,c,b,h,e,b,k,k,n,p,p,w,o,l,h,v,p
p,x,f,y,f,f,f,c,b,h,e,b,k,k,p,n,p,w,o,l,h,v,d
p,f,y,g,f,f,f,c,b,p,e,b,k,k,n,n,p,w,o,l,h,y,
p,f,f,g,f,f,f,c,b,p,e,b,k,k,b,p,p,w,o,l,h,v,p
e,x,s,p,t,n,f,c,b,e,e,?,s,s,w,w,p,w,t,e,w,c,w
p,f,f,y,f,f,f,c,b,p,e,b,k,k,n,p,p,w,o,l,h,v,d
p,x,s,p,f,c,f,w,n,g,e,b,s,s,w,w,p,w,o,p,k,v,d
p,x,f,y,f,f,f,c,b,h,e,b,k,k,p,p,p,w,o,l,h,y,g
p,f,f,g,f,f,f,c,b,g,e,b,k,k,b,p,p,w,o,l,h,y,p
p,x,f,y,f,f,f,c,b,p,e,b,k,k,n,b,p,w,o,l,h,y,g
e,f,f,e,t,n,f,c,b,p,t,b,s,s,p,p,p,w,o,p,n,y,d
p,x,y,y,f,f,f,c,b,g,e,b,k,k,b,n,p,w,o,l,h,v,d
p,x,f,y,f,f,f,c,b,p,e,b,k,k,b,p,p,w,o,l,h,y,g
p,f,y,g,f,f,f,c,b,h,e,b,k,k,n,p,p,w,o,l,h,v,g
p,f,f,y,f,f,f,c,b,p,e,b,k,k,b,p,p,w,o,l,h,y,g
e,f,y,n,t,n,f,c,b,n,t,b,s,s,p,w,p,w,o,p,n,,d
p,x,y,y,f,f,f,c,b,h,e,b,k,k,b,b,p,w,o,l,h,y,p
p,f,f,g,,f,f,c,b,h,e,b,k,k,p,b,p,w,o,l,h,v,p
p,x,y,y,f,f,f,c,b,h,e,b,k,k,p,n,p,w,o,l,h,v,p
p,f,f,,f,f,f,c,b,h,e,b,k,k,p,n,p,w,o,l,h,y,d
p,f,y,y,f,f,f,c,b,h,e,b,k,k,n,p,p,w,o,l,h,y,d
p,f,y,g,f,f,f,c,b,h,e,b,k,k,p,p,p,w,o,l,h,v,g
p,f,f,g,f,f,f,c,b,h,e,b,k,k,b,p,p,w,o,l,h,v,g
p,x,y,y,f,f,f,c,b,p,e,b,k,k,b,n,p,w,o,l,h,y,g
p,f,y,g,f,f,f,c,b,g,e,b,k,k,n,n,p,w,o,l,h,y,p
p,x,y,y,f,f,f,c,b,g,e,b,k,k,n,n,p,,o,l,h,y,g
e,f,f,g,t,n,f,c,b,u,t,b,s,s,w,w,p,w,o,p,n,y,d
p,x,s,g,t,f,f,c,b,h,t,b,f,s,w,w,p,w,o,p,h,s,g
p,x,y,n,f,f,f,c,n,b,t,?,s,k,p,w,p,w,o,e,w,v,p
p,f,s,g,t,f,f,c,b,p,t,b,s,f,w,w,p,w,o,p,h,v,g
p,f,y,g,f,f,f,c,b,g,e,b,k,k,b,n,p,w,o,l,h,y,g
p,f,y,y,f,f,f,c,b,,e,b,k,k,p,p,p,w,o,l,h,v,g
p,f,y,g,f,f,f,c,b,p,e,,k,k,b,p,p,w,o,l,h,v,d
e,f,y,e,t,n,f,c,b,e,e,?,s,s,w,e,p,w,t,e,w,c,w
p,f,y,g,f,f,f,c,b,p,e,b,k,k,n,n,p,w,o,l,h,v,p
p,x,f,y,f,f,f,c,b,h,e,b,k,k,n,n,p,w,o,l,h,v,g
p,f,f,,f,f,f,c,b,g,e,b,k,k,b,b,p,w,o,l,h,y,d
p,x,y,y,f,f,f,c,b,,e,b,k,k,,b,p,w,o,,h,y,d
p,f,f,y,f,f,f,c,b,p,e,b,k,k,n,b,p,w,o,l,h,y,g
e,f,y,n,t,n,f,c,b,e,e,?,s,s,e,e,p,w,t,e,w,c,w
p,f,y,g,f,f,f,c,b,p,e,b,k,k,p,n,p,w,o,l,h,v,g
p,k,f,n,f,n,,c,n,w,e,?,k,y,w,n,p,w,o,e,w,v,d
p,f,f,g,f,f,f,c,b,g,e,?,k,k,b,p,p,w,o,l,h,v,d
p,f,f,y,f,f,f,c,Z,h,e,b,k,k,n,b,p,w,o,l,h,XXX,p
p,x,y,wrong,f,s,f,c,n,b,t,?,s,k,w,p,p,w,o,e,w,v,p
p,f,f,g,f,f,f,c,b,h,e,b,k,k,p,p,,w,o,l,h,v,d
,f,f,g,f,f,f,c,b,g,e,b,k,k,b,b,p,w,o,l,h,y,p
p,f,s,,t,f,f,c,b,w,t,b,f,f,w,w,p,w,o,p,h,v,g
p,f,f,y,f,f,f,c,b,g,e,b,k,k,b,n,p,w,o,l,h,v,d
p,x,y,g,f,f,f,c,b,h,e,b,,k,p,n,p,w,o,l,h,y,g
p,x,f,y,f,f,f,,b,h,e,b,k,k,n,p,,w,o,l,h,y,g
e,x,y,e,t,,f,c,b,w,e,?,s,s,e,e,p,w,t,e,w,c,w
p,f,y,y,f,f,f,c,b,g,e,b,k,k,n,p,p,w,o,l,h,v,d
p,b,f,y,f,n,f,c,n,w,e,?,k,y,w,n,p,w,o,e,w,v,d
p,f,y,y,f,f,f,c,b,p,e,b,k,k,n,n,,w,o,l,h,v,d
,x,s,g,t,f,f,c,b,p,t,b,f,f,w,w,p,w,o,p,h,s,u
p,f,y,,f,,f,c,b,h,e,b,k,k,p,p,p,w,o,l,h,v,d
p,f,f,y,f,f,f,c,b,p,e,b,k,k,p,b,p,w,o,l,h,v,g
e,k,y,e,t,n,f,c,b,e,e,?,s,s,w,w,p,,t,e,w,c,w
p,f,f,y,f,f,f,c,b,p,e,?,k,k,b,p,p,w,o,l,h,v,p
p,f,f,,f,f,f,c,b,g,e,b,k,k,p,n,,w,o,l,h,v,p
e,k,y,n,f,n,f,w,n,w,e,b,f,,w,n,p,w,,e,w,v,l
p,x,s,w,f,c,f,c,n,p,e,b,s,s,w,w,p,w,o,p,n,v,d
p,x,f,y,f,f,f,c,b,g,e,b,k,k,b,n,p,w,o,l,h,y,g
p,x,f,y,f,f,f,c,b,g,e,b,k,k,n,b,p,w,o,l,h,v,p
p,x,f,y,f,f,f,c,b,g,e,b,k,k,b,n,p,w,o,l,h,y,d
p,f,y,y,f,f,f,c,b,p,e,b,k,k,n,b,p,w,o,l,h,v,p
p,b,s,b,t,n,f,c,b,g,e,b,s,s,w,w,p,w,t,p,r,,g
p,x,s,w,t,f,f,c,b,h,t,b,f,f,w,w,p,w,o,p,h,v,g
e,f,y,e,t,n,f,c,b,n,t,b,s,s,w,p,p,w,o,p,n,y,d
p,b,s,w,t,n,f,c,b,g,e,b,s,s,w,w,p,w,t,p,r,v,m
e,f,y,p,t,n,f,c,b,w,e,?,s,s,e,e,p,w,t,e,w,c,w
p,x,s,w,t,f,f,c,b,p,t,b,f,f,w,w,p,w,o,p,h,v,g
e,k,y,n,t,n,f,c,b,w,e,?,s,s,w,w,p,w,t,e,w,c,w
p,x,y,y,f,f,f,c,b,h,e,b,k,k,n,b,p,w,o,l,h,y,p
p,f,s,b,t,f,f,c,b,h,t,b,f,s,w,w,p,w,o,p,h,v,u
p,f,y,g,f,f,f,c,b,h,e,b,k,k,n,n,p,w,o,l,h,v,d
p,x,y,y,f,f,f,c,b,h,e,b,k,k,b,n,p,w,o,l,h,v,d
p,x,y,g,f,f,f,c,b,p,e,b,k,k,n,b,p,w,o,l,h,v,d
,x,f,y,f,f,f,c,b,g,e,b,k,k,n,p,p,w,o,l,h,y,p
p,x,y,y,f,f,f,c,b,h,e,b,k,k,p,b,p,w,o,l,h,v,d
p,,y,y,f,f,f,c,b,h,e,?,k,k,p,n,p,w,o,l,h,y,d
p,x,f,y,f,f,f,c,b,g,e,b,k,k,b,n,p,w,o,l,h,y,p
p,x,y,g,f,f,f,c,b,g,e,b,k,k,b,b,p,w,o,l,h,y,p
p,f,f,g,f,f,f,c,b,p,e,b,k,k,n,n,p,w,o,l,h,v,p
e,k,s,e,t,n,f,c,b,w,e,?,s,s,e,w,p,w,t,e,w,c,w
e,f,y,n,t,n,f,c,b,e,e,?,s,s,e,w,p,w,t,e,w,c,w
e,f,s,b,t,n,f,c,b,w,e,?,s,s,e,w,p,w,t,e,w,c,w
p,x,y,y,f,f,f,c,b,,e,b,k,,b,b,p,w,o,l,h,v,d
e,f,f,g,t,n,f,c,b,u,t,b,s,s,p,p,p,w,o,p,n,v,d
p,f,f,y,f,f,f,c,b,p,e,b,k,k,n,n,p,w,o,l,h,y,p
p,f,y,g,f,f,f,c,b,h,e,b,k,k,p,p,,w,o,l,h,y,g
p,x,s,g,t,f,,c,b,p,t,b,f,f,w,w,p,w,o,p,h,v,g
p,f,f,g,f,f,f,c,b,p,e,b,k,k,p,p,p,w,o,l,h,v,p
p,x,f,y,f,f,f,c,b,h,,,k,k,p,b,p,w,o,l,h,y,d
p,f,f,y,f,f,f,c,b,p,e,b,k,k,n,p,p,w,o,l,h,v,g
p,x,y,n,f,f,f,c,n,b,t,?,k,k,w,w,p,w,o,e,w,v,l
p,f,f,g,f,f,f,c,b,h,e,b,k,k,b,n,p,w,o,l,h,v,p
e,f,y,n,t,n,f,c,b,e,e,?,s,s,w,w,p,w,t,e,w,c,w
e,f,y,e,t,n,f,c,b,p,t,b,s,s,g,p,p,w,o,p,k,v,d
p,f,y,g,f,f,f,c,b,g,e,?,k,k,p,b,p,,o,l,h,y,g
p,x,y,y,f,f,f,c,b,h,e,b,k,k,p,p,p,w,o,l,h,v,p
p,f,f,g,f,f,f,c,b,p,e,b,k,k,n,n,p,w,o,l,h,y,d
e,f,f,e,t,n,f,c,b,n,t,b,s,s,p,w,p,w,o,p,n,v,d
p,x,y,y,f,f,f,c,b,h,e,b,k,k,p,b,p,w,o,l,h,v,p
p,f,f,y,f,f,f,c,b,p,e,b,k,k,b,b,p,w,o,l,h,y,p
p,f,f,g,f,f,f,c,b,p,e,b,k,k,p,n,p,w,o,l,h,v,p
p,f,y,y,f,f,f,c,,g,e,b,k,k,n,b,p,w,o,l,h,y,d
p,x,y,g,f,f,f,c,b,h,e,b,k,k,b,b,p,w,o,l,h,v,d
p,b,y,w,t,n,f,c,b,w,e,b,s,s,w,w,p,,t,p,r,v,m
p,f,f,y,f,f,f,c,b,p,e,b,k,k,p,p,p,w,o,l,h,y,p
p,x,y,n,f,f,f,c,n,b,t,?,k,s,p,w,p,w,o,e,w,v,d
p,f,f,g,f,f,f,c,b,g,e,b,k,k,p,p,p,w,o,l,h,,g
p,x,y,y,f,f,f,c,b,g,e,b,k,k,n,n,p,w,o,l,h,v,g
p,f,y,y,f,f,f,c,b,g,e,b,k,k,n,n,p,w,o,l,h,y,p
e,f,y,p,t,n,f,c,b,e,e,?,s,s,e,e,p,w,t,e,w,c,w
p,x,s,w,t,f,f,c,b,h,t,b,s,s,w,w,p,w,o,p,h,s,g
p,f,y,g,f,,f,c,b,h,e,b,k,k,n,p,p,w,o,l,h,y,g
p,x,y,g,f,f,f,c,b,h,e,b,k,k,b,b,p,w,o,l,h,v,p
p,x,f,y,f,f,f,c,b,p,e,b,k,k,n,p,p,w,o,l,h,v,g
p,f,s,b,t,f,f,c,b,w,t,b,f,s,w,w,p,w,o,p,h,s,u
p,x,f,g,f,c,f,c,n,g,e,b,s,s,w,w,p,w,o,p,k,v,d
p,x,f,y,f,f,,c,b,g,e,b,k,k,n,n,p,w,o,l,h,y,p
p,f,y,g,f,f,f,c,b,p,e,b,k,k,b,p,p,w,o,l,h,y,g
p,f,y,y,f,f,f,,b,h,e,b,k,,n,n,p,w,o,l,h,y,p
e,x,y,r,f,n,f,c,n,p,e,?,s,f,w,w,p,w,o,f,h,y,d
e,f,y,w,f,n,f,c,n,h,e,?,s,f,w,w,p,w,o,f,h,v,d
p,x,f,y,f,f,f,c,b,h,e,b,k,k,n,b,p,,o,l,h,v,d
p,f,y,y,,f,f,c,b,h,e,b,k,k,b,n,p,w,o,l,h,y,p
p,f,y,y,f,f,f,c,b,p,e,b,k,k,n,p,p,w,o,l,h,y,g
p,x,y,e,f,y,f,c,n,,t,?,k,k,p,w,p,w,o,e,w,v,p
p,x,y,e,f,y,f,c,n,b,t,?,k,k,p,w,p,w,o,e,w,v,l
p,x,y,g,f,f,f,c,b,h,e,b,k,k,b,b,p,w,o,l,h,,d
p,x,y,y,f,f,f,c,b,g,e,,k,k,n,b,p,w,o,l,h,v,g
p,f,f,g,f,f,f,c,b,,e,b,k,k,b,n,p,w,o,l,h,y,d
p,x,y,g,,f,f,c,b,g,e,b,k,k,n,b,p,w,o,l,h,y,g
p,x,y,y,f,f,f,c,b,g,e,b,k,k,p,p,p,w,o,l,h,v,d
p,f,f,y,f,f,f,c,b,h,e,b,k,k,n,b,p,w,o,,h,y,p
e,f,s,e,t,n,f,c,,w,e,?,s,s,w,e,p,w,t,e,w,c,w
p,f,f,y,f,f,f,c,b,h,e,b,k,k,b,n,p,w,o,l,h,y,p
p,x,y,y,f,f,f,c,b,h,e,b,k,k,p,p,p,w,o,l,h,y,p
p,f,s,wrong,t,f,f,c,b,p,t,b,f,s,w,w,p,,o,p,h,s,g
p,f,f,y,f,f,f,c,b,p,e,b,k,k,b,p,p,w,o,l,h,v,g
p,x,y,y,f,f,f,c,b,h,,b,k,k,n,n,p,w,,l,h,y,d
p,x,f,y,f,f,f,c,b,p,e,b,k,k,n,b,p,w,o,l,h,y,p
p,x,s,g,t,f,f,c,b,h,t,b,f,f,w,w,p,w,o,p,h,v,u
p,f,y,g,f,f,f,c,b,p,e,b,k,k,p,p,p,w,o,l,h,y,g
p,f,f,g,f,f,f,c,b,h,e,b,k,k,p,n,p,w,o,l,h,v,g
p,x,s,w,f,c,f,c,n,n,e,b,s,s,w,w,p,w,o,p,k,v,d
p,f,y,g,f,f,f,c,b,p,e,b,k,k,b,b,,w,o,l,h,y,p
,f,y,e,t,n,f,c,b,u,t,b,s,s,p,w,p,w,o,p,n,y,d
p,x,f,y,f,f,,c,b,g,e,b,k,k,p,p,p,w,o,l,h,y,g
p,x,y,y,f,f,f,c,b,p,e,b,k,k,n,p,p,w,o,l,h,y,p
e,k,s,b,t,n,f,c,b,e,e,?,s,s,w,w,p,w,t,e,w,c,w
p,f,f,y,f,,f,c,b,h,e,?,k,k,b,p,p,w,o,l,h,v,g
p,f,f,y,f,f,f,c,b,g,e,b,k,k,p,p,p,w,o,l,h,,d
p,x,y,y,f,f,f,c,b,g,e,b,k,k,b,b,p,w,o,l,h,y,g
e,x,f,n,f,n,f,w,n,w,e,b,s,f,w,n,p,w,,,w,v,l
e,x,y,e,t,,f,c,b,e,e,?,s,s,e,e,p,w,t,e,w,c,w
p,x,y,g,f,f,f,c,b,g,e,b,k,k,p,n,p,w,o,l,h,v,p
p,x,f,y,f,f,f,c,b,g,e,b,k,k,p,b,p,w,o,l,h,v,g
p,f,s,g,t,f,f,c,b,h,t,b,f,f,w,w,p,w,o,p,h,v,g
p,x,y,y,f,f,f,c,b,g,e,b,k,k,p,b,p,w,o,l,h,y,g
p,f,y,g,f,f,f,c,b,p,e,b,k,k,b,n,p,w,o,l,h,v,p
p,x,y,g,f,f,f,c,b,p,e,b,k,k,n,b,p,w,o,l,h,v,g
p,x,y,n,f,s,f,c,n,b,t,?,s,k,w,w,p,w,o,e,w,v,p
e,k,s,b,t,n,f,c,b,w,e,?,s,s,e,w,p,w,t,e,w,c,w
p,f,f,y,f,f,f,c,b,g,e,,,k,b,p,p,w,o,l,,y,d
p,x,f,g,f,f,f,c,b,g,e,b,k,k,b,p,p,w,o,l,h,v,p
p,f,y,g,f,f,f,c,b,h,e,b,k,k,b,b,p,w,o,l,h,y,p
p,x,f,y,f,f,f,c,b,g,e,b,k,k,b,n,p,w,o,l,h,v,d
p,f,y,wrong,f,f,f,c,b,h,e,b,k,k,n,n,p,w,o,l,h,v,g
e,k,s,p,t,n,f,c,b,w,,?,s,s,e,e,p,w,t,e,w,c,w
p,f,y,n,f,n,f,c,n,w,e,?,k,y,w,n,p,w,o,e,w,v,d
p,x,y,g,f,f,f,c,b,g,e,b,k,k,n,n,p,w,o,l,h,y,d
p,x,f,y,f,f,f,c,b,h,e,b,k,k,n,p,p,w,o,l,h,y,d
p,x,y,g,f,f,f,c,b,h,e,b,k,k,n,b,p,w,o,l,h,v,p
p,f,s,b,t,f,f,c,b,w,t,b,f,f,w,w,p,w,o,p,h,v,u
e,f,,b,t,n,f,c,b,w,e,?,s,s,w,,p,w,t,e,w,c,w
p,f,s,w,t,,f,c,b,w,t,b,f,f,w,w,p,w,o,p,h,s,u
p,f,y,g,f,f,f,c,b,g,e,b,k,k,b,n,p,w,o,l,h,y,
p,x,f,y,f,f,f,,b,g,e,b,k,k,b,b,p,w,o,l,h,v,p
p,f,y,g,,f,f,c,b,h,e,b,k,k,n,n,p,w,o,l,h,v,p
p,f,y,y,f,f,f,c,b,g,e,b,k,k,n,b,p,w,o,l,h,y,g
p,f,f,y,f,f,f,c,b,p,e,b,k,k,,n,p,w,o,l,h,v,d
p,x,s,b,t,f,f,c,b,h,t,b,s,s,w,w,p,w,o,p,h,v,u
p,f,f,g,f,f,f,c,b,g,e,b,k,k,p,p,p,w,o,l,h,y,p
p,x,y,g,f,f,f,c,b,h,e,b,k,k,p,n,p,w,o,l,h,y,d
p,f,f,y,f,f,f,c,b,p,e,b,k,k,b,b,p,w,o,l,h,y,g
p,f,y,y,f,f,f,c,b,h,e,b,k,k,p,,p,w,o,l,h,y,d
p,f,s,g,t,f,f,c,b,p,t,b,s,f,w,w,p,w,o,p,h,s,u
e,f,s,b,t,n,f,c,b,,e,?,s,s,w,e,p,w,t,e,w,c,w
e,x,s,p,t,n,f,c,b,w,e,?,s,s,e,e,p,w,t,e,w,c,w
e,k,s,n,t,n,f,c,b,e,e,?,s,s,w,w,,w,t,e,,c,w
p,f,y,p,t,n,f,c,b,g,e,b,s,s,w,w,p,w,t,p,,v,g
p,f,y,g,f,f,f,c,b,p,e,?,k,k,p,p,p,w,o,l,h,,p
p,x,y,y,f,f,f,,b,h,e,b,k,k,b,b,p,w,o,l,,v,p
p,f,f,g,f,f,f,c,b,g,e,b,k,k,b,p,p,w,o,l,h,v,g
p,f,f,g,f,f,f,c,b,p,e,b,k,k,p,p,p,w,o,l,h,y,d
p,x,f,y,f,f,f,c,b,p,e,b,k,k,b,n,p,w,o,l,h,y,p
p,f,f,g,f,f,f,c,b,p,e,b,k,k,n,b,p,w,o,l,h,v,d
p,f,y,g,f,f,f,c,b,h,e,?,k,k,b,p,p,w,o,l,h,y,d
p,f,y,y,f,f,f,c,b,h,e,b,k,k,b,b,p,w,o,l,h,v,d
p,f,f,y,f,f,f,c,b,p,e,b,k,k,b,b,p,w,o,l,h,v,g
p,f,y,y,f,f,f,c,b,p,e,b,k,k,p,n,p,w,o,l,h,y,g
p,x,y,y,f,f,f,c,b,p,e,b,k,k,p,b,p,w,o,l,h,v,d
p,x,y,y,f,f,f,c,b,h,e,b,k,k,b,n,p,w,o,l,h,y,p
p,f,y,g,f,f,f,c,b,g,e,b,k,k,p,n,p,w,o,l,h,v,g
p,f,f,g,f,f,f,c,b,g,e,b,k,k,b,p,p,w,o,,h,y,d
p,x,y,y,f,f,f,c,b,g,e,b,k,k,n,p,p,w,o,l,h,v,p
,x,y,y,f,f,f,c,b,g,e,b,k,k,n,n,p,w,o,l,h,y,p
e,f,y,u,f,n,f,c,n,w,e,?,s,f,w,w,p,w,o,f,h,y,d
p,f,f,g,f,f,f,c,b,g,e,?,k,k,b,b,p,w,o,l,h,v,g
p,x,y,n,f,y,f,c,n,b,t,?,s,s,w,p,p,w,o,e,w,v,l
p,x,y,,f,f,f,c,b,p,e,b,k,k,p,n,p,w,o,l,h,v,g
p,x,y,y,f,f,f,c,Z,p,e,b,k,k,n,n,p,w,o,l,h,XXX,p
p,x,y,g,f,f,f,c,b,h,e,b,k,k,n,n,p,w,o,l,h,v,g
p,f,f,y,f,f,f,c,b,g,e,b,,k,b,b,p,w,o,l,h,v,d
p,x,f,y,f,f,f,c,b,p,e,b,k,k,n,p,p,w,o,l,h,y,d
p,x,y,g,f,f,f,c,Z,h,e,b,k,k,n,p,p,w,o,l,h,XXX,p
e,f,s,b,t,n,f,c,b,e,e,?,s,s,w,w,p,w,t,,w,c,w
p,f,f,g,f,f,f,c,b,h,e,b,k,k,p,p,p,w,o,l,h,y,p
p,f,y,y,f,f,f,c,b,,e,b,k,k,n,p,p,w,o,l,h,v,d
e,x,s,n,t,n,f,c,b,w,e,?,s,s,w,e,p,w,t,e,w,c,w
p,f,f,g,,f,f,c,b,g,e,b,k,k,b,n,p,w,o,l,h,y,p
p,x,y,g,f,f,f,c,b,g,e,b,k,k,p,b,p,w,o,l,h,v,d
p,x,y,n,f,f,f,c,n,b,t,?,k,k,p,p,p,w,o,e,w,v,p
p,f,f,y,f,f,f,c,b,g,e,b,k,k,n,n,p,w,o,l,h,v,d
p,x,y,n,f,n,f,c,n,w,e,?,k,y,w,n,p,w,o,e,w,v,d
,b,s,b,t,n,f,c,b,w,e,b,s,s,w,w,p,w,t,p,r,v,g
p,f,f,y,f,f,f,c,b,p,e,b,k,k,n,b,p,w,o,l,h,v,d
p,f,y,g,,f,f,c,b,h,e,b,k,k,n,b,p,w,o,l,h,y,d
e,f,y,u,f,n,f,c,Z,u,e,?,s,f,w,w,p,w,o,f,h,XXX,d
p,x,f,,f,,f,c,b,g,e,b,k,k,n,n,p,w,o,l,h,v,g
p,f,y,y,f,f,f,c,b,g,e,b,k,k,b,p,p,w,o,l,h,y,g
p,f,f,y,f,f,f,c,b,h,e,b,k,k,n,p,p,w,o,l,h,y,g
p,x,y,y,f,f,f,c,b,h,e,b,k,k,b,p,p,w,o,l,h,y,d
e,x,y,,t,n,f,c,b,w,e,?,s,s,e,w,p,w,t,e,w,c,w
p,f,f,g,f,f,f,c,b,g,e,b,k,k,p,p,p,w,o,l,h,v,g
p,x,y,y,f,f,f,c,b,g,e,?,k,k,b,n,p,w,o,l,h,v,g
p,x,y,,f,f,f,c,b,p,e,b,k,k,b,b,p,w,o,l,h,v,p
p,f,y,g,f,f,f,c,b,g,e,,k,k,b,n,p,w,o,l,h,v,p
e,k,s,,t,n,f,c,b,w,e,?,s,s,,e,p,w,t,e,w,c,w
p,f,y,y,f,f,f,c,b,p,e,b,k,k,p,b,p,w,o,l,h,y,d
p,x,y,g,f,f,f,c,b,p,e,b,k,k,b,b,p,w,o,l,h,v,p
p,x,f,y,f,f,f,c,b,h,e,b,k,k,n,n,p,w,o,l,h,v,d
p,f,f,y,f,f,f,c,b,p,e,b,k,k,n,p,p,w,o,l,h,v,p
p,f,s,w,t,f,f,c,b,h,t,b,s,f,w,w,p,w,o,p,h,v,u
p,x,s,g,f,c,f,c,n,p,e,b,s,s,w,w,p,w,o,p,n,v,d
p,f,y,y,f,f,f,c,b,g,e,b,k,k,p,b,p,w,o,l,h,y,d
e,f,y,u,f,n,f,c,n,p,e,?,s,f,w,w,p,w,o,f,h,v,
p,x,f,y,f,f,f,c,b,g,e,b,k,k,p,p,p,w,,l,h,y,d
p,f,,g,f,f,f,c,b,g,e,b,k,k,n,p,p,,o,l,h,y,d
p,x,f,y,f,f,f,c,b,g,e,b,k,k,n,p,p,w,o,l,h,v,g
p,x,f,y,f,f,f,c,b,h,e,b,k,k,n,b,,w,o,l,h,v,p
p,x,s,g,t,f,f,c,b,p,t,b,f,s,w,w,p,w,o,p,,s,u
p,f,y,g,f,f,f,c,b,g,e,b,k,k,p,n,p,w,o,l,,y,d
p,f,f,y,f,f,f,c,b,h,e,b,k,k,p,n,p,w,o,l,h,y,p
p,f,f,y,f,f,f,c,b,g,e,b,k,k,b,n,p,w,o,l,h,y,d
p,x,y,g,f,f,f,c,b,p,e,b,k,k,p,b,,w,o,l,h,v,d
p,x,y,g,f,f,f,c,b,g,e,b,k,k,n,b,p,w,o,l,h,v,g
p,x,y,g,f,f,f,c,b,h,e,b,k,k,n,b,p,w,o,l,h,y,d
p,x,f,g,f,f,f,c,b,p,e,b,k,k,p,p,p,w,o,l,h,y,g
p,x,y,y,f,f,f,c,b,g,e,b,k,k,p,n,p,w,o,l,h,y,p
p,f,f,g,f,f,f,c,b,h,e,b,k,k,n,n,p,w,o,l,h,v,g
p,f,f,y,f,f,f,c,b,p,e,b,k,k,b,n,p,w,o,l,h,y,d
p,x,y,g,f,f,f,c,b,h,e,b,k,k,b,p,p,w,o,l,h,y,p
p,f,f,y,f,f,f,c,b,g,e,b,k,k,p,p,p,w,o,l,h,v,p
p,x,y,n,f,s,f,c,n,b,t,?,k,k,w,w,p,w,o,e,w,v,l
p,x,f,y,f,f,f,c,b,h,e,,k,k,p,b,p,w,o,l,,y,p
p,x,y,y,f,f,f,c,b,g,e,b,k,k,b,p,p,w,o,l,h,v,p
p,f,s,b,t,f,f,c,b,w,t,b,f,s,w,w,p,,o,p,h,v,g
p,f,f,g,f,f,f,c,b,h,e,b,,k,n,p,p,w,o,l,h,v,d
p,f,y,y,f,f,f,c,b,h,e,b,k,k,b,p,p,w,,l,h,y,p
p,x,f,y,f,f,f,c,b,h,e,b,k,k,n,n,p,w,o,l,h,y,p
p,f,f,g,f,f,f,c,b,p,e,b,k,k,b,n,p,w,o,l,h,v,d
,x,y,y,f,f,f,c,b,g,e,b,k,k,n,p,p,w,o,l,h,y,d
p,x,y,g,f,f,f,c,b,p,e,b,k,k,b,b,p,w,o,l,h,v,d
p,x,y,e,f,y,f,c,n,b,t,?,k,k,w,w,p,w,o,e,w,v,l
e,k,y,b,t,n,f,c,b,e,e,?,s,s,e,w,p,w,t,e,w,c,w
e,f,y,b,t,n,f,c,b,w,e,?,s,s,e,w,p,w,t,e,w,c,w
p,x,y,g,f,f,f,c,b,p,e,b,k,k,p,p,p,w,o,l,h,y,d
p,f,f,y,f,f,f,c,b,g,e,b,k,k,b,p,p,w,o,l,h,y,p
p,x,y,g,f,f,f,c,b,h,e,b,k,k,n,b,p,w,o,l,h,y,g
p,f,y,g,f,f,f,c,b,g,e,b,k,k,b,p,p,w,o,l,h,y,g
p,x,s,b,t,f,f,c,b,w,t,b,s,f,w,w,p,w,o,p,h,s,u
p,f,y,y,f,f,f,c,b,h,e,b,k,k,b,p,p,w,o,l,h,v,p
p,x,s,w,t,f,f,c,b,p,t,b,f,,w,w,p,w,o,p,h,s,u
p,x,f,y,f,f,f,c,b,p,e,b,k,k,b,n,p,w,o,l,h,v,p
p,x,,g,f,f,f,c,b,p,e,b,k,k,b,p,p,w,o,l,h,y,p
p,x,s,w,t,f,f,c,b,p,t,?,s,f,w,w,p,w,o,p,h,s,u
p,f,s,b,t,f,f,c,b,p,t,b,f,f,w,w,p,w,o,p,h,s,g
p,x,s,w,t,f,f,c,b,h,t,b,f,s,w,w,p,w,o,p,h,s,u
p,f,f,y,f,??,f,c,b,p,e,b,,k,n,b,p,w,o,l,h,y,d
p,f,y,g,f,f,f,c,b,g,e,b,k,k,p,b,p,w,o,l,h,y,p
p,x,f,y,f,f,f,c,b,h,e,b,k,k,b,n,p,w,o,l,h,v,g
p,f,f,g,,f,f,c,b,h,e,b,k,k,n,b,p,w,o,l,h,v,p
e,x,y,w,f,n,f,c,n,u,e,?,s,f,w,w,p,w,o,f,h,y,d
e,x,s,e,t,n,f,c,b,e,e,?,s,s,w,,p,w,t,e,w,c,w
p,x,y,g,f,f,f,c,b,p,e,b,k,k,p,p,p,w,o,l,h,v,g
p,f,f,g,f,f,f,c,b,h,e,b,k,k,n,b,p,w,o,l,h,v,g
,x,y,n,f,y,f,c,n,b,t,?,k,s,p,w,,w,o,e,w,v,l
p,x,y,wrong,f,f,f,c,b,h,e,b,k,k,p,b,p,w,o,l,h,v,p
p,f,f,g,f,f,f,c,b,h,e,b,k,k,n,p,p,w,o,l,h,y,p
p,f,f,y,f,f,f,c,b,h,e,b,k,k,b,n,p,w,o,l,h,v,p
p,f,f,y,f,f,f,c,b,h,e,b,k,k,b,p,p,w,o,,h,,d
e,f,f,e,t,n,f,c,b,n,t,b,s,s,g,,p,w,o,p,n,y,d
p,x,y,y,f,f,f,c,b,p,e,b,k,,n,b,p,w,o,l,h,y,g
p,f,y,y,f,f,f,c,b,g,e,b,k,k,n,b,p,w,o,l,h,v,d
p,f,f,g,f,f,f,c,b,g,e,b,k,k,b,p,p,w,,l,h,v,p
p,x,y,y,f,f,f,c,b,h,e,b,k,k,p,p,p,w,o,l,h,y,g
p,x,f,y,f,f,f,c,b,g,e,b,k,k,p,b,p,w,o,l,h,y,p
p,k,f,y,f,n,f,c,n,w,e,?,k,y,w,n,p,,o,e,w,v,d
p,f,f,y,f,f,,c,b,h,e,b,k,k,n,b,p,w,o,l,h,y,g
e,k,f,c,f,n,f,w,n,w,e,b,f,s,w,n,p,w,o,e,w,v,l
p,f,f,g,f,f,f,,,h,e,b,k,k,n,n,p,w,o,l,,v,p
p,f,y,y,f,f,f,c,b,h,e,b,k,k,n,p,p,w,o,l,h,y,p
p,x,y,g,f,f,f,c,b,g,e,b,k,k,b,b,p,w,o,l,h,v,d
p,x,y,g,f,f,f,c,b,p,e,b,k,k,p,b,p,w,o,l,h,v,p
p,f,f,y,f,f,f,c,b,h,e,b,k,,p,p,p,w,o,l,h,v,g
p,f,y,y,f,f,f,c,b,,e,b,k,k,p,n,p,w,o,l,h,v,d
p,x,f,y,f,f,f,c,b,p,e,b,k,k,n,n,p,w,o,l,h,y,d
p,f,f,y,f,f,f,c,b,p,e,b,k,k,n,n,p,w,o,l,h,v,p
p,x,y,y,f,,f,c,b,g,e,b,k,k,n,b,p,w,o,l,h,y,d
p,b,y,p,t,n,f,c,b,w,e,b,s,s,w,w,p,w,,p,r,v,g
e,k,y,p,t,n,f,c,b,e,e,?,s,,w,w,p,w,t,e,w,c,w
p,x,y,y,f,f,f,c,b,g,e,b,k,k,b,b,p,w,o,l,h,v,p
p,x,,y,f,f,f,c,b,p,e,b,k,k,p,p,p,w,o,l,h,v,g
e,k,y,b,t,n,f,c,b,e,e,?,s,s,w,e,p,w,t,e,w,c,w
p,f,y,y,f,f,f,c,Z,p,e,b,k,k,n,n,p,w,o,l,h,XXX,d
p,x,s,w,t,f,f,c,b,p,,b,s,s,w,w,p,w,o,p,h,s,u
p,x,y,n,f,s,f,c,n,b,t,?,k,k,w,w,p,w,o,e,w,v,p
p,x,y,n,f,y,f,c,n,b,t,?,s,k,w,w,p,w,o,e,w,v,d
p,x,y,e,f,??,f,c,n,b,t,?,k,k,w,w,p,w,o,e,w,v,p
p,f,g,w,t,n,f,w,n,w,e,b,s,s,w,w,p,w,o,p,w,c,l
,x,s,g,t,f,f,c,b,p,t,b,f,s,w,w,p,w,o,p,h,v,u
e,f,y,c,f,n,f,w,n,w,e,b,f,s,w,n,p,w,o,e,w,v,l
p,x,y,g,f,f,f,c,b,p,e,b,k,k,p,b,p,w,o,l,h,y,g
,f,y,y,f,f,f,c,b,g,e,b,k,k,b,p,p,w,o,l,h,v,d
p,f,y,y,f,f,f,c,b,p,e,b,k,k,b,p,p,w,o,l,h,y,p
e,f,y,p,t,n,f,c,b,w,e,?,s,s,w,e,p,w,t,e,w,c,w
,x,s,b,t,f,f,c,b,w,t,b,f,s,w,,p,w,o,p,h,v,g
p,x,s,g,t,f,f,c,b,h,t,b,s,f,w,w,p,w,o,p,h,s,g
p,x,y,e,f,y,f,c,n,,t,?,k,s,p,p,p,w,o,e,w,v,p
e,k,y,c,f,n,f,w,n,w,e,b,s,f,w,n,p,w,o,e,w,v,l
p,x,s,w,t,f,f,c,b,w,t,b,s,f,w,w,p,w,o,p,h,s,u
p,x,s,w,t,f,f,c,b,h,t,b,s,f,w,,p,w,o,p,h,v,g
p,f,s,b,t,f,f,c,b,w,t,?,s,f,w,w,p,w,o,p,h,v,u
p,f,s,b,t,f,f,c,b,p,t,b,s,s,w,w,p,w,o,p,h,v,g
e,k,y,c,f,n,f,w,n,w,e,b,f,,w,n,p,w,o,e,w,v,l
p,x,y,g,f,f,f,c,b,g,e,b,k,k,n,n,p,w,o,l,h,v,d
p,f,s,w,t,f,f,c,b,h,t,b,f,f,w,,p,w,o,p,h,v,g
p,f,s,g,t,f,,c,b,,t,b,s,s,w,w,p,w,o,p,h,s,u
p,c,g,w,t,n,f,w,n,w,e,b,s,,w,w,p,w,o,p,w,c,l
p,x,s,g,t,f,f,c,b,p,t,b,s,f,w,w,p,w,o,p,h,s,u
p,b,g,w,t,n,f,w,n,w,e,b,s,s,,w,p,w,o,p,w,c,l
,x,s,b,t,f,f,c,b,p,,b,s,s,w,w,p,w,o,p,h,v,g
p,f,s,w,t,f,f,c,b,h,t,b,f,f,w,w,p,w,o,p,h,s,u
p,b,f,y,f,n,f,c,n,w,e,?,k,y,w,y,p,w,o,e,w,v,d
,x,y,n,f,s,f,c,n,b,t,?,s,s,w,p,p,w,o,e,w,v,d
p,x,y,n,f,y,f,c,n,b,t,?,k,s,p,p,p,w,o,e,w,v,
e,k,s,n,t,n,f,c,b,w,e,?,s,s,e,w,p,w,t,e,w,c,w
e,k,y,b,t,n,f,c,b,w,e,?,s,s,e,e,p,w,t,e,w,c,w
p,f,s,w,t,??,f,c,b,w,t,b,s,s,w,w,p,w,o,p,h,v,g
p,f,s,b,t,n,f,c,b,w,e,b,s,s,w,w,p,w,t,p,r,v,m
p,f,y,y,f,f,f,c,b,p,e,?,k,k,b,b,p,w,o,l,h,y,p
p,x,y,g,f,f,f,c,b,p,e,b,k,k,p,n,p,w,o,l,h,y,g
p,f,s,b,t,n,f,c,b,r,e,b,s,s,w,w,p,w,t,p,r,v,g
p,x,y,n,f,f,f,c,n,b,t,?,k,s,p,p,p,w,o,e,w,v,p
p,x,y,e,f,y,f,c,n,b,t,?,k,k,p,p,p,w,o,e,w,v,p
p,f,f,g,f,f,f,c,b,p,e,b,k,k,b,b,p,w,o,l,h,y,d
e,x,s,e,t,n,f,c,b,e,e,?,,s,e,w,p,w,t,e,w,c,w
p,x,y,n,f,f,f,c,n,b,t,?,k,k,p,p,p,w,o,e,w,v,l
p,x,f,y,f,f,f,c,b,g,e,b,k,k,p,b,p,w,o,l,h,y,g
p,x,y,n,f,y,f,c,n,b,t,?,k,s,w,w,p,w,o,e,w,v,d
e,f,,n,f,n,f,w,n,w,e,b,s,f,w,n,p,w,o,e,w,v,l
p,x,y,n,f,f,f,c,n,b,,?,s,k,w,p,p,w,o,e,w,v,p
e,x,s,,t,n,f,c,b,e,e,?,s,s,e,e,p,w,t,e,w,c,w
e,f,y,n,t,n,f,c,b,w,e,?,s,s,w,e,p,w,t,e,w,c,w
p,f,y,y,f,f,f,c,b,g,e,b,k,,p,b,p,w,o,l,h,y,p
p,f,y,b,,n,f,c,b,r,e,b,s,s,w,w,p,w,t,p,r,v,m
p,x,y,n,f,n,f,c,n,w,e,?,k,y,w,y,p,w,o,e,w,v,d
p,x,y,n,f,y,f,c,n,b,t,?,s,k,w,w,p,w,o,e,w,v,l
p,x,s,b,t,f,f,c,b,w,t,b,s,s,w,w,p,w,o,p,h,s,g
p,x,s,b,t,f,f,c,b,h,t,b,f,s,w,w,p,w,o,p,h,v,g
p,f,y,y,f,f,f,c,Z,,e,b,k,k,,n,p,w,o,l,h,XXX,p
p,f,s,g,t,f,f,c,b,w,t,,s,f,w,w,p,w,o,p,h,v,g
p,x,y,n,f,f,f,c,n,b,t,?,s,k,w,w,p,,o,e,w,v,l
p,x,s,b,t,f,f,c,b,p,t,b,f,s,w,w,p,w,o,p,h,v,g
p,f,f,n,f,n,f,c,n,w,e,?,k,y,w,y,p,w,o,e,w,v,d
e,x,y,e,t,n,f,c,b,w,e,?,,s,w,w,p,w,t,e,w,c,w
p,f,s,b,t,f,f,c,b,w,t,b,f,f,w,w,p,w,o,p,h,s,g
p,f,s,w,t,f,f,c,b,p,t,b,f,s,w,w,p,w,,p,h,s,g
e,k,y,e,t,n,f,c,b,w,e,?,s,s,e,e,p,w,t,e,w,c,w
p,x,f,y,f,f,f,c,b,p,e,b,k,k,n,p,p,w,o,l,h,y,p
p,x,f,n,f,n,f,c,n,w,e,?,k,y,w,n,p,w,o,e,w,v,d
e,x,y,n,t,n,f,c,b,e,e,?,s,s,e,w,p,w,t,e,w,c,w
p,x,y,g,f,f,f,c,b,p,e,b,k,,p,p,p,w,o,l,h,y,g
p,f,s,b,t,f,f,c,b,h,t,b,f,s,w,w,p,w,o,p,h,v,g
p,f,s,b,t,f,f,c,b,h,t,b,f,s,w,w,p,w,o,p,,s,g
p,f,y,y,f,f,f,c,b,h,e,b,k,k,b,p,p,w,o,l,h,v,g
p,f,y,y,f,f,f,c,b,h,e,b,k,k,p,b,p,w,o,l,h,v,d
e,x,s,p,t,n,f,c,b,w,e,,s,s,w,w,p,w,t,e,w,c,w
e,f,s,p,t,n,f,c,b,e,e,?,s,s,e,e,p,w,,e,w,c,w
p,b,y,w,t,n,f,c,b,r,e,?,s,,w,w,p,w,t,p,r,v,g
e,x,y,c,f,n,f,w,Z,w,e,b,f,f,w,n,p,w,o,e,w,XXX,l
e,f,s,n,t,n,f,c,b,w,e,?,s,s,e,w,p,w,t,e,w,c,w
p,x,s,b,t,f,f,c,b,h,t,b,f,s,w,w,p,w,o,p,h,v,u
p,x,s,g,t,f,f,,b,,t,b,f,s,w,w,p,w,o,p,h,v,g
p,f,y,y,f,f,f,c,b,g,e,b,k,k,b,p,p,w,o,l,h,y,d
p,x,s,b,t,f,f,c,Z,w,t,b,f,s,w,w,p,w,o,p,h,XXX,u
p,x,s,w,t,f,f,c,b,p,t,b,s,s,w,w,p,w,o,p,h,s,g
e,f,y,c,f,n,f,w,n,w,e,b,s,f,w,n,p,w,o,e,w,v,l
p,x,y,e,f,y,f,c,n,b,t,?,k,s,w,w,p,w,o,e,w,v,d
p,f,f,y,f,f,f,c,b,h,e,b,k,k,n,p,p,,o,l,h,y,d
e,x,y,w,f,n,f,c,n,h,e,?,s,f,w,w,p,w,o,f,h,v,d
p,x,y,y,,f,f,c,b,p,e,b,k,k,b,p,p,w,o,l,h,v,p
p,f,,p,t,n,f,c,b,w,e,b,s,s,w,w,p,w,t,p,r,v,g
p,f,s,g,t,f,f,c,b,h,t,b,f,s,w,w,p,w,o,p,h,v,u
p,x,y,n,f,s,f,c,n,b,t,?,s,s,w,w,p,w,o,e,w,v,d
e,k,s,p,t,n,f,c,b,w,e,?,s,s,e,w,p,w,t,,w,c,w
p,x,y,n,f,f,f,c,n,b,t,?,k,k,w,p,p,w,o,e,w,v,l
p,x,y,g,f,f,f,c,b,g,e,b,k,k,n,b,,w,o,,h,v,p
p,f,s,b,t,f,f,c,b,h,t,b,f,f,w,w,p,w,o,p,h,s,
e,k,y,p,t,n,f,c,b,e,,?,s,s,w,e,p,w,t,e,w,c,w
p,x,f,y,f,f,f,c,b,h,e,b,k,k,p,b,p,,o,l,h,,p
p,f,y,g,f,f,f,c,Z,g,e,b,k,k,n,n,p,w,o,l,h,XXX,g
p,f,f,g,f,f,f,c,b,g,e,b,k,k,n,p,p,w,o,l,h,y,d
p,x,s,b,t,f,f,c,b,p,t,b,s,f,w,w,p,w,o,p,h,s,g
p,x,y,n,f,f,f,c,n,b,t,?,,s,w,w,p,w,o,e,w,v,p
p,x,y,y,f,f,f,c,b,p,e,b,k,k,p,p,p,w,o,l,h,v,d
p,f,f,y,f,f,f,c,b,h,e,b,k,k,n,n,p,w,o,l,h,v,d
p,f,f,n,f,n,f,,n,w,e,?,k,y,w,n,,w,o,e,w,v,d
e,k,s,b,t,??,,c,b,w,e,?,s,s,w,w,p,w,t,e,w,c,w
p,f,y,y,f,f,f,c,b,h,e,?,k,k,p,n,p,w,o,l,h,v,
p,x,y,e,f,y,f,c,n,b,t,?,k,,p,w,p,w,o,e,,v,l
p,x,s,g,t,??,f,c,,h,t,b,f,f,w,w,p,w,o,p,h,s,u
e,f,s,n,t,n,f,c,b,e,e,?,s,s,w,e,p,w,t,e,w,c,w
p,x,y,g,f,f,f,c,b,g,e,b,k,k,p,,p,w,o,l,h,v,p
p,x,y,n,f,y,f,c,n,b,t,?,s,s,p,p,p,w,o,e,w,v,d
p,x,s,g,t,f,f,c,b,p,t,b,s,s,w,w,p,w,o,p,h,v,u
p,x,s,g,t,f,f,c,b,h,t,b,f,s,w,w,p,w,o,p,h,v,g
p,f,y,p,t,n,f,c,b,w,e,?,s,s,w,w,p,w,t,p,r,v,m
e,k,y,b,t,n,f,c,b,w,e,?,s,s,e,w,p,w,t,e,w,c,
p,x,s,w,t,f,,c,b,w,t,b,s,s,w,w,,w,o,p,h,v,u
p,x,y,n,f,y,f,c,n,b,t,?,s,s,w,p,p,w,o,e,w,v,d
e,k,y,n,t,n,f,c,,w,e,?,s,s,e,w,p,w,t,e,w,c,w
p,f,y,y,f,f,f,c,b,g,e,b,k,k,n,p,p,w,o,l,h,y,d
e,x,y,p,t,n,f,c,b,w,e,?,s,s,e,e,p,w,,e,w,c,w
p,f,s,g,t,f,f,c,b,p,t,b,f,f,w,w,p,w,o,p,h,s,u
e,x,s,p,t,n,f,c,b,e,e,?,s,s,w,e,p,w,t,e,w,c,w
p,b,y,n,f,n,f,c,n,w,e,?,k,y,w,n,p,w,o,e,w,v,d
p,f,s,b,t,f,f,c,b,h,t,b,f,f,w,w,p,w,o,p,h,v,g
p,x,y,n,f,f,f,c,n,b,t,?,k,s,p,w,p,w,o,e,w,v,p
p,x,y,n,f,f,f,c,n,b,t,?,k,k,w,w,p,w,o,e,w,v,
p,x,s,b,t,f,f,c,b,w,t,b,s,s,w,w,p,w,o,p,h,s,u
p,,y,n,f,f,f,c,n,b,t,?,s,s,w,p,p,w,o,e,w,v,l
e,k,y,p,t,n,f,c,b,w,e,?,s,s,w,e,p,w,t,e,w,c,w
e,k,f,c,f,n,f,w,n,w,e,b,f,f,w,n,p,w,o,e,w,v,l
p,x,y,y,f,,f,c,b,h,e,b,k,k,b,n,p,w,o,l,h,v,g
e,x,s,wrong,t,n,f,c,b,w,e,?,s,s,e,w,p,w,t,e,w,c,w
,f,f,g,f,f,f,c,b,p,e,b,k,k,b,p,p,w,o,l,h,y,p
p,f,y,y,f,f,f,c,b,p,e,?,k,k,n,b,p,w,o,l,h,v,d
p,f,s,g,t,f,f,c,b,w,t,b,s,f,w,w,p,w,o,p,h,v,u
p,k,y,w,t,n,f,w,n,w,e,b,s,s,w,w,p,w,o,p,w,c,l
e,,f,n,f,n,f,w,n,w,e,b,f,f,w,n,p,w,o,e,w,v,l
p,k,f,y,f,n,f,c,n,w,e,?,k,y,w,y,p,,o,e,w,v,d
p,f,s,w,t,f,f,c,b,w,t,b,f,f,w,w,p,w,o,p,h,s,
p,f,y,y,f,n,f,c,n,w,e,?,k,y,w,y,p,w,o,e,w,v,d
,f,y,y,f,f,f,c,b,g,e,b,k,k,,p,p,w,o,l,,v,d
e,k,s,b,t,n,f,c,b,e,e,?,s,s,w,e,p,w,t,e,w,c,w
p,f,y,y,f,f,f,c,b,p,e,b,k,k,p,p,p,w,o,l,h,v,p
p,x,y,n,f,y,f,c,n,b,t,,s,s,w,w,p,w,o,e,w,v,p
p,x,y,y,f,f,f,c,b,h,e,b,k,k,p,b,p,w,o,l,h,y,d
p,x,y,y,f,f,f,c,b,p,e,b,k,k,p,p,,w,o,l,h,v,p
p,b,y,w,t,n,f,c,b,w,e,b,s,s,w,w,p,w,t,p,r,v,g
p,f,y,y,f,f,f,c,b,g,e,b,k,k,p,b,p,w,o,l,h,y,g
p,x,s,w,t,f,f,c,b,p,t,b,s,f,,w,p,w,o,p,h,v,g
p,x,s,b,t,f,f,c,b,w,,b,s,s,w,w,p,w,o,p,h,v,g
e,k,y,b,t,n,f,c,b,w,e,?,s,s,w,e,p,w,t,e,w,c,w
,f,y,y,f,,f,c,b,g,e,b,k,k,b,n,,w,o,l,h,v,p
p,x,s,b,t,f,f,c,b,p,t,b,f,f,w,w,p,w,o,p,h,s,g
p,b,y,b,t,n,f,c,b,w,e,b,s,s,w,w,p,w,,p,r,v,m
p,x,s,w,t,f,f,c,b,w,t,b,s,f,w,w,p,w,o,p,h,v,g
e,k,s,n,t,n,f,c,b,w,e,?,s,s,w,e,p,w,t,e,w,c,w
p,f,s,g,t,f,f,c,b,w,t,b,f,s,w,w,p,w,o,p,h,s,u
p,x,f,y,f,n,f,c,n,w,e,?,k,y,w,y,p,w,o,e,w,v,d
p,f,s,g,t,f,f,c,b,p,t,b,s,s,w,w,p,w,o,p,h,v,g
p,f,y,y,f,,f,c,b,g,e,b,k,k,p,n,p,w,o,l,h,y,d
p,k,y,n,f,n,f,c,n,w,e,?,k,y,w,y,p,w,o,e,w,v,d
p,f,s,b,t,f,f,c,b,p,t,b,s,f,w,w,p,w,o,p,,s,u
e,f,s,e,t,n,f,c,b,w,e,?,s,s,w,w,p,w,t,e,w,c,w
p,x,y,n,f,f,f,c,n,b,t,?,s,s,p,p,p,w,o,e,w,v,d
p,x,y,n,f,y,f,c,n,b,t,?,s,s,w,w,p,w,o,e,w,v,d
p,x,y,n,f,y,f,c,n,b,t,?,s,s,w,w,p,w,o,e,w,v,l
p,x,s,w,t,f,f,c,b,h,t,b,f,s,w,w,p,w,o,p,h,v,u
e,k,s,n,t,n,f,c,b,e,e,?,s,s,e,e,p,w,t,e,w,c,w
p,f,y,g,f,f,f,c,b,p,e,b,k,k,n,p,p,w,o,l,,y,g
e,x,s,b,t,n,f,c,b,e,e,?,s,s,w,e,p,w,t,e,w,c,w
,f,s,w,t,f,f,c,b,w,t,b,f,s,w,w,p,w,o,p,h,s,u
e,k,f,n,f,n,f,w,n,w,e,b,s,s,w,n,p,w,o,e,w,v,l
p,x,y,n,,s,f,c,n,b,t,?,k,s,w,w,p,w,o,e,w,v,l
p,f,s,w,t,f,f,c,b,h,t,b,f,s,w,w,p,w,o,p,h,v,g
p,x,s,g,t,,f,c,b,h,t,b,s,s,w,w,p,w,o,p,h,v,u
p,k,y,y,f,n,f,c,n,w,e,?,k,y,w,y,p,w,o,e,w,v,d
p,f,s,w,t,n,f,c,b,w,e,b,s,s,w,w,p,w,t,p,r,v,m
p,f,f,y,f,f,f,c,b,g,e,b,k,k,n,b,p,w,o,l,h,y,p
e,k,y,p,t,n,f,c,b,w,e,?,s,s,e,w,p,w,t,e,w,c,w
p,f,y,w,t,n,f,w,n,w,e,b,s,s,w,w,p,w,o,p,w,c,l
p,f,s,b,t,f,f,c,b,p,t,b,f,s,w,w,p,w,o,p,h,v,u
e,f,y,w,f,n,f,c,n,u,e,?,s,f,w,w,p,w,o,f,h,y,d
e,x,y,r,f,,f,c,n,w,e,?,s,f,w,w,p,w,o,f,h,v,d
e,x,s,b,t,n,f,c,b,w,e,?,s,s,w,e,p,w,t,e,w,c,w
p,f,s,g,t,f,f,c,b,h,t,b,s,s,w,w,p,w,o,p,h,v,g
p,x,y,e,f,y,f,c,n,b,t,?,s,k,p,w,p,w,o,e,w,v,d
p,f,y,y,f,f,f,c,b,g,e,b,k,k,n,b,p,w,o,l,h,y,p
p,f,s,g,t,f,f,c,b,w,,b,s,s,w,w,p,,o,p,h,s,g
p,,s,b,t,f,f,c,b,h,t,b,s,s,w,w,p,w,o,p,h,s,g
e,f,s,e,t,n,f,c,b,e,e,?,s,s,e,w,p,w,t,e,w,c,w
p,x,y,e,f,y,f,c,n,b,t,?,k,k,w,p,p,w,o,e,w,v,d
p,f,f,g,f,f,f,c,b,p,e,b,k,k,b,b,p,w,o,l,h,y,g
p,f,y,y,f,f,f,c,b,g,e,b,k,k,b,b,p,w,o,l,h,y,d
e,x,s,n,t,n,f,c,b,e,e,?,s,s,e,w,p,w,t,e,w,c,w
p,f,s,g,t,f,f,c,b,p,t,b,f,f,w,w,p,w,o,p,h,s,g
p,x,y,n,f,s,f,c,n,b,t,?,s,s,p,w,p,w,o,e,w,v,l
p,f,s,w,t,f,f,c,b,p,t,b,s,s,w,w,p,w,o,p,h,s,g
e,x,f,c,f,n,f,w,n,w,e,b,s,s,w,n,,w,o,e,w,v,l
p,f,s,g,t,f,f,c,b,w,t,b,f,,w,w,p,w,o,p,h,v,g
p,f,f,g,f,f,f,c,b,p,e,b,k,k,n,p,p,w,,l,h,v,p
e,x,y,r,f,n,f,c,n,w,e,?,s,f,w,w,p,w,o,f,h,y,d
p,x,f,y,f,f,f,c,b,g,e,?,k,k,p,b,p,w,o,l,h,v,p
p,x,y,n,f,f,f,c,n,b,t,?,s,k,p,p,p,w,o,e,w,v,l
p,x,y,n,f,s,f,c,n,b,t,?,s,,w,w,p,w,o,e,w,v,l
e,f,y,e,t,n,f,c,b,w,e,?,,s,e,w,p,w,t,e,w,c,w
p,x,s,g,t,f,f,c,b,w,t,b,s,f,w,w,p,w,o,p,h,v,u
e,k,y,n,t,n,f,c,b,w,e,?,s,s,w,e,p,w,t,e,w,c,w
e,f,y,e,t,n,f,c,b,e,e,?,s,s,w,w,p,w,t,e,w,c,w
p,x,y,n,f,f,f,c,n,b,t,?,s,k,p,p,p,w,o,e,w,v,p
p,b,y,n,f,n,f,c,n,w,e,?,k,y,w,y,p,w,o,e,w,v,d
p,x,y,n,f,s,f,c,n,b,t,?,s,s,w,p,p,w,o,e,w,v,p
e,f,y,b,t,n,f,c,b,e,e,?,s,s,w,e,p,w,t,e,w,c,w
p,,s,w,t,f,f,c,b,h,t,b,f,s,w,w,p,w,o,p,h,v,g
p,f,y,y,f,f,f,c,b,p,e,b,k,k,p,b,p,w,o,l,h,v,
e,f,y,n,t,n,f,c,b,w,e,?,s,s,w,w,,w,t,e,w,c,w
,b,y,w,t,n,f,c,b,g,e,b,s,s,w,w,p,w,t,p,r,v,m
e,x,y,n,f,n,f,w,n,w,e,b,s,f,w,n,p,w,o,e,w,v,
p,f,y,y,f,f,f,c,b,g,e,b,k,k,n,p,p,w,o,l,h,v,p
p,x,s,b,t,f,f,c,b,h,t,b,f,s,w,w,p,w,o,p,h,s,g
p,x,y,n,f,s,f,c,n,b,t,?,s,s,w,,p,w,o,e,w,v,l
p,x,s,g,t,,f,c,,h,t,,s,s,w,w,p,w,o,p,h,s,u
p,f,,g,t,f,f,c,b,w,t,b,s,f,w,w,p,w,o,p,h,s,u
p,x,y,n,f,f,f,c,n,b,t,?,k,s,w,w,p,w,o,e,w,v,p
e,f,y,w,f,n,f,c,n,p,e,?,s,f,w,w,p,w,o,f,h,v,d
p,x,y,n,f,s,f,c,n,b,t,?,k,s,p,w,p,w,o,e,w,v,l
p,f,f,g,f,f,f,c,b,g,e,b,k,k,n,b,p,w,o,l,h,v,g
,x,y,e,f,y,f,c,n,b,t,?,k,s,p,p,p,w,o,e,w,v,l
p,x,s,w,t,f,f,c,b,w,t,b,s,s,w,w,p,w,o,p,h,v,g
p,f,y,g,f,f,f,c,b,p,e,b,k,k,n,b,p,w,o,l,h,v,d
p,x,s,w,t,f,f,c,b,h,t,b,s,f,w,w,p,w,o,p,h,s,u
p,k,y,y,,n,f,c,n,w,e,?,k,y,w,n,p,w,o,,w,v,d
,f,s,w,t,f,f,c,b,w,t,b,s,f,w,w,p,w,o,p,h,v,u
p,f,s,g,t,f,f,c,b,h,t,b,f,f,w,w,p,w,o,p,h,v,u
e,x,y,c,f,n,f,w,n,w,e,?,f,s,w,n,p,w,o,e,w,v,l
p,x,s,w,t,f,f,c,b,h,t,b,s,s,w,w,p,w,o,p,h,v,u
p,x,y,n,f,s,f,c,n,b,t,?,k,k,w,p,p,w,o,e,w,v,p
p,f,y,p,t,n,f,c,b,r,e,b,s,s,w,w,p,w,t,p,r,v,g
p,f,y,y,f,f,f,c,b,p,e,b,k,k,p,b,p,w,o,l,h,y,p
e,x,s,p,t,n,f,c,b,e,e,?,s,s,e,e,p,w,,e,w,c,w
p,f,y,b,t,n,f,c,b,r,e,b,s,s,w,w,p,w,t,p,r,v,g
p,x,f,y,f,n,f,c,n,w,e,?,k,y,w,n,p,w,o,e,w,v,d
p,f,y,y,f,f,f,c,b,h,e,b,k,k,p,b,p,w,o,l,h,y,p
e,f,f,n,f,n,f,w,n,w,e,b,f,f,w,n,p,w,o,e,w,v,l
e,x,f,n,f,n,,w,n,w,e,b,f,s,w,n,p,w,o,e,w,v,l
p,x,y,n,f,y,f,c,n,b,t,?,s,k,w,p,p,w,o,e,w,v,l
p,f,s,g,t,f,f,c,b,p,t,b,f,s,w,w,p,w,o,p,h,v,u
p,x,s,b,t,f,f,c,b,h,t,b,f,f,w,w,p,w,o,p,h,s,u
p,f,s,g,t,f,f,c,b,w,t,b,s,s,w,w,p,w,o,p,h,v,g
p,x,s,b,t,f,f,c,b,h,t,b,f,f,w,w,p,w,o,p,h,s,g
e,x,y,r,f,n,f,c,n,h,e,?,s,f,w,w,p,w,o,f,h,v,d
p,f,y,y,f,f,f,c,b,h,e,,k,k,b,b,p,w,o,l,h,y,d
p,f,s,g,,f,f,c,b,h,t,b,f,s,w,w,p,w,o,p,h,s,u
p,x,y,n,f,f,f,c,n,b,t,?,s,s,p,p,p,w,o,e,w,v,p
p,f,y,y,f,f,f,c,b,h,e,b,k,k,p,b,p,w,o,l,h,y,g
p,f,s,w,t,f,f,c,b,w,t,b,f,f,w,w,p,w,o,p,h,v,u
p,x,s,wrong,t,f,f,c,b,w,t,b,f,s,w,w,p,w,o,p,h,s,u
p,f,y,g,f,f,f,c,b,p,e,b,k,k,p,p,p,w,o,l,h,y,p
p,f,y,y,f,f,f,c,b,h,e,b,,,b,b,p,w,o,l,h,y,p
p,x,y,n,f,f,f,c,n,b,t,?,s,s,p,w,p,w,o,e,w,v,d
p,x,y,y,f,n,f,c,n,w,e,?,k,y,w,n,p,w,o,e,w,v,d
e,f,s,n,t,n,f,c,b,e,e,?,s,s,e,e,p,w,t,e,w,c,w
p,f,y,y,f,f,f,c,b,p,e,b,k,k,,p,p,w,o,l,h,y,d
p,f,s,g,t,f,f,c,b,h,t,b,s,f,w,w,p,w,o,p,h,s,u
p,x,y,n,f,y,f,c,n,b,t,?,k,s,p,p,p,w,o,e,w,,l
p,f,y,y,f,f,f,c,b,h,e,b,k,k,n,b,p,w,o,l,h,v,d
p,f,y,y,f,f,f,c,b,g,e,b,k,k,b,n,p,w,o,l,h,y,d
p,f,s,w,t,f,,c,b,h,t,b,s,s,w,w,p,w,o,p,h,s,u
p,f,s,p,t,n,f,c,b,w,e,b,s,,w,w,p,w,t,p,r,v,m
p,f,y,y,f,f,f,c,b,h,e,b,k,k,p,n,p,w,o,l,h,y,
e,k,s,p,t,,f,c,b,w,e,?,s,s,w,e,p,w,t,e,w,c,w
p,x,s,b,,f,f,c,,h,t,b,s,s,w,w,p,w,o,,h,s,g
p,x,s,w,t,f,f,c,b,p,t,b,f,s,w,w,p,,o,p,h,s,g
p,x,s,w,t,f,f,c,b,h,t,b,f,f,w,,p,w,o,p,h,s,g
p,x,y,n,f,f,f,c,n,b,t,?,s,s,w,w,p,w,o,e,w,v,d
p,b,y,p,t,n,f,c,b,r,e,b,s,s,w,w,p,w,t,p,r,v,m
p,x,s,b,t,f,f,c,b,h,t,b,f,s,w,w,p,w,o,p,h,s,u
e,x,y,p,t,n,f,c,b,w,e,?,s,s,w,w,p,w,t,e,w,c,w
p,x,y,n,,s,f,c,n,b,t,?,s,k,p,w,p,w,o,e,w,v,p
p,x,y,y,f,f,f,c,b,p,e,b,k,k,n,b,p,w,o,l,h,v,
p,x,s,w,t,f,f,c,b,p,t,b,s,f,w,w,p,w,o,p,h,v,u
e,f,y,b,t,n,f,c,b,e,e,?,s,s,,w,p,w,t,e,w,c,w
p,f,s,b,t,f,f,c,b,w,t,b,f,s,w,w,p,w,o,p,h,v,u
e,x,f,,f,n,f,w,n,w,e,b,f,f,w,n,p,w,o,e,w,v,l
e,f,s,p,t,n,f,c,b,e,e,?,s,s,w,e,p,w,t,e,w,c,w
e,x,y,n,f,n,f,w,n,w,e,b,f,f,w,n,p,w,o,e,w,v,
e,f,s,p,t,n,f,c,b,w,,?,s,s,e,e,p,w,t,e,w,c,w
p,f,s,g,t,f,f,c,b,w,t,,s,s,,w,p,w,o,p,h,v,u
e,k,s,e,t,n,f,c,b,w,e,?,s,s,w,e,p,w,t,e,w,c,w
e,k,y,e,t,n,f,c,b,w,e,?,s,s,w,e,p,w,t,e,w,c,w
p,f,s,w,t,f,f,c,b,p,t,b,s,f,w,w,p,w,o,p,h,v,g
e,k,s,b,t,n,f,c,b,e,e,?,s,s,e,w,p,w,t,e,w,c,w
p,x,s,b,t,f,f,c,b,,t,b,f,f,w,w,p,w,o,p,h,v,g
p,b,y,y,f,n,f,c,n,w,e,?,k,y,w,,p,w,o,e,w,v,d
p,x,s,w,t,f,f,c,b,h,t,b,s,s,w,w,p,w,o,p,h,s,u
p,x,f,y,f,f,f,c,b,h,e,b,k,k,n,p,p,w,o,l,h,v,g
p,f,y,y,f,f,f,c,b,p,e,b,k,k,p,n,p,w,o,l,h,y,p
p,b,f,n,f,n,f,c,n,w,e,?,k,y,,y,p,w,o,e,w,v,d
p,f,y,y,f,f,f,c,b,p,e,b,k,k,p,p,p,w,o,l,h,y,p
p,f,y,wrong,f,f,f,c,b,p,e,b,k,k,b,b,p,w,o,l,h,v,p
e,f,y,c,f,n,f,w,n,w,e,b,s,s,w,n,p,w,o,e,w,v,l
p,x,y,e,f,y,f,c,n,b,t,?,k,k,p,w,p,w,o,e,w,v,d
p,f,s,w,t,f,,c,b,h,t,b,s,s,w,w,p,w,o,p,h,s,g
p,x,y,n,f,f,f,c,n,b,t,?,k,k,w,w,p,w,o,e,w,v,p
p,b,y,p,t,n,f,c,b,r,e,b,s,s,w,w,p,w,t,p,r,v,g
p,f,y,y,f,f,f,,b,g,e,b,k,k,p,p,p,w,o,l,h,y,d
p,x,s,b,t,f,f,c,b,w,t,b,s,f,w,w,p,w,o,p,h,s,g
p,f,y,y,f,f,,c,b,g,e,b,k,k,n,b,p,w,o,l,h,v,p
p,f,s,b,t,f,f,c,b,p,t,b,f,s,w,w,p,w,o,p,h,s,g
p,f,s,b,t,f,f,c,b,h,t,b,s,s,w,w,p,w,o,p,h,s,u
p,x,y,n,f,y,f,c,n,b,t,?,k,k,p,p,p,w,o,e,w,v,p
p,f,y,y,f,f,f,c,b,h,e,b,k,k,p,n,p,w,o,l,h,v,p
e,x,s,n,t,n,f,,b,e,e,?,s,s,w,w,p,w,t,e,w,c,w
p,f,y,y,f,f,f,c,b,g,e,b,k,k,n,b,p,w,o,l,h,v,g
e,f,s,b,t,n,f,c,b,e,e,?,s,s,w,e,p,w,t,e,w,c,w
e,f,s,e,t,n,f,c,b,w,e,?,s,s,e,w,p,w,t,e,w,c,w
e,x,s,n,t,n,f,c,b,e,e,?,s,s,e,e,,w,t,e,w,c,w
p,f,s,w,t,f,f,c,b,p,t,b,f,s,w,w,p,w,o,p,h,v,u
p,f,y,y,f,f,f,c,b,h,e,,k,k,b,p,p,w,o,l,h,v,d
e,f,s,p,t,n,f,c,b,e,e,?,s,s,e,w,p,w,t,e,w,c,w
e,x,s,e,t,n,f,c,b,w,e,?,s,s,w,e,p,w,t,e,w,c,w
p,f,y,y,f,f,f,c,b,g,e,b,k,k,b,n,p,w,o,l,h,v,d
p,b,y,b,t,n,f,c,b,g,e,b,s,s,w,,p,w,t,p,r,v,m
p,f,s,b,t,f,f,c,b,h,t,b,s,f,w,w,p,w,o,p,h,s,u
p,f,s,g,t,f,f,c,b,w,t,b,f,s,w,w,p,w,,p,h,s,g
p,x,s,b,t,f,f,c,b,p,t,b,s,s,w,w,p,w,o,,,s,g
p,x,f,y,f,f,f,c,b,h,e,b,k,k,p,n,p,w,o,l,h,y,p
p,f,s,w,t,f,f,c,b,w,t,b,s,s,w,w,,w,o,p,h,s,g
p,x,s,g,t,f,f,c,b,w,t,b,f,s,,,p,w,o,p,h,s,u
e,f,y,r,f,n,f,c,n,h,e,?,s,f,w,w,p,w,o,f,h,y,d
p,f,y,y,f,f,f,c,b,p,e,b,k,k,b,p,p,w,o,l,h,v,g
p,x,y,n,f,f,f,c,n,b,t,?,s,k,w,w,p,w,o,e,w,v,d
p,x,s,b,t,f,f,c,b,w,t,b,f,s,w,,p,w,o,p,h,s,g
e,x,f,c,,n,f,w,n,w,e,b,f,s,w,n,p,w,o,e,w,v,l
p,x,s,g,t,f,f,c,b,h,t,b,f,s,w,w,p,w,o,p,h,v,u
e,x,y,u,f,n,f,c,n,p,e,?,s,f,w,w,p,w,o,f,h,y,d
p,x,f,y,f,f,f,c,b,h,e,?,k,k,b,n,p,w,o,l,h,v,p
p,f,f,g,f,f,f,c,b,p,e,?,k,k,p,p,p,w,o,l,h,v,g
p,f,y,w,t,n,f,c,b,g,e,b,s,s,w,w,p,w,t,p,r,v,m
p,x,y,n,f,y,f,c,n,b,t,?,k,k,p,w,p,w,o,e,w,v,d
p,x,y,n,f,s,f,c,n,b,t,?,k,k,w,p,p,w,o,e,w,v,l
p,x,y,g,f,f,f,c,b,h,e,b,k,k,p,n,p,w,o,l,h,v,p
e,,y,p,t,n,f,c,b,e,e,?,s,s,e,e,p,w,t,e,w,c,w
p,f,s,g,t,f,f,c,b,w,t,?,f,f,w,w,p,w,o,p,h,s,g
p,x,s,b,t,f,f,c,b,w,t,b,s,f,w,w,p,w,o,p,h,v,g
p,x,y,n,f,y,f,c,n,b,t,?,k,s,w,,p,w,o,e,w,v,p
p,x,s,g,t,f,f,c,b,h,t,b,f,s,w,w,p,w,o,p,h,s,u
p,x,y,n,f,y,f,c,n,b,t,?,k,s,w,p,p,w,o,e,w,v,p
p,f,s,w,t,f,f,c,b,p,t,b,f,f,w,w,p,w,o,p,h,s,g
p,x,s,g,t,f,,c,b,w,t,b,s,s,w,w,p,w,o,p,h,v,u
p,x,s,g,t,f,f,c,b,w,t,b,s,f,,w,p,w,o,p,h,s,g
p,f,y,y,f,f,f,c,b,g,e,b,k,k,p,p,p,w,o,l,h,v,p
p,f,y,y,f,f,f,c,b,p,e,b,k,k,n,n,p,w,o,l,h,v,p
p,f,y,g,f,f,f,c,b,p,e,b,k,k,b,n,p,w,o,l,h,y,g
p,x,y,y,f,f,f,c,b,g,e,b,k,k,n,p,p,w,o,l,h,y,
p,x,s,g,t,f,f,c,b,w,,b,f,f,w,w,p,w,o,p,h,s,u
p,f,s,b,t,f,f,c,b,p,t,b,f,f,w,w,p,w,o,p,h,s,u
p,f,s,w,t,f,f,c,b,h,t,b,f,s,w,w,p,w,o,p,h,s,u
p,f,f,g,f,,f,c,b,p,e,b,k,k,p,n,p,w,o,l,h,y,g
p,f,s,b,t,f,f,c,Z,h,t,b,f,f,w,w,p,w,o,p,h,XXX,g
p,x,y,n,f,s,f,c,n,b,t,?,s,k,w,p,p,w,o,e,w,v,d
p,x,s,w,t,f,f,c,b,w,t,b,s,s,w,w,p,w,o,p,h,s,g
e,k,s,e,t,n,f,c,b,e,e,?,s,s,e,w,p,w,,e,,c,w
p,f,y,b,t,n,f,c,b,w,e,b,s,s,w,w,p,,t,p,r,v,m
p,x,y,n,f,y,f,c,n,b,t,?,s,s,p,p,p,w,o,e,w,v,p
e,k,y,n,t,n,f,c,Z,e,e,?,s,s,w,e,p,w,t,e,w,XXX,w
p,f,s,w,t,f,f,c,b,w,t,b,s,s,w,w,p,w,o,p,h,v,u
p,f,s,wrong,t,f,f,c,,p,t,b,s,s,w,w,p,w,o,p,h,v,u
p,x,y,n,f,y,f,c,n,b,t,?,k,k,w,p,p,w,o,e,w,v,
p,x,s,w,t,f,f,c,b,w,t,b,f,s,w,w,p,w,o,p,h,s,g
p,x,y,n,f,y,f,c,n,b,t,?,s,s,p,w,p,w,o,e,w,v,l
p,b,s,p,t,n,f,c,b,w,e,b,s,s,w,w,p,w,t,p,r,v,g
p,x,y,,f,y,f,c,n,b,t,?,k,s,p,w,p,w,o,e,w,v,d
p,f,y,g,f,f,f,c,b,g,e,b,k,k,n,n,p,w,o,,h,v,p
p,x,y,y,f,f,f,c,b,g,e,b,k,k,p,n,p,w,o,l,h,v,d
p,x,y,g,f,f,f,c,b,h,e,b,k,k,n,b,p,w,o,l,h,v,
p,f,y,w,t,n,f,c,b,r,e,b,s,s,w,w,p,w,t,p,r,v,m
p,f,s,g,t,f,f,c,b,h,t,b,f,f,w,w,p,w,o,p,h,s,g
e,k,y,p,t,n,f,c,b,w,e,?,s,s,e,e,,w,t,e,w,c,w
p,x,s,w,t,f,f,c,b,w,t,b,f,s,w,w,p,w,o,p,h,v,g
e,k,s,p,t,n,f,c,b,e,e,?,s,s,w,w,p,w,t,e,w,c,w
p,f,s,w,t,f,f,c,b,p,t,b,s,f,w,w,p,w,o,p,h,s,u
p,x,y,n,f,y,f,c,n,b,t,?,k,s,p,w,p,w,o,e,w,v,p
p,x,f,y,f,f,f,c,b,p,e,b,k,k,n,n,p,w,o,l,h,v,d
p,f,y,g,f,f,f,c,b,p,e,b,k,k,p,n,p,w,o,l,h,v,p
p,x,y,g,f,f,,c,b,p,e,b,k,k,p,p,p,w,o,l,h,y,p
e,x,y,e,t,n,f,c,b,w,e,?,s,s,w,e,p,w,t,e,w,c,w
p,f,y,y,f,f,f,c,b,g,e,b,k,k,p,b,p,w,o,l,h,v,p
p,x,y,n,f,s,f,c,,b,t,?,k,k,p,p,p,w,o,e,w,v,d
p,x,s,b,t,f,f,c,b,w,t,b,f,f,w,w,,w,o,p,h,v,g
p,f,y,y,f,,f,c,,h,e,b,k,k,p,b,p,w,o,l,h,y,d
e,k,y,e,t,n,f,c,b,e,e,?,s,s,e,w,p,w,t,e,w,c,w
p,f,y,,t,n,f,c,b,g,e,b,s,s,w,w,p,w,t,p,r,v,m
p,f,y,w,t,n,f,c,b,,e,b,s,s,w,w,p,w,t,p,r,v,m
p,f,y,y,f,f,f,c,b,g,e,b,k,k,b,b,p,w,o,l,h,y,p
p,f,y,y,f,f,f,c,b,,e,b,k,k,p,b,p,w,o,l,h,v,g
e,f,y,r,f,n,f,c,n,w,e,?,s,f,w,w,p,w,o,f,h,v,d
p,x,s,w,t,f,f,c,b,p,t,b,s,f,w,w,p,w,o,p,h,s,g
p,x,s,wrong,t,f,f,c,b,p,,b,f,f,w,w,p,w,o,p,h,s,g
p,x,s,b,t,f,f,c,b,p,t,b,f,s,w,w,p,w,o,p,h,s,u
p,x,y,n,f,y,f,c,n,b,t,?,s,k,w,p,p,w,o,e,w,v,p
e,k,y,e,t,n,f,c,b,e,e,?,s,s,e,e,p,w,t,e,w,c,w
e,k,s,p,t,n,,c,b,w,e,?,s,s,w,w,p,w,t,e,w,c,w
e,x,y,b,t,n,f,c,b,w,e,?,s,s,w,e,p,w,t,e,w,c,w
p,x,s,g,t,f,f,c,b,h,t,?,s,,w,w,p,w,o,p,h,v,g
p,f,y,y,f,f,f,c,b,p,e,b,k,k,p,p,p,w,o,l,h,y,g
p,x,y,n,f,y,f,c,n,b,t,?,s,k,p,p,p,w,o,e,w,v,l
p,c,y,w,t,n,f,w,n,w,e,b,s,s,w,w,p,w,o,p,w,c,l
p,f,s,w,t,f,f,c,b,p,t,b,f,f,,w,p,w,o,p,h,v,g
p,f,s,g,t,f,f,c,b,w,t,b,s,f,w,w,p,w,o,p,h,s,g
p,x,y,e,f,y,f,c,n,b,t,?,k,k,w,p,p,w,o,e,w,v,
p,x,s,g,t,f,f,c,b,w,t,b,s,s,w,w,p,w,o,p,h,s,g
p,x,y,n,f,s,f,c,n,b,t,?,k,s,w,w,p,w,o,e,w,v,d
e,x,y,p,t,n,f,c,b,e,e,?,s,s,e,w,p,w,t,e,w,c,w
e,f,y,w,f,n,f,c,n,h,e,?,s,f,w,w,p,w,o,f,h,y,d
p,f,y,y,f,f,f,c,b,h,e,b,k,k,b,p,p,w,o,l,h,y,g
p,x,y,n,f,y,f,c,n,b,t,?,,k,p,p,p,w,o,e,w,v,d
p,x,f,y,f,f,f,c,b,g,e,b,k,k,p,n,p,w,o,l,h,y,d
p,x,y,n,f,s,f,c,n,b,t,?,k,s,p,p,p,w,o,e,w,v,l
p,x,s,g,t,f,f,c,b,h,t,b,s,f,w,w,p,w,o,p,h,v,u
p,x,y,n,f,s,f,c,n,b,t,?,k,k,w,w,p,w,o,e,w,v,d
e,k,f,n,f,,,w,n,w,e,b,s,f,w,n,p,w,o,e,w,v,l
,x,s,w,t,f,f,c,b,p,t,b,f,s,w,w,p,w,o,p,h,v,u
p,f,y,y,f,f,f,c,b,p,e,?,k,k,n,p,p,w,o,l,h,y,p
e,x,y,p,t,n,f,c,b,e,e,?,s,s,w,e,p,w,t,e,w,c,w
p,b,y,b,t,n,f,c,b,r,e,?,,s,w,w,p,w,t,p,r,v,m
p,f,y,g,f,f,f,c,b,h,e,b,k,k,b,b,p,w,o,l,h,v,p
e,f,y,r,f,n,f,c,n,h,e,?,s,f,w,w,p,w,o,f,h,v,d
p,x,y,n,f,f,f,c,n,b,t,?,s,s,w,w,p,w,o,e,w,v,l
p,x,y,n,f,y,f,c,n,b,t,?,k,k,w,p,p,w,o,e,w,v,p
p,f,s,b,t,f,f,c,b,p,t,b,f,f,w,w,p,w,o,p,h,v,g
p,f,y,y,f,f,f,c,b,g,e,b,k,k,n,n,p,w,o,l,h,v,d
p,x,y,n,f,f,f,c,n,b,t,?,s,s,w,p,p,w,o,e,w,v,d
e,f,y,n,t,n,f,c,b,e,e,?,s,,w,e,p,w,t,e,w,c,w
p,x,y,n,f,f,f,c,n,b,t,?,k,k,p,w,p,w,o,e,w,v,l
e,f,y,e,t,n,f,c,b,w,e,?,s,s,w,e,p,w,t,e,w,c,w
e,x,y,b,t,n,f,c,b,w,e,?,s,s,w,w,p,w,t,e,w,c,w
e,x,s,n,t,n,f,c,b,e,e,?,s,s,w,e,p,w,t,e,w,c,w
p,f,s,w,t,f,f,c,b,w,t,b,s,f,w,w,p,w,o,p,h,v,g
e,x,y,b,t,n,f,c,b,e,e,?,s,s,w,w,p,w,t,e,w,c,w
p,x,f,y,f,f,f,c,b,g,e,b,k,k,n,p,p,w,o,l,h,y,g
p,f,y,y,f,f,f,c,b,g,e,b,k,k,n,n,p,w,o,l,h,y,d
p,f,y,y,f,f,f,c,b,g,e,?,k,k,n,n,p,w,o,l,h,y,g
e,k,y,e,t,n,f,c,b,w,e,?,s,s,w,w,p,w,t,e,,c,w
p,f,s,w,t,f,f,c,b,p,t,b,s,f,w,w,p,w,o,p,h,v,u
e,k,y,c,f,n,f,w,n,w,e,b,s,s,w,n,p,w,o,e,w,v,l
e,k,y,n,f,n,f,w,n,w,e,b,s,s,w,n,p,w,o,e,w,v,l
p,b,s,p,t,n,f,c,b,r,e,b,s,s,w,w,p,w,t,p,r,v,m
p,x,y,n,f,y,f,c,n,b,t,?,k,k,p,w,p,w,o,e,w,v,p
p,x,s,b,t,f,f,c,b,h,t,b,s,f,w,w,p,w,o,p,h,s,u
e,f,y,r,f,n,f,c,n,p,e,?,s,f,,w,p,w,o,f,h,v,d
p,x,s,b,t,f,f,c,b,w,t,b,f,f,w,w,p,w,o,p,h,s,g
e,f,y,u,f,n,f,c,n,p,e,?,s,f,w,w,p,w,o,f,h,y,d
p,x,y,n,f,y,f,c,n,b,t,?,s,,w,w,p,w,o,e,w,v,p
p,x,s,w,t,f,f,c,b,p,t,b,s,s,w,w,p,w,o,p,h,v,u
e,x,s,e,t,n,f,c,b,w,e,?,s,s,e,w,p,w,t,e,w,c,w
e,f,y,p,t,n,f,c,b,e,e,?,s,s,w,e,p,w,t,e,w,c,w
p,x,y,n,f,s,f,c,n,b,t,?,s,s,p,p,p,w,o,e,w,v,p
p,x,y,n,f,f,f,c,n,b,t,?,s,k,w,w,p,,o,e,w,v,p
p,x,s,w,t,f,f,c,b,p,t,b,s,s,w,w,p,w,o,p,h,v,g
p,f,y,y,f,f,f,c,b,p,e,b,k,k,p,n,p,w,o,l,h,v,p
e,x,y,n,t,n,f,c,b,e,e,?,s,s,w,w,p,w,t,e,w,c,w
e,x,y,e,t,n,f,c,b,e,e,?,s,s,e,w,p,w,t,e,w,c,w
p,x,s,w,t,f,f,c,b,w,t,b,s,f,w,w,p,w,o,p,h,v,u
p,x,y,y,f,f,f,c,,h,e,b,k,k,b,p,p,w,o,l,h,v,g
p,f,s,b,t,n,f,,b,g,e,b,s,s,w,w,p,w,t,p,r,,m
p,f,f,y,f,f,f,c,b,h,e,b,k,k,b,p,p,w,o,l,h,v,p
p,x,s,g,t,f,f,c,,p,t,b,s,f,w,w,p,w,o,p,h,v,g
e,f,s,p,t,n,f,c,b,w,e,?,s,s,e,w,p,w,t,e,,c,w
e,x,y,n,t,n,f,c,b,e,e,?,s,s,w,e,p,w,t,e,w,c,w
p,b,y,w,t,n,f,c,b,r,e,b,s,s,w,w,p,w,t,p,r,v,m
,f,y,y,f,f,f,c,b,g,e,b,k,k,b,b,,w,o,l,h,v,d
p,x,y,e,f,y,f,c,n,b,t,?,,,p,p,p,w,o,e,w,,d
p,x,s,b,t,f,f,c,b,h,t,b,s,f,w,w,p,w,o,p,h,s,g
p,x,s,b,t,f,f,c,b,h,t,b,s,s,w,w,p,w,o,p,h,v,g
p,x,y,n,f,s,f,c,n,b,t,?,k,s,w,p,p,w,o,e,w,v,p
p,b,y,p,t,n,f,c,b,g,e,b,s,s,w,w,p,w,t,p,r,v,
e,x,y,c,f,n,f,w,n,w,e,b,s,s,w,n,p,w,o,e,w,v,l
p,x,y,n,f,f,f,c,n,b,t,?,k,s,p,p,p,w,o,e,w,v,d
p,x,s,w,t,f,f,c,b,w,t,b,s,s,w,w,p,w,o,p,h,s,u
p,x,y,n,f,f,f,c,n,b,t,?,k,k,p,p,p,w,o,e,w,v,d
e,f,y,,f,n,f,w,n,w,e,b,f,s,w,n,p,w,o,e,w,v,l
p,x,y,n,f,y,f,c,n,b,t,?,s,k,p,w,p,w,,e,w,v,p
p,f,s,g,t,f,f,,b,p,t,b,s,s,w,w,p,w,o,p,h,s,u
p,x,y,e,,y,f,c,n,b,t,?,k,s,w,p,p,w,o,e,w,v,d
,x,y,r,f,n,f,c,n,h,e,?,s,f,w,w,p,w,o,f,h,y,d
p,b,y,p,t,n,f,c,b,w,e,b,s,s,w,w,p,w,t,p,r,v,m
e,,s,p,t,n,f,c,b,w,e,?,s,s,e,w,p,w,t,e,w,c,
p,x,y,n,f,y,f,c,n,b,t,?,k,k,w,w,p,w,o,e,w,v,l
p,x,y,n,f,f,f,c,n,b,t,?,k,k,w,p,p,w,o,e,w,v,
p,f,s,g,t,f,f,c,b,w,t,b,f,f,w,w,p,,o,p,h,v,g
p,f,y,y,f,f,f,c,b,p,e,b,k,k,p,b,p,w,o,l,h,v,p
p,f,y,p,t,n,f,c,b,r,,b,s,s,w,w,p,w,t,p,r,v,m
p,x,y,n,f,s,f,c,n,b,t,,k,k,p,p,p,w,o,e,w,v,p
p,x,y,n,f,s,f,c,n,b,t,,k,s,w,p,p,w,o,e,w,v,d
e,f,s,b,t,n,f,c,b,e,e,?,s,s,e,w,p,w,t,e,w,c,w
p,f,s,b,t,f,f,c,b,p,t,?,s,s,w,w,p,w,o,p,h,v,u
e,x,y,c,f,n,f,w,n,w,e,b,s,f,w,n,p,w,o,e,w,v,l
e,x,y,w,f,n,f,c,n,w,e,?,s,f,w,w,p,w,o,f,h,y,d
p,x,y,n,f,y,f,c,n,b,t,,k,k,p,w,p,w,o,e,w,v,l
e,,y,n,f,n,f,w,Z,w,e,b,s,s,w,n,p,w,o,e,,XXX,l
p,x,y,n,f,f,f,c,n,b,t,?,k,s,w,p,,w,o,e,w,v,d
,x,y,n,f,s,f,c,n,b,t,?,s,s,p,w,p,w,o,e,w,v,d
e,k,y,,t,n,f,c,b,e,e,?,,s,e,w,p,w,t,e,w,c,w
p,f,s,w,t,n,f,c,b,r,e,b,s,s,w,w,p,w,t,p,r,v,m
,x,y,n,,f,f,c,n,b,t,?,k,s,w,p,p,w,o,e,w,,l
p,f,y,y,f,f,f,c,b,g,e,b,k,k,n,n,p,w,o,l,h,v,g
e,k,y,n,f,n,f,w,n,w,e,b,s,f,w,n,p,w,o,e,w,v,l
p,f,s,g,t,f,f,c,b,p,t,b,f,s,w,w,p,w,o,p,h,v,g
p,f,s,w,t,n,f,c,b,r,e,b,s,s,w,w,p,w,t,p,r,v,g
p,f,f,g,f,f,f,c,b,h,e,b,k,k,n,p,p,w,o,l,h,y,g
e,f,s,n,t,n,f,c,b,w,e,?,s,s,w,e,p,w,t,e,w,c,w
p,x,f,y,f,f,f,c,b,p,e,b,k,k,p,p,p,w,o,l,h,y,d
p,x,y,n,f,s,f,c,n,b,t,?,k,s,,p,p,w,o,e,w,v,l
p,x,y,e,f,y,f,c,n,b,t,?,s,k,w,p,p,w,o,,w,v,p
p,f,y,y,f,f,f,c,b,g,e,b,k,k,p,n,p,w,o,l,h,v,g
p,b,s,w,t,n,f,c,b,g,e,b,s,s,w,w,p,w,t,p,r,v,g
p,x,s,b,t,f,f,c,b,p,t,b,s,f,w,w,p,w,o,p,h,v,u
e,f,y,wrong,t,n,f,c,b,w,e,?,s,s,w,e,p,,t,e,w,c,w
e,x,f,c,f,n,f,w,n,w,e,b,s,f,w,n,p,w,o,e,,v,l
p,f,s,w,t,f,f,c,b,h,t,b,f,s,w,w,p,w,o,p,h,v,u
e,k,s,p,t,n,f,c,b,e,e,?,s,s,e,w,p,w,t,e,w,c,w
e,k,,,t,n,f,c,b,e,e,?,s,s,e,w,p,w,t,e,w,c,w
e,x,y,b,t,n,f,c,b,e,e,?,s,s,e,e,p,w,t,e,w,c,w
p,x,f,y,f,f,f,c,b,h,e,b,k,k,p,b,p,w,o,l,h,y,g
p,f,s,g,t,f,f,c,b,h,t,b,,s,w,w,p,w,o,p,h,v,g
p,f,y,y,f,f,f,c,b,g,e,b,k,k,,b,p,w,o,l,h,v,p
e,x,y,e,t,n,f,c,b,e,e,?,s,s,w,e,p,w,t,e,w,c,w
p,f,s,b,t,f,f,c,b,p,t,b,f,s,w,w,p,w,o,p,h,v,g
e,x,y,n,f,n,f,w,n,w,e,b,s,s,w,n,p,w,o,e,w,v,l
p,f,y,y,f,f,f,c,b,,e,b,k,k,p,n,p,w,o,l,h,v,d
p,f,f,g,f,f,f,c,b,g,e,b,k,k,b,n,p,w,o,l,h,v,d
p,b,y,b,t,n,f,c,b,r,e,b,s,s,w,w,p,w,t,p,r,v,g
p,x,y,,f,y,f,c,n,b,t,?,k,s,w,p,p,w,o,e,w,v,p
p,f,y,wrong,f,f,f,c,b,p,e,b,k,k,b,n,p,w,o,l,h,y,p
p,f,f,y,f,f,f,c,b,g,e,b,k,k,n,p,p,w,o,l,h,v,p
p,f,y,w,t,n,f,c,b,g,e,b,s,s,w,w,p,w,t,p,r,v,g
e,k,s,e,t,n,f,c,b,e,e,?,s,s,w,e,p,w,t,e,w,c,w
p,f,y,y,f,f,f,c,b,g,e,b,k,k,n,n,p,w,o,l,h,v,p
e,k,s,n,t,n,f,c,b,e,e,?,s,s,w,e,p,w,t,e,w,c,w
p,f,y,y,f,n,f,c,n,w,e,?,k,y,,n,p,w,o,e,w,,d
p,f,y,g,f,f,f,c,b,g,e,b,k,k,p,n,p,w,o,l,h,y,p
p,f,y,y,f,f,f,c,b,g,e,b,k,k,p,b,p,w,o,l,h,v,g
p,x,y,e,f,,f,c,n,b,t,?,k,s,p,w,p,w,o,e,w,v,p
e,f,s,b,t,n,f,c,b,w,e,?,s,s,e,e,,w,t,e,w,c,w
p,f,s,w,t,f,f,c,b,w,t,b,f,s,w,w,p,w,o,p,h,v,u
p,x,s,w,t,f,f,c,b,w,t,b,f,f,w,w,p,w,o,,h,s,g
p,f,y,g,f,f,f,c,b,h,e,b,k,k,p,p,p,w,o,l,h,y,d
e,f,y,p,t,n,f,c,b,w,e,?,s,s,e,w,p,w,t,e,w,c,w
p,f,y,y,f,f,f,c,b,p,e,b,k,k,n,n,p,w,o,l,h,y,g
p,f,y,y,f,f,f,c,b,p,e,b,k,k,n,n,p,w,o,l,h,y,p
e,k,s,e,,n,f,c,b,w,e,?,s,s,e,e,p,w,t,e,w,c,w
e,x,y,n,t,n,f,c,b,e,e,?,s,s,e,e,p,w,t,e,w,c,w
p,x,y,y,f,f,f,c,b,h,e,b,k,k,p,n,p,w,o,l,h,v,g
p,f,s,b,t,f,f,c,b,p,t,b,s,f,w,w,p,w,o,p,h,v,g
p,x,y,g,f,f,f,c,b,g,e,b,k,k,p,p,p,w,o,l,h,v,d
p,f,s,g,t,f,f,c,b,w,t,b,f,f,w,w,p,w,o,p,h,s,u
p,x,s,w,t,f,f,c,b,p,t,b,f,s,w,w,p,w,o,p,h,v,g
p,x,f,n,f,n,,c,n,w,e,?,k,y,w,y,p,w,o,e,w,v,d
p,f,s,b,t,f,f,c,b,h,t,b,s,f,w,w,p,w,,p,h,s,g
e,f,y,e,t,n,f,c,b,e,e,?,s,s,e,e,p,w,t,e,w,c,w
p,f,y,y,f,f,f,c,b,g,e,b,k,k,p,n,p,w,o,l,h,y,g
p,x,s,b,t,f,f,c,b,p,t,b,s,f,w,w,p,w,o,p,h,s,u
e,k,f,n,f,,f,w,n,w,e,b,f,s,w,n,p,w,o,e,w,v,l
p,f,y,y,f,f,f,c,b,p,e,b,k,k,b,b,p,w,o,l,h,y,g
e,k,y,c,f,n,f,w,n,w,e,b,f,f,w,n,p,w,o,e,w,,l
p,x,f,g,f,f,f,c,b,p,e,b,k,k,p,p,p,w,o,l,h,y,p
p,x,y,n,f,y,f,c,n,b,t,?,k,k,w,w,p,w,o,e,w,v,p
e,f,y,p,t,n,f,c,b,w,e,?,s,s,w,w,,w,t,e,w,c,w
p,x,s,b,t,f,f,c,b,h,t,?,f,f,w,w,p,w,o,p,h,v,g
p,x,y,g,f,f,f,c,b,h,e,b,k,k,b,n,p,w,o,l,h,y,d
p,f,y,y,,f,f,c,b,p,e,b,k,k,p,b,p,w,o,l,h,y,g
p,x,y,e,,y,f,c,n,b,t,?,s,k,p,p,p,w,o,e,w,v,d
e,f,y,r,f,n,f,c,n,w,e,?,s,f,w,w,p,w,o,f,h,y,d
p,f,y,,f,f,f,c,b,p,e,b,k,k,n,b,p,w,o,l,h,y,p
p,x,s,g,t,,f,c,b,h,t,b,f,f,w,w,p,w,o,p,h,v,g
p,x,s,w,t,f,f,c,b,w,t,b,f,f,w,w,p,w,o,p,h,v,g
p,f,s,b,t,f,f,c,b,w,t,b,f,s,w,w,p,w,o,p,h,,g
e,x,y,n,t,n,f,c,b,w,e,?,s,s,e,e,p,w,t,e,w,c,w
p,f,f,y,f,n,f,c,n,w,e,?,k,y,w,n,p,w,o,e,w,v,d
e,f,y,u,f,n,f,c,n,w,e,?,s,f,w,w,p,w,o,f,h,v,d
p,x,y,n,f,y,f,c,n,b,t,?,s,s,p,p,p,w,o,e,w,v,
e,x,s,n,t,n,f,c,b,w,e,?,s,s,w,w,p,w,t,e,w,c,w
p,x,s,w,t,f,f,c,b,w,t,b,f,s,w,w,p,w,o,p,h,v,u
p,f,y,y,f,f,,c,b,p,e,b,k,k,p,b,p,w,o,l,h,v,d
e,f,s,b,t,n,f,c,b,e,e,?,s,s,e,e,p,w,t,e,w,c,w
,k,f,c,f,n,f,w,n,w,e,b,s,s,w,n,p,w,o,e,w,v,l
p,x,s,g,t,f,f,c,b,p,t,b,s,f,w,w,p,w,o,p,h,v,u
p,f,y,g,f,f,f,c,b,h,e,b,k,k,p,n,p,w,o,l,h,v,p
p,x,y,e,f,y,f,c,n,b,t,?,s,k,p,w,p,w,o,e,w,v,l
e,f,y,p,t,n,f,c,b,e,e,?,s,s,e,w,p,w,t,e,w,c,w
e,k,y,p,t,n,f,c,b,w,e,?,s,s,w,w,p,w,t,e,w,c,w
p,x,y,y,f,f,f,c,b,h,e,b,k,k,p,b,p,w,o,l,h,v,g
,x,y,n,f,y,f,c,n,,t,?,k,k,w,w,p,w,o,e,w,v,d
e,f,s,n,t,n,f,c,b,e,e,?,,s,e,w,p,w,t,e,w,c,w
p,f,y,y,f,f,f,c,b,h,e,b,k,k,p,p,p,w,o,l,h,y,g
p,,y,n,f,s,f,c,n,b,t,?,s,s,p,p,p,w,o,e,w,v,d
e,f,s,n,t,n,f,c,b,w,e,?,s,s,e,e,p,w,t,e,w,c,w
p,f,y,y,f,f,f,c,b,,e,b,k,k,p,p,p,w,o,l,h,v,d
p,f,y,y,f,f,f,c,b,p,,?,k,k,n,p,p,w,o,l,h,v,p
p,f,y,y,f,f,f,c,b,g,e,b,k,k,b,n,p,w,o,l,h,y,p
e,f,f,c,f,n,f,w,n,w,e,?,f,s,w,n,p,w,o,e,w,v,l
p,b,y,b,t,n,f,c,b,w,e,b,s,s,,w,p,w,t,p,r,v,g
e,k,y,e,t,n,f,c,b,w,e,?,s,s,e,w,p,w,t,e,w,c,w
p,x,s,b,t,f,f,c,b,w,t,b,f,f,w,w,p,w,o,p,h,v,u
p,x,s,g,t,f,f,c,b,w,t,b,s,s,w,w,p,w,o,p,h,v,g
p,f,y,y,f,f,f,c,b,p,e,b,k,k,b,n,p,w,o,l,h,v,g
p,x,s,g,t,f,f,c,b,p,t,b,s,s,w,w,p,w,o,p,h,s,u
p,x,y,e,f,y,f,c,n,b,t,?,s,k,p,w,p,w,o,e,w,v,
p,f,s,w,t,,f,c,b,p,t,b,f,f,w,w,p,w,o,p,h,v,u
e,f,s,p,t,n,f,c,b,w,e,?,s,s,w,w,p,w,t,e,w,c,w
p,f,s,b,t,f,,c,Z,h,t,b,s,s,w,w,p,w,o,p,h,XXX,g
p,x,y,e,f,y,f,c,n,b,t,?,k,k,w,p,p,w,o,e,w,v,p
e,f,,w,f,n,f,c,n,u,e,?,s,f,w,w,p,w,o,f,h,v,d
e,x,y,p,t,n,f,c,b,w,e,?,s,s,w,e,p,w,t,e,w,c,w
p,x,s,b,t,f,f,c,b,p,t,b,s,s,w,w,p,w,o,p,h,v,u
p,k,,w,t,n,f,w,n,w,e,b,s,s,w,w,p,w,o,p,w,c,l
p,f,s,g,t,f,f,c,b,p,t,b,s,s,w,w,p,w,o,p,h,s,g
p,x,y,n,f,s,f,c,n,b,t,?,s,s,p,w,p,w,o,e,w,v,p
e,k,s,e,t,n,f,c,b,w,e,?,s,s,w,w,p,w,t,e,w,c,w
p,x,y,n,f,y,f,c,n,b,t,?,k,s,p,w,p,w,o,e,w,v,d
p,x,y,n,f,s,f,c,n,b,t,?,s,s,w,w,p,w,o,e,w,v,p
p,f,s,w,t,f,f,c,b,h,t,b,f,f,w,w,p,w,o,p,h,s,g
e,f,s,e,t,n,f,c,b,e,e,?,s,s,w,e,p,w,t,e,w,c,w
p,f,s,b,t,,f,c,b,p,t,b,s,s,w,w,p,w,o,p,h,s,g
p,b,s,w,t,n,f,c,b,r,e,b,s,s,w,w,p,w,t,p,r,v,m
e,f,f,n,f,n,f,w,n,w,e,,f,s,w,n,p,w,o,e,w,v,l
p,f,s,g,t,f,f,c,b,p,t,b,s,s,,w,p,w,o,p,h,v,u
p,x,s,w,t,f,f,c,b,h,t,b,s,s,w,w,p,w,o,p,h,v,g
p,f,y,y,f,f,f,c,b,p,e,b,k,k,p,n,p,w,o,l,h,v,g
e,x,s,b,t,n,f,c,b,e,e,?,s,s,e,w,p,w,t,e,w,c,w
e,f,y,n,t,n,f,c,b,w,e,?,s,s,e,w,p,w,t,e,w,c,w
e,x,y,r,f,n,f,c,n,u,e,?,s,f,w,w,p,w,o,f,h,v,d
e,k,,b,,n,f,c,b,e,e,?,s,s,e,e,p,w,t,e,w,c,w
p,x,s,w,t,f,f,c,b,h,t,b,s,f,w,w,p,w,o,p,h,v,u
p,x,y,n,f,y,f,c,n,b,t,?,s,k,p,w,p,,o,e,w,v,d
e,x,y,b,t,n,f,c,b,w,e,?,s,s,e,e,p,w,t,e,w,c,w
p,f,y,w,t,n,f,c,b,w,e,b,s,s,w,w,p,w,t,p,r,v,g
p,f,s,b,t,f,f,c,b,w,t,b,s,f,w,w,p,w,o,p,h,s,u
p,x,s,g,t,f,f,c,b,p,t,b,s,s,w,w,p,w,o,p,h,v,g
e,k,s,n,t,n,f,c,b,w,e,?,s,s,w,w,p,w,t,e,w,c,w
p,f,s,g,t,f,f,c,b,p,t,b,s,f,w,w,p,w,o,p,h,s,g
e,k,y,p,t,n,f,,b,e,e,?,s,s,e,e,p,w,t,e,w,c,w
p,f,y,b,t,n,f,c,b,g,e,b,s,s,w,w,p,w,t,p,r,v,m
p,x,y,n,f,s,f,c,n,b,t,?,k,s,p,w,p,w,o,e,w,v,d
p,f,y,y,f,f,f,c,b,g,e,b,k,k,p,n,p,w,o,l,h,v,p
p,x,s,b,t,f,f,c,b,w,t,?,f,,w,w,p,w,o,p,h,s,u
e,k,f,c,f,n,f,w,n,w,e,b,s,f,w,n,p,w,o,e,w,v,l
p,f,s,g,t,f,f,c,b,p,t,b,s,,w,w,p,w,o,p,h,v,u
p,f,s,w,t,f,f,c,b,w,t,b,f,s,w,w,p,w,o,p,h,v,g
p,b,s,b,t,,f,c,b,r,e,b,s,s,w,w,p,w,t,p,r,v,m
p,b,s,p,t,n,f,c,b,r,e,b,s,s,w,w,p,w,t,p,r,v,g
p,f,s,w,t,f,f,c,Z,w,t,b,s,f,w,,p,w,o,p,h,XXX,g
e,x,y,n,t,n,f,c,b,w,e,?,s,s,w,e,p,w,t,e,w,c,w
p,x,y,n,f,s,f,c,n,b,t,?,s,k,w,w,p,w,o,e,w,v,l
p,x,y,g,f,f,f,c,b,g,e,b,k,k,b,n,p,w,o,l,h,v,g
e,x,s,b,t,n,f,c,b,w,e,?,s,s,w,w,p,w,t,e,w,c,w
p,x,y,n,f,f,f,c,n,b,t,?,k,s,w,w,p,w,o,e,w,v,l
p,x,s,b,t,f,f,c,b,p,t,b,s,s,w,w,,w,o,p,h,s,u
p,f,s,p,t,n,f,c,b,g,e,b,s,s,w,w,p,w,t,p,r,v,g
,x,y,n,f,y,f,c,n,b,,,k,s,w,p,p,w,o,e,,v,l
p,x,s,w,t,f,f,c,b,h,t,b,f,f,w,w,p,w,o,p,h,v,
p,f,s,w,t,f,f,c,b,h,t,b,s,s,w,w,p,w,o,p,h,v,u
e,f,y,r,f,n,f,c,Z,u,e,?,s,f,w,w,p,w,o,f,h,XXX,d
p,f,s,w,t,f,f,,b,h,t,?,f,s,w,w,p,w,o,p,h,s,g
p,f,s,w,t,f,f,c,b,p,t,b,f,s,w,w,p,w,o,p,h,s,u
e,x,y,w,f,n,f,c,n,u,e,?,s,f,w,w,p,w,o,f,h,v,d
p,x,y,n,f,s,f,c,n,b,t,?,s,k,p,p,p,w,o,e,w,v,d
e,k,y,b,t,n,f,c,b,w,e,?,,,w,,p,w,t,e,w,c,w
p,x,y,n,f,f,f,c,n,b,t,?,k,k,p,w,p,w,o,e,w,v,d
p,x,y,n,f,y,f,c,n,b,t,?,k,k,p,p,p,w,o,e,w,v,l
p,x,s,,t,f,f,c,b,p,t,b,f,f,w,w,p,w,o,p,h,s,u
e,f,y,r,f,n,f,c,n,p,e,?,s,f,w,w,p,w,o,f,h,y,d
p,b,s,p,t,n,f,c,b,g,e,b,s,s,w,w,p,w,t,p,r,v,g
p,x,s,b,t,f,f,c,b,p,t,b,f,f,w,w,p,w,o,p,h,v,u
e,f,y,c,f,n,f,w,n,w,e,b,f,f,w,n,p,w,o,e,w,v,l
e,x,y,u,f,n,f,,n,,e,?,s,f,w,w,p,w,o,f,h,v,d
p,x,s,b,t,f,f,c,b,w,t,?,s,f,w,w,p,w,o,p,h,v,u
e,x,y,w,f,n,f,c,n,w,e,?,s,f,w,w,p,w,o,f,,v,d
p,x,y,n,f,y,f,c,n,b,t,?,k,k,w,p,p,w,o,e,w,v,l
e,x,s,p,t,n,f,c,b,e,e,?,s,s,e,w,p,w,t,e,w,c,w
p,f,s,p,t,n,f,c,b,r,e,b,s,s,w,w,p,w,t,p,r,v,m
p,f,y,n,f,n,f,c,n,w,e,?,k,y,w,y,p,w,o,e,w,v,d
p,f,y,y,f,f,f,c,b,g,e,b,k,k,p,p,p,w,o,l,h,y,p
p,f,s,w,t,,f,c,b,h,t,b,s,f,w,w,p,w,o,p,h,v,g
p,x,y,g,f,f,f,c,b,h,e,b,k,k,b,b,p,w,o,l,h,v,g
e,f,y,e,t,n,f,c,b,w,e,?,s,s,e,e,p,w,t,e,w,c,w
p,f,s,b,t,n,f,c,,,e,b,s,s,w,w,p,w,t,p,r,v,g
p,b,s,,t,n,f,,b,w,e,?,s,s,w,w,p,w,t,p,r,v,m
p,x,y,n,f,s,f,c,n,b,t,?,s,k,p,,p,w,o,e,w,v,l
p,x,s,b,t,f,f,c,b,p,t,b,f,s,w,w,p,w,o,p,h,v,u
p,x,y,y,f,f,f,c,b,h,e,b,k,k,p,b,p,w,o,l,h,y,p
p,b,y,w,t,n,f,c,b,g,e,b,s,s,w,w,p,w,t,p,r,,g
e,f,y,n,f,n,f,w,n,w,e,b,s,f,w,n,p,w,o,e,w,v,l
p,f,f,y,f,f,f,c,b,g,e,b,k,k,p,p,p,w,o,l,h,y,g
p,f,y,y,f,f,f,c,b,h,e,b,k,k,p,b,p,,o,l,h,v,p
p,f,y,y,f,f,f,c,b,p,e,b,k,k,n,p,p,w,o,l,h,v,
,x,s,g,t,f,f,c,b,h,t,b,s,f,w,w,p,w,o,p,h,s,u
p,x,y,e,f,y,f,c,n,b,t,?,s,k,w,p,p,w,o,e,w,v,l
p,x,y,y,f,n,f,c,n,w,e,?,k,y,w,y,p,w,o,e,w,v,d
p,x,y,n,f,f,f,c,n,b,t,,k,k,p,w,p,w,o,,w,v,p
p,f,s,w,t,f,f,c,b,h,t,?,s,f,w,w,p,w,o,p,h,s,g
p,f,f,g,f,f,f,c,b,p,e,b,k,k,b,n,p,w,o,l,h,y,g
e,f,f,n,f,n,f,w,n,w,e,b,s,s,w,n,p,w,o,e,w,v,l
p,x,s,g,t,f,f,c,b,w,t,b,f,s,w,w,p,w,o,p,h,s,g
p,f,s,b,t,f,f,c,b,h,t,b,f,f,w,w,p,w,o,p,h,v,u
e,f,s,e,t,n,f,c,b,e,e,?,s,s,e,e,p,w,t,e,w,c,w
p,x,s,b,t,f,f,c,b,h,,b,s,s,w,w,p,w,o,p,h,s,u
,f,y,y,f,f,f,c,b,p,e,b,k,k,b,n,p,w,o,l,h,v,d
p,x,y,n,f,f,f,c,n,b,t,?,s,k,p,p,p,w,o,e,w,v,
p,f,s,w,t,f,f,c,b,p,t,b,s,s,w,w,p,w,o,p,h,v,g
p,f,s,g,t,,f,c,b,h,t,b,s,s,w,,p,w,o,p,h,s,g
p,f,y,y,f,f,f,c,b,p,e,b,k,k,n,n,p,w,o,l,h,v,g
e,f,f,c,f,n,f,w,n,w,e,b,s,s,w,n,p,w,o,e,w,v,l
p,x,y,n,f,s,f,c,n,b,t,?,k,k,p,p,p,w,o,,w,v,l
e,k,y,e,t,n,f,c,b,e,e,?,s,s,w,e,p,w,t,e,w,c,w
p,x,y,n,f,y,f,c,n,b,t,?,k,s,w,w,p,w,o,e,w,v,l
p,f,s,w,t,f,f,c,,p,t,?,s,f,w,w,p,w,o,p,h,s,g
p,x,y,e,f,y,f,c,n,b,t,?,s,k,p,p,p,w,o,e,w,v,l
e,x,s,n,t,n,f,c,b,w,e,?,s,s,e,e,p,w,t,e,w,c,w
p,f,y,g,f,f,f,c,b,h,e,b,k,k,p,p,p,w,o,,h,v,p
p,x,s,w,t,f,f,c,b,w,t,b,f,f,w,w,p,w,o,p,h,v,u
e,f,s,e,t,n,f,c,b,w,,?,s,s,e,e,p,w,t,e,w,c,w
p,f,y,y,f,f,f,c,b,p,e,b,k,k,b,p,p,w,o,l,,v,d
p,f,y,y,f,f,f,c,b,p,e,b,k,k,n,p,p,w,o,l,h,v,d
e,f,y,e,t,n,f,c,b,e,e,?,s,s,e,w,p,w,t,e,w,c,w
p,f,s,g,t,f,f,c,b,p,,b,f,f,w,w,p,w,o,p,h,v,g
e,k,s,n,t,n,f,c,b,e,e,?,s,s,e,w,p,w,t,e,w,c,w
p,f,y,y,f,f,f,c,b,p,e,?,k,k,n,b,p,w,o,l,h,y,d
p,x,s,w,t,f,f,c,b,w,t,b,s,f,w,w,p,w,o,,h,s,g
p,x,y,n,f,s,f,c,n,b,t,?,s,k,p,p,p,w,o,e,w,v,p
p,f,y,y,f,f,f,c,,p,e,b,k,k,,n,,w,o,l,h,y,g
p,f,y,w,t,n,f,c,b,r,e,b,s,s,w,w,p,w,t,p,r,v,g
p,x,y,n,f,s,f,c,n,b,t,?,k,s,p,p,p,w,o,e,w,v,d
e,f,y,wrong,f,n,f,c,n,w,e,?,s,f,w,w,p,w,o,f,h,v,d
e,,y,w,f,n,f,c,n,h,e,?,s,f,w,w,p,w,o,f,h,y,d
p,x,y,n,f,f,f,c,n,,t,?,s,s,p,w,p,w,o,e,w,v,p
p,f,s,g,t,f,f,c,b,p,t,b,f,s,w,w,p,w,o,p,h,s,u
e,x,y,u,f,n,f,c,n,w,e,?,s,f,w,w,p,w,o,f,h,v,d
p,f,s,w,t,n,f,c,b,w,e,b,,s,w,w,p,w,t,,r,v,g
p,x,y,y,f,f,f,c,b,g,e,b,k,k,p,b,p,w,o,l,h,v,d
p,f,s,g,t,f,f,c,b,h,t,b,s,f,w,w,p,w,o,p,h,v,g
p,f,y,y,f,f,f,c,b,g,e,b,k,k,p,n,p,w,o,l,,y,p
p,x,f,y,f,f,f,c,b,h,e,b,k,k,,p,p,w,o,l,h,v,g
p,f,y,y,f,f,f,c,b,h,e,?,k,k,p,n,p,w,o,l,h,y,d
p,x,s,g,t,f,f,c,b,p,t,?,f,f,w,w,p,w,o,p,h,s,g
e,f,y,r,f,n,f,c,n,u,e,?,s,f,w,w,p,w,o,f,h,v,d
p,f,,w,t,f,f,c,b,w,t,?,f,s,w,w,p,w,o,p,h,s,g
e,k,s,n,t,n,f,c,b,w,e,?,s,s,e,e,p,w,t,e,w,c,w
p,x,y,n,f,s,f,c,n,b,t,?,k,k,p,w,p,w,o,e,w,v,d
p,x,s,g,t,f,f,c,b,w,t,,f,f,w,w,p,w,o,p,h,s,g
p,f,y,y,f,f,f,c,b,g,e,b,k,k,p,p,p,w,o,l,h,y,g
p,b,s,w,t,n,f,c,b,w,e,b,s,s,w,w,p,w,t,p,,,m
p,x,y,n,f,f,f,c,n,b,t,?,s,k,p,w,p,w,o,e,w,v,d
p,b,s,b,t,n,f,c,b,w,e,b,s,s,w,w,p,w,t,p,r,v,m
p,f,f,y,f,f,f,c,b,p,e,b,k,k,n,p,p,w,o,l,h,y,g
p,x,y,g,f,f,f,c,b,,e,b,k,k,n,b,p,w,o,l,h,y,d
e,x,y,e,t,n,f,c,b,e,e,?,s,s,,w,p,w,t,e,w,c,w
e,k,,b,t,n,f,c,b,w,e,?,s,s,e,e,p,w,t,e,w,c,w
p,x,y,n,f,,f,c,n,b,t,?,k,s,p,w,p,w,o,e,,v,l
e,x,,e,t,n,f,c,b,e,e,?,s,s,e,e,p,w,t,e,w,c,w
p,f,s,b,t,n,f,c,b,r,e,b,s,s,w,w,p,w,t,,r,v,m
e,f,s,n,t,n,f,c,b,w,e,?,s,s,w,w,p,w,t,e,w,c,w
p,x,y,,f,y,f,c,n,b,t,?,s,k,p,p,p,w,o,e,w,v,p
e,f,y,b,t,n,f,c,b,w,e,?,s,s,e,e,p,w,t,e,w,c,w
p,x,s,g,t,f,f,c,b,w,t,b,s,s,w,w,p,w,o,p,h,s,u
p,f,s,b,t,n,f,c,b,g,e,b,s,s,w,w,p,w,t,p,r,v,g
p,x,y,n,f,s,f,c,n,b,t,?,s,k,p,,p,w,o,e,w,v,l
p,x,y,e,f,y,f,c,n,,t,?,k,s,w,w,p,w,o,e,w,v,l
p,f,y,y,f,f,f,c,b,h,e,b,k,k,b,b,p,w,o,l,h,y,g
p,x,y,n,f,f,f,c,n,b,t,?,s,k,w,p,p,w,o,e,w,v,l
p,x,y,n,f,s,f,c,n,b,t,?,k,k,w,p,p,w,o,e,w,v,d
p,f,s,g,t,??,f,c,b,w,t,b,f,s,w,,p,w,,p,h,v,u
e,x,y,p,t,n,f,c,b,w,e,?,s,s,e,w,p,w,t,e,w,c,w
e,x,y,u,f,n,f,c,n,u,e,?,s,f,w,w,p,w,o,f,h,y,d
p,f,y,y,f,f,f,c,b,g,e,b,k,k,b,p,p,w,o,l,h,y,
p,x,s,g,t,f,f,c,b,h,t,b,s,f,w,w,p,w,o,p,h,v,g
p,x,y,n,,s,f,c,n,b,t,?,s,k,w,p,p,,o,e,w,v,l
p,f,s,g,t,f,f,,b,h,t,b,s,f,w,w,p,w,o,p,h,v,u
p,x,,b,t,f,f,c,b,h,t,b,s,f,w,w,p,w,o,p,h,v,g
p,x,f,y,f,f,f,c,b,h,e,b,k,k,b,p,p,w,o,l,h,y,g
p,b,s,w,t,n,f,c,b,r,e,b,s,s,w,w,,w,t,p,r,v,g
e,k,y,n,t,??,f,c,b,e,e,?,s,s,e,e,p,w,t,e,w,c,w
p,x,y,e,f,y,f,c,n,b,t,?,k,k,w,w,p,w,o,e,w,v,d
p,f,y,y,f,f,f,c,,p,e,b,k,k,b,n,p,w,o,l,h,v,p
e,x,y,b,t,n,f,c,b,w,e,?,s,s,e,w,p,w,t,e,w,c,w
p,x,s,b,t,f,f,c,b,p,t,b,s,f,w,w,p,w,o,p,h,v,g
p,f,s,g,t,f,f,,b,w,t,b,f,f,w,w,p,w,o,p,h,v,u
p,f,s,b,t,f,f,c,b,p,t,b,s,s,w,w,,w,o,p,h,s,u
p,f,y,y,f,f,f,c,b,p,e,b,k,k,b,b,p,w,o,l,h,y,d
p,x,y,n,f,f,f,c,n,b,t,?,s,s,w,p,p,w,o,e,w,v,p
p,f,s,w,t,f,f,c,b,h,t,b,f,f,w,w,p,w,o,p,h,v,u
e,k,y,n,t,n,f,c,b,e,e,?,s,s,w,w,p,w,t,e,w,c,w
e,x,s,e,t,n,f,c,b,w,e,?,s,s,e,e,p,w,t,e,w,c,w
e,x,y,w,f,n,f,c,n,p,e,?,s,f,w,w,p,w,o,f,h,v,d
p,f,s,,t,f,f,c,b,p,t,b,f,s,w,w,p,w,o,p,h,s,u
p,f,s,g,t,f,f,c,b,h,t,b,s,s,w,w,p,w,o,p,h,s,u
e,f,s,e,t,n,f,c,b,e,e,?,s,s,w,w,p,w,t,e,w,c,w
p,f,y,y,f,f,f,c,b,p,e,b,k,k,b,p,p,w,o,l,h,y,g
p,x,y,n,f,s,f,c,n,b,t,?,k,k,p,w,p,w,o,e,w,v,l
p,f,s,w,t,n,f,c,b,g,e,b,s,s,w,w,p,w,t,p,r,v,g
p,f,y,g,f,f,f,c,b,p,e,b,k,k,b,n,p,w,o,l,h,y,d
e,x,f,n,f,n,f,w,n,w,e,b,s,s,w,n,p,w,o,e,w,v,
p,f,y,y,f,f,f,c,b,p,e,b,k,k,b,n,p,w,o,l,h,y,d
p,x,s,w,t,f,f,c,b,p,t,b,f,s,w,w,p,w,o,p,h,s,u
e,x,s,wrong,t,n,f,c,b,w,e,?,s,s,e,e,p,w,t,e,w,c,w
e,x,s,p,t,n,f,c,b,w,e,?,s,s,w,e,p,w,t,e,w,c,w
p,x,s,g,t,f,f,c,b,w,,?,f,f,w,w,p,w,o,p,h,v,g
p,f,f,g,f,f,f,c,b,p,e,b,k,k,p,n,p,w,o,,h,y,p
p,,s,w,t,f,f,c,b,h,t,b,s,f,w,w,p,w,o,p,h,s,g
p,x,f,y,f,f,f,c,b,h,e,b,k,k,n,p,p,w,o,l,h,v,p
p,f,s,w,t,f,f,c,,p,t,b,s,s,w,w,p,w,o,p,h,s,u
e,k,y,n,t,n,f,c,b,w,e,?,s,s,e,e,p,w,t,e,w,c,w
e,x,y,p,t,n,f,c,b,e,e,?,s,s,,w,p,w,t,e,w,c,w
p,f,y,y,f,f,f,c,b,g,e,?,k,k,b,b,p,w,o,l,h,y,g
e,f,y,b,t,n,f,c,b,e,e,?,s,s,w,w,p,w,t,e,w,c,w
e,x,s,e,t,n,f,c,b,w,e,?,s,s,w,w,p,w,t,e,w,c,w
p,x,s,g,t,f,f,c,b,p,t,?,f,f,w,w,p,w,o,p,h,v,u
p,f,s,b,t,f,f,c,b,,t,b,s,s,w,w,p,w,o,p,h,v,u
p,f,y,y,f,f,f,c,b,g,e,b,k,k,b,p,p,w,o,l,h,v,p
p,x,s,b,t,f,f,c,b,h,t,b,s,f,w,w,p,w,o,p,h,v,
p,f,s,w,t,f,f,c,b,,t,b,s,s,w,w,p,w,o,,h,v,
p,f,y,y,f,f,f,c,b,g,e,b,k,k,b,n,p,w,o,l,h,v,g
p,f,y,y,f,f,f,c,b,p,e,b,k,k,n,p,p,w,o,l,h,y,d
p,f,y,g,f,f,f,c,b,h,e,b,k,k,n,p,p,w,o,l,h,y,p
p,f,f,g,f,f,f,c,b,g,e,b,k,k,b,n,p,w,o,l,h,v,p
p,,s,p,t,n,f,c,b,g,e,b,s,s,w,w,p,w,t,p,r,v,m
p,x,y,n,f,f,f,,n,b,t,?,s,s,p,w,p,w,o,e,w,v,l
p,b,s,w,t,n,f,c,b,w,e,b,s,s,w,w,p,w,t,p,r,v,g
e,x,y,n,t,n,f,c,b,w,e,?,s,s,w,w,p,w,t,e,w,c,w
,x,y,,f,y,f,c,n,b,t,?,s,s,p,w,p,w,o,e,w,v,p
p,x,y,n,f,y,f,c,n,b,t,?,s,s,w,p,p,w,o,e,w,v,p
p,x,y,n,f,f,f,c,n,b,t,?,k,s,w,p,p,w,o,e,w,v,p
p,f,s,b,t,f,f,c,b,w,t,b,s,s,w,w,p,w,o,p,h,s,g
p,b,y,y,f,n,f,c,n,w,e,?,k,y,w,n,p,w,o,e,w,v,d
p,x,s,g,t,f,f,c,b,w,t,?,f,f,w,w,p,w,o,p,h,v,u
e,f,y,p,t,n,f,c,b,,e,?,s,s,w,w,p,w,t,e,w,c,w
e,k,s,p,t,n,f,c,b,e,e,?,s,s,e,e,p,w,t,e,w,c,w
e,f,y,n,t,n,f,c,b,w,e,?,s,s,e,e,p,w,t,e,w,c,w
p,b,y,p,t,n,f,c,b,g,e,b,s,s,w,w,p,w,,p,r,v,m
p,x,s,g,t,f,f,c,b,w,t,b,s,f,w,w,p,w,o,p,h,v,g
p,x,s,g,t,f,f,c,b,p,t,b,s,s,w,w,p,w,o,p,h,s,g
p,x,f,y,f,f,f,c,b,p,e,b,k,k,n,n,p,w,o,l,h,v,g
p,x,y,n,f,s,f,c,n,b,t,?,k,s,p,w,p,w,o,e,w,v,p
p,f,y,b,t,n,f,c,b,w,e,b,s,s,w,w,p,w,t,p,r,v,g
p,x,s,b,t,f,f,c,b,h,t,b,f,f,w,w,p,w,o,p,h,v,u
p,b,s,b,t,n,f,c,b,r,e,b,s,s,w,w,p,w,t,p,r,v,g
e,f,y,w,f,n,f,c,n,p,e,?,s,f,w,w,p,w,o,f,h,y,d
e,x,y,n,f,n,f,w,n,w,e,b,f,s,w,n,p,w,o,e,w,v,l
p,x,f,y,f,f,f,c,b,p,e,b,k,k,n,n,p,w,o,l,h,v,p
p,f,,b,t,f,f,c,b,h,t,b,s,f,w,w,p,w,o,p,h,v,g
p,f,y,y,f,f,f,c,b,g,e,b,k,k,n,p,p,w,o,l,h,v,g
e,k,s,e,t,n,f,c,b,e,e,?,s,s,e,e,,w,t,e,w,c,w
p,f,f,y,f,f,f,c,b,h,e,b,k,k,p,p,p,w,o,l,h,y,p
p,b,f,n,f,n,f,c,n,w,e,?,k,y,w,n,p,w,o,e,w,v,d
p,x,y,n,f,s,f,c,n,b,t,?,k,s,p,p,p,w,o,e,w,v,p
p,f,y,y,f,f,f,c,b,h,e,,k,k,n,b,p,w,o,l,h,y,d
p,x,y,y,f,f,f,c,b,g,e,b,k,k,n,b,,w,o,l,h,y,g
p,x,s,g,t,f,f,c,b,p,t,b,f,s,w,w,p,w,o,p,h,s,g
p,x,y,,f,f,f,c,n,b,t,?,s,k,w,p,p,w,o,e,w,v,d
e,x,y,n,t,n,f,c,b,w,e,?,s,s,e,w,p,w,t,e,w,c,w
e,f,y,n,f,n,f,w,n,w,e,b,f,f,w,n,p,w,o,e,w,v,l
p,f,y,b,t,n,f,c,,g,e,b,s,s,w,w,p,w,t,p,r,v,g
p,k,f,n,f,n,f,c,n,w,e,?,k,,w,y,p,w,o,e,w,v,d
p,f,y,g,f,f,f,c,b,h,e,b,k,k,p,n,p,w,o,l,h,v,g
p,x,y,n,f,s,f,c,n,b,t,?,k,k,p,w,p,w,,e,w,v,p
p,f,f,g,f,f,f,c,b,h,e,b,k,k,p,p,p,w,o,l,h,y,d
p,f,f,g,f,f,f,c,b,p,,b,k,k,b,p,p,w,o,l,h,v,d
p,x,s,g,t,f,f,c,b,p,t,b,s,f,w,w,p,w,o,p,h,s,g
e,x,y,r,f,n,f,c,n,u,e,?,s,f,w,w,p,w,o,f,h,y,d
p,x,y,n,f,y,f,c,n,b,t,?,k,s,p,p,p,w,o,e,w,v,p
p,f,s,p,t,n,f,c,b,g,,b,s,s,w,w,p,w,t,p,r,v,m
p,x,y,e,f,y,f,c,n,b,,?,k,k,p,p,p,w,o,e,w,v,l
p,f,s,,t,f,f,c,b,,t,b,s,s,w,w,p,w,o,p,h,v,g
p,x,s,b,t,f,f,,b,w,t,b,s,s,w,w,p,w,o,p,,v,u
e,k,s,e,t,n,f,c,b,e,e,?,s,s,w,w,p,w,t,e,w,c,w
p,f,s,b,t,f,f,c,b,w,t,b,s,f,w,w,p,w,o,p,h,s,g
e,x,f,n,f,n,f,w,n,w,e,b,f,f,w,n,p,w,o,e,,v,l
p,f,y,y,f,f,f,c,b,p,e,b,k,k,p,n,p,w,o,l,h,v,d
e,f,y,w,f,n,f,c,n,w,e,?,s,f,w,w,p,w,o,f,h,y,d
p,f,s,w,t,f,f,c,b,w,t,b,s,s,w,w,p,w,,p,h,,u
p,f,s,p,t,n,f,c,b,r,e,b,s,s,w,w,p,,,p,r,v,g
p,f,y,y,f,f,f,c,b,p,e,b,k,k,p,n,p,w,o,l,h,y,d
p,f,s,g,t,f,f,c,b,h,t,b,s,f,w,w,p,w,o,p,h,s,g
p,x,y,wrong,f,f,f,c,n,b,t,?,s,k,p,w,p,w,o,e,w,v,l
p,f,y,y,f,f,f,c,b,g,e,b,k,k,b,b,p,w,o,l,h,v,g
p,f,s,g,t,f,f,c,b,h,t,b,f,s,w,w,p,w,o,p,h,s,g
p,f,s,w,t,f,f,c,b,h,t,b,s,f,w,w,p,w,o,p,h,s,u
p,x,y,n,f,s,f,c,n,b,t,?,s,k,w,w,p,w,o,e,w,v,d
p,f,f,y,f,f,f,c,b,p,e,b,k,k,n,n,p,w,o,l,h,y,d
p,x,y,n,f,f,f,c,n,b,t,?,k,k,w,p,p,w,o,e,w,v,d
p,b,y,b,t,n,f,c,b,g,e,b,s,s,w,w,p,w,t,p,r,v,g
p,f,y,y,f,f,f,c,b,g,e,b,k,k,b,p,p,w,o,l,h,v,g
p,x,y,e,f,y,f,c,,b,t,?,k,s,w,p,p,w,o,e,w,v,l
p,x,y,n,f,f,f,c,n,b,t,?,k,s,w,w,p,w,o,e,w,v,d
e,k,y,b,t,n,f,c,b,e,e,?,s,s,w,w,p,w,t,e,,c,w
e,x,y,w,f,n,f,c,n,p,e,?,s,f,w,w,p,w,o,f,h,y,d
p,f,s,b,t,f,f,c,b,p,,b,s,f,w,w,p,w,o,p,h,v,u
p,f,y,y,f,f,f,c,b,g,e,b,k,k,n,p,p,w,o,l,h,y,g
p,x,y,e,f,f,f,c,n,b,t,?,k,s,p,p,p,w,o,e,w,v,p
p,f,s,,f,s,f,c,n,b,t,?,k,s,p,p,p,w,o,e,w,v,d
p,x,y,e,f,f,f,c,n,b,t,?,s,s,w,p,p,w,o,e,w,v,d
p,x,s,n,f,f,f,c,n,b,t,?,k,k,w,w,p,w,o,e,w,v,p
p,f,y,n,f,f,f,c,n,b,t,?,k,s,w,w,p,w,o,e,w,v,p
,f,y,e,f,s,f,c,n,b,t,?,s,k,p,p,p,w,o,e,w,v,d
p,k,y,n,f,y,f,c,n,b,t,?,k,s,p,p,p,w,o,e,w,v,l
p,f,,e,f,y,f,c,n,b,t,?,s,s,w,w,p,w,o,e,w,v,p
p,x,s,e,f,s,,c,n,b,t,?,s,k,p,w,p,w,o,e,w,v,l
p,f,y,n,f,f,f,c,n,b,t,?,s,k,p,p,p,w,o,e,w,v,p
p,f,y,e,f,f,f,c,n,b,t,?,k,k,p,w,p,w,o,e,w,v,d
p,x,s,e,f,s,f,c,n,b,t,?,s,s,,p,p,w,o,,w,v,l
p,x,s,n,f,s,f,c,n,b,t,?,k,k,p,p,p,w,o,e,w,v,l
p,f,s,e,f,f,f,c,n,b,t,?,k,s,p,w,p,w,o,e,w,v,d
p,f,s,e,f,y,f,c,n,b,t,?,k,k,w,,p,w,o,e,w,v,l
p,f,y,e,f,f,f,c,n,b,t,?,s,k,p,p,p,w,o,e,w,v,p
p,f,y,n,f,y,f,c,n,b,t,?,s,k,p,p,p,w,o,e,w,v,p
p,f,y,n,f,f,f,,n,b,t,?,k,s,p,w,p,w,o,e,w,v,p
p,x,y,e,f,s,f,c,n,b,t,?,k,s,w,p,p,w,o,e,w,v,d
p,,s,n,f,y,f,c,n,b,t,?,s,k,p,p,p,w,o,e,w,v,p
p,x,,n,f,f,f,c,n,b,t,?,s,s,w,w,p,w,o,e,w,v,l
p,f,s,e,f,y,f,c,n,b,t,?,k,k,p,w,p,w,o,e,w,v,d
p,f,y,e,f,s,f,c,n,b,t,?,k,k,w,w,p,w,o,e,w,v,l
p,k,s,e,f,y,f,c,n,b,t,?,s,s,p,p,p,w,o,,w,v,p
p,f,y,e,f,y,f,c,n,b,t,?,k,s,p,p,p,w,o,e,w,v,d
p,x,s,n,f,s,f,c,n,b,t,?,k,k,w,w,p,w,o,e,w,v,p
p,f,s,e,f,y,f,c,n,b,t,?,k,k,w,w,p,w,o,e,w,v,d
p,f,s,n,f,y,f,c,n,b,t,?,k,k,w,w,p,w,o,e,w,v,l
p,f,y,e,f,s,f,c,n,b,t,?,k,s,p,p,p,w,o,e,w,v,d
p,f,s,e,f,y,f,c,n,b,t,?,s,s,w,p,p,w,o,e,w,v,l
p,f,s,n,f,s,f,c,n,b,t,?,k,k,w,w,p,w,o,e,w,v,p
p,f,y,e,f,s,f,c,,b,t,?,s,k,w,,p,w,o,e,w,v,p
p,x,s,e,,s,f,c,n,,t,?,k,k,p,w,p,w,o,e,w,v,l
p,f,s,e,f,f,f,c,n,b,t,?,s,k,,w,p,w,o,e,w,v,p
p,x,s,n,f,s,f,c,n,b,t,?,k,k,w,w,p,w,o,e,w,v,d
p,f,y,n,f,s,f,c,n,b,t,?,s,k,w,p,p,w,o,e,w,v,p
p,x,y,e,f,f,f,c,n,b,t,?,k,s,w,w,p,w,o,e,w,v,l
p,f,y,n,f,y,f,c,n,b,t,?,k,s,p,w,p,w,o,e,w,v,l
e,b,s,wrong,f,n,a,c,b,y,e,?,s,s,o,o,p,n,o,p,n,c,l
p,f,s,n,f,y,f,c,n,b,t,?,k,k,p,p,p,w,o,e,w,v,d
e,x,s,n,f,n,a,c,b,o,e,?,s,,o,o,p,n,o,p,n,v,l
p,f,y,e,f,y,f,c,n,b,t,?,s,s,p,p,p,w,o,e,w,v,d
p,,y,n,f,s,f,c,n,b,t,?,k,s,p,w,p,w,,e,w,v,l
p,,y,e,f,y,f,c,n,b,t,?,s,k,w,p,p,w,o,e,w,v,p
p,f,s,n,f,y,f,c,n,b,t,?,k,s,w,w,p,w,o,e,w,v,l
p,x,y,e,f,y,f,c,n,b,t,?,s,k,w,w,p,w,o,e,w,v,l
p,x,s,n,f,f,f,c,n,b,t,?,s,s,p,p,p,w,o,e,w,v,d
p,f,s,n,f,s,f,c,n,b,t,?,s,k,w,p,p,w,o,e,w,v,d
p,f,y,e,f,y,f,c,n,b,t,?,s,k,w,w,p,w,o,e,w,v,d
p,f,s,n,f,,f,c,n,b,t,?,k,k,w,w,p,w,o,e,w,v,d
p,f,s,n,f,s,f,c,n,b,t,?,s,k,p,w,p,w,o,e,w,v,p
p,f,s,n,f,f,f,c,n,b,t,?,s,k,w,w,p,,o,e,w,v,l
p,f,y,e,f,s,,c,n,b,t,?,k,s,w,p,p,w,o,e,w,v,d
p,f,s,e,f,y,f,c,n,b,t,?,s,k,p,p,p,w,o,e,w,v,l
p,x,y,e,f,f,f,c,n,b,t,?,s,k,w,p,p,w,o,e,w,v,l
p,x,s,e,f,y,f,c,n,b,t,?,k,s,w,p,p,w,o,e,w,v,d
p,f,s,e,f,f,f,c,n,b,t,?,s,,p,p,p,w,o,e,w,v,d
p,f,y,n,f,y,f,c,n,b,t,?,k,s,w,w,p,w,o,e,w,v,p
p,x,y,e,f,f,f,c,n,b,t,?,k,s,w,p,p,w,o,e,w,v,d
p,k,s,e,f,s,f,c,n,b,t,?,s,s,w,p,p,w,o,e,w,v,l
p,k,s,n,f,f,f,c,n,b,t,?,k,k,w,p,p,w,o,e,w,v,l
p,f,y,n,f,f,f,c,n,b,t,?,s,s,p,w,p,w,o,e,w,v,d
p,x,s,e,f,s,f,c,n,b,t,?,s,s,p,p,p,w,o,e,w,v,l
p,x,y,e,f,f,f,c,n,b,t,?,k,k,w,p,p,w,o,e,w,v,l
p,f,y,e,f,s,f,c,n,b,t,?,s,s,w,p,p,w,o,e,w,v,p
p,f,y,n,f,s,f,c,n,b,,?,s,s,p,w,p,w,o,e,w,v,l
p,f,s,e,f,f,f,c,n,b,t,?,s,k,w,p,p,,o,e,w,v,p
p,,s,n,f,s,f,c,n,b,t,?,s,k,p,w,p,w,o,e,w,v,p
e,x,f,w,f,n,f,w,b,w,e,?,k,k,w,w,p,w,t,p,w,n,g
p,f,y,n,f,y,f,c,n,b,t,?,s,k,w,p,p,w,o,e,w,v,p
p,x,s,n,f,f,f,c,n,b,t,?,s,k,p,p,p,w,o,e,w,v,d
p,x,s,e,f,f,f,c,n,b,t,?,s,s,p,w,p,w,o,e,w,v,d
p,f,s,n,f,s,f,c,n,b,t,?,s,s,p,w,p,w,o,e,w,v,l
p,f,s,n,f,s,f,c,n,b,t,?,s,k,p,p,p,w,o,e,w,v,l
p,x,y,e,f,s,f,c,,b,t,?,k,k,w,p,p,w,o,e,w,v,l
p,x,s,e,f,f,f,c,n,b,t,?,k,s,p,p,p,w,o,e,w,v,d
p,f,s,n,f,y,f,c,n,b,t,?,s,k,w,p,p,w,o,e,w,v,l
p,k,s,n,f,f,f,c,n,b,t,?,k,k,p,p,p,w,o,e,w,v,p
p,f,y,n,f,s,f,c,n,b,t,?,k,s,w,w,p,w,o,e,w,v,p
p,x,s,n,f,s,f,c,n,b,t,?,k,s,p,p,p,w,o,e,w,v,l
p,f,y,e,f,y,f,c,n,b,t,?,k,s,p,w,p,w,o,e,w,v,l
p,x,s,e,f,y,f,c,n,b,t,?,k,k,p,p,p,w,o,e,w,v,d
p,f,s,n,f,s,f,c,n,b,t,?,k,k,p,w,p,w,o,e,w,v,l
p,f,y,n,f,s,f,c,n,b,t,?,s,s,p,w,p,w,o,e,w,v,p
p,k,y,n,f,y,f,c,n,b,t,?,k,s,w,p,p,,o,e,w,v,l
p,f,y,n,f,s,f,c,n,b,t,?,k,s,p,p,p,w,o,e,w,v,d
p,f,s,n,f,y,f,c,n,b,t,?,k,s,w,p,p,w,o,e,w,v,d
p,x,s,e,f,s,f,c,n,b,t,?,s,s,p,w,p,w,o,e,w,v,l
p,f,s,n,f,y,f,c,n,b,t,?,s,s,p,p,p,w,o,e,w,v,l
p,f,s,n,f,s,f,c,n,b,t,?,s,k,p,w,p,,o,e,w,v,d
p,f,s,e,f,f,f,c,n,b,t,?,s,k,p,p,p,w,o,e,w,v,l
p,f,y,n,f,y,f,c,n,b,t,?,s,k,w,p,p,w,o,e,w,v,l
p,f,s,n,f,f,f,c,n,b,t,?,k,k,p,p,p,w,o,e,w,v,d
p,f,y,n,f,f,f,c,n,b,t,?,s,,p,p,p,w,o,e,w,v,l
p,f,s,e,f,y,f,c,n,b,t,?,s,k,p,w,p,w,o,e,w,v,l
p,f,s,e,f,f,f,c,n,b,t,?,s,s,w,p,p,w,o,e,w,v,l
p,x,y,e,f,f,f,c,n,b,t,?,s,k,w,w,p,w,o,e,w,v,p
p,f,s,n,f,y,f,c,n,b,t,,s,k,w,p,p,w,o,e,w,v,p
p,x,y,e,,y,f,c,n,b,t,?,s,k,w,p,p,w,o,e,,v,d
p,f,y,e,f,f,f,c,n,b,t,?,k,s,w,w,p,w,o,e,w,v,l
p,x,s,n,f,f,f,c,n,b,t,?,s,k,p,w,p,w,o,e,w,v,p
p,f,y,n,f,s,f,c,n,b,t,?,s,s,w,w,p,w,o,e,w,v,p
p,f,y,e,f,f,f,c,Z,b,t,?,s,s,p,p,p,w,o,e,w,XXX,d
p,x,y,e,f,s,f,c,n,b,t,?,k,s,p,w,p,w,o,e,w,v,l
p,f,y,n,f,y,f,c,n,b,t,,s,k,w,w,p,w,o,e,w,v,
p,f,y,n,f,y,f,c,n,b,t,?,s,k,p,p,p,w,o,e,w,,l
p,x,y,e,f,s,f,c,n,b,t,?,s,k,p,p,p,w,o,e,w,v,l
p,f,y,n,f,y,f,c,n,b,t,?,k,k,p,p,p,w,o,e,w,v,l
p,f,s,n,f,s,f,c,n,b,t,?,k,s,p,w,p,w,o,e,w,v,l
p,x,s,n,f,f,f,c,n,b,t,?,s,s,p,p,p,w,o,e,w,v,p
p,f,y,e,f,y,f,c,n,b,t,?,k,k,w,p,p,w,o,e,w,v,p
p,x,y,e,f,s,f,c,n,b,t,?,k,k,,w,p,w,o,e,w,v,l
p,,s,e,f,f,f,c,n,b,t,?,k,k,w,p,p,w,o,e,w,v,p
p,f,s,e,f,f,f,c,n,,t,?,s,s,w,w,,w,,e,w,v,
p,f,y,e,f,f,f,c,n,b,t,?,k,s,p,p,p,w,o,e,w,v,d
p,x,y,e,f,s,f,c,n,b,t,?,s,k,w,w,p,w,o,e,w,v,l
p,x,,e,f,s,f,c,n,b,t,?,s,k,p,w,p,w,o,e,w,v,l
p,x,s,n,f,f,f,c,n,b,t,?,s,s,w,p,p,w,o,e,w,v,l
p,x,s,e,f,f,f,c,n,b,t,?,s,s,p,p,p,w,o,e,w,v,l
p,k,s,e,f,s,f,c,n,b,t,?,k,k,p,w,p,w,o,e,w,v,p
e,x,s,c,t,n,f,c,b,w,e,b,s,s,w,w,p,w,t,p,w,v,p
p,x,s,e,f,??,f,c,n,b,t,?,s,k,w,p,p,w,o,e,w,v,p
p,f,s,n,f,,f,c,n,b,t,?,s,s,w,p,p,w,o,e,w,v,d
p,x,,n,f,y,f,c,n,b,t,?,s,k,p,w,p,w,o,e,w,v,l
p,f,y,n,f,s,f,c,n,b,t,?,s,k,p,p,p,,o,e,w,v,p
p,f,y,e,f,??,f,c,n,b,t,?,s,k,p,w,p,w,o,e,w,v,l
p,,s,e,f,s,f,c,n,b,t,?,s,s,w,w,p,w,o,e,w,v,l
p,x,y,e,f,f,f,c,n,b,t,?,k,k,p,p,p,w,o,e,w,v,l
p,x,s,e,f,,f,c,n,b,t,?,k,s,p,w,p,w,o,e,w,v,l
p,x,s,n,f,y,f,c,n,b,t,?,k,k,w,p,p,,o,e,w,v,d
p,,y,e,f,f,f,c,n,b,t,?,k,s,w,w,p,w,o,e,w,v,d
p,f,s,e,f,f,f,c,n,b,t,?,k,s,w,p,p,w,o,e,w,v,p
p,f,s,wrong,f,y,f,c,n,b,t,?,s,k,w,w,p,w,o,e,w,v,l
p,f,y,e,f,y,f,c,n,b,t,?,k,s,w,w,p,w,o,e,w,v,p
p,x,y,e,f,s,f,c,n,b,t,?,k,s,p,p,p,w,o,e,w,v,l
p,k,,e,f,f,f,c,n,b,t,?,s,s,w,w,p,w,o,e,w,v,p
p,f,y,n,f,s,f,c,n,b,t,?,s,s,w,w,p,w,o,e,w,v,d
p,f,s,n,f,y,f,c,n,b,t,?,s,k,w,w,p,w,o,e,w,v,d
p,x,s,e,f,y,f,c,n,b,t,?,k,k,w,p,p,w,o,e,w,v,p
p,f,s,n,f,f,f,c,n,b,t,?,s,s,w,p,p,w,o,e,w,v,l
,f,s,e,f,s,f,c,n,b,t,?,k,k,w,p,p,w,o,e,w,v,p
p,f,y,e,f,y,f,c,n,b,t,?,s,s,p,w,p,w,o,e,w,v,l
e,b,f,w,f,n,f,w,b,g,e,?,s,s,w,w,p,w,t,p,w,,g
p,x,y,e,f,s,f,c,n,b,t,?,s,s,w,p,p,w,o,e,w,v,l
p,x,y,e,f,f,f,c,n,b,t,?,k,k,p,p,p,w,o,e,w,v,p
p,f,y,e,f,s,f,c,n,b,t,?,k,s,w,w,p,w,o,e,w,v,l
p,f,y,e,f,y,f,c,n,b,t,?,s,k,w,p,p,,o,e,w,v,l
e,k,f,w,f,n,f,w,b,g,e,?,k,s,w,w,p,w,t,p,w,s,g
p,x,s,n,f,s,f,c,n,b,t,?,k,k,p,w,p,w,o,e,w,v,p
p,f,s,n,f,s,f,c,n,b,t,?,k,s,p,p,p,w,o,e,w,v,p
p,x,s,n,f,s,f,c,n,b,t,?,s,s,p,p,p,w,o,e,w,v,d
p,f,s,e,f,f,f,c,n,b,t,?,k,k,w,w,,w,o,e,w,v,d
p,x,s,n,f,f,f,c,n,b,t,?,s,k,w,p,p,w,o,e,w,,p
p,x,s,n,f,f,f,c,n,b,t,?,k,k,w,p,,w,o,e,w,v,p
p,x,s,e,f,s,f,c,n,b,t,?,k,k,w,p,p,w,o,e,w,v,p
p,k,s,n,f,y,f,c,n,b,t,?,,s,w,p,p,w,o,e,w,v,d
p,x,y,e,f,f,f,c,n,b,t,?,s,s,w,w,p,w,o,e,w,v,d
p,x,s,e,f,f,f,c,n,b,t,?,s,s,w,p,p,w,o,e,w,v,d
p,x,y,e,f,f,f,c,n,b,t,?,k,k,w,w,p,w,o,e,,v,d
p,x,s,e,f,s,f,c,n,b,t,?,s,s,w,w,p,w,o,e,w,v,d
p,x,s,e,f,f,f,c,n,b,t,?,s,s,p,p,p,w,o,e,w,v,d
p,x,s,e,f,s,f,c,n,b,t,?,k,k,w,p,p,w,o,e,w,v,l
p,x,s,e,f,s,f,c,n,b,t,?,s,s,w,p,p,w,o,e,w,v,d
p,f,y,e,f,s,f,c,Z,b,t,?,s,k,w,w,p,w,o,e,w,XXX,d
p,x,s,n,f,y,f,c,n,b,t,?,s,s,p,w,p,w,o,e,w,v,d
p,f,s,n,f,y,f,c,n,b,t,?,s,s,p,w,p,w,o,e,w,v,d
p,x,s,e,f,f,f,c,n,b,t,?,k,k,w,w,p,w,o,e,w,v,d
p,f,s,e,,y,f,c,n,b,t,?,s,k,p,w,p,w,o,e,w,v,p
p,x,s,n,f,y,f,c,n,b,t,?,s,k,w,p,p,w,o,e,w,v,l
p,f,y,e,f,y,f,c,n,b,t,?,s,s,p,w,p,w,o,e,,v,d
p,x,s,n,f,y,f,c,n,b,t,?,k,s,w,p,p,w,o,e,w,v,l
p,,s,n,f,f,f,c,n,b,t,?,k,k,p,w,p,w,o,e,w,v,p
p,f,s,e,f,f,f,c,n,b,t,?,,s,p,p,p,w,o,e,w,v,l
p,f,s,e,f,f,f,c,n,b,t,?,k,s,p,p,p,w,o,e,w,v,l
p,f,y,e,f,f,f,c,n,b,t,?,s,s,w,p,p,w,o,e,w,v,p
p,k,s,n,f,f,f,c,n,b,t,?,s,k,p,p,p,w,o,e,w,v,p
p,f,y,n,f,f,f,c,n,b,t,?,k,s,w,w,p,w,o,e,w,v,l
p,f,s,e,f,f,,c,n,b,t,?,s,s,w,w,p,w,o,e,w,v,p
p,x,y,e,f,s,f,c,n,b,t,?,k,s,w,w,p,w,,e,w,v,d
p,f,,e,f,y,f,c,n,b,t,?,s,s,p,w,p,w,o,e,,v,l
p,f,y,e,f,f,f,c,n,b,t,?,s,s,p,p,p,w,o,e,w,v,l
p,f,,n,f,s,f,c,n,b,t,?,k,k,p,w,p,w,o,e,w,v,d
p,f,s,n,f,f,f,c,n,b,t,?,k,s,p,w,p,w,o,e,w,v,d
p,x,y,e,f,s,f,c,n,b,t,?,k,k,w,w,p,w,o,e,w,v,p
p,x,y,e,f,s,f,c,n,b,t,?,k,k,p,p,p,w,o,e,w,v,l
p,f,,e,f,y,f,c,n,b,t,?,k,k,w,p,p,w,o,e,w,v,p
p,k,y,e,f,f,f,c,n,b,t,?,k,k,w,w,p,w,o,e,w,v,d
p,f,y,e,f,s,f,c,n,b,t,?,k,,p,w,p,w,o,e,w,v,p
p,k,y,n,f,s,f,c,n,b,t,?,s,k,w,p,p,w,o,e,w,v,d
p,x,s,e,f,s,f,c,n,b,t,?,k,s,w,p,p,w,o,e,w,v,l
p,x,y,e,f,s,f,c,n,b,t,?,s,k,w,p,p,w,o,e,w,v,p
p,x,s,n,f,??,f,c,n,b,t,?,s,k,p,w,p,w,o,e,w,v,l
p,f,y,n,f,f,f,c,n,b,t,?,,s,,p,p,w,o,e,w,v,l
p,x,s,e,f,f,f,c,n,b,t,?,k,k,p,,p,w,o,e,w,v,p
e,b,s,g,f,n,f,w,b,w,e,,s,k,w,w,p,w,t,p,w,n,g
p,x,y,e,f,??,f,c,n,b,t,?,k,k,p,p,p,w,o,e,w,v,p
p,x,s,e,f,s,f,c,n,b,t,?,k,s,p,w,p,w,o,e,w,v,d
p,f,y,e,f,s,f,c,n,b,t,?,s,s,p,p,p,w,o,e,w,v,l
p,x,s,e,f,y,f,c,,b,t,?,k,s,w,p,p,w,o,e,w,v,p
p,f,y,e,f,y,f,c,n,b,t,?,s,k,p,w,p,w,o,e,w,v,d
p,f,y,e,f,f,f,c,n,b,t,?,k,k,w,p,p,w,o,e,w,v,l
p,x,s,n,f,f,f,c,n,b,,?,k,k,w,w,p,w,o,e,w,v,d
p,f,y,n,f,f,f,c,n,b,t,?,k,s,w,p,p,w,o,e,w,v,p
e,k,s,w,f,n,f,w,b,g,e,,k,s,,w,p,w,t,p,w,s,g
p,f,,e,f,s,f,c,n,b,t,?,k,k,w,w,p,w,o,e,w,v,p
p,x,s,e,f,f,f,c,n,b,t,?,s,s,w,p,p,w,o,e,w,v,p
p,f,y,n,f,y,f,c,n,b,t,?,k,s,w,p,p,w,o,e,w,v,l
p,f,y,n,f,s,f,c,n,b,t,?,k,k,p,w,p,w,o,e,w,v,l
p,x,s,e,f,y,f,c,n,b,t,?,k,k,w,p,p,w,o,e,w,v,l
p,f,y,e,f,y,f,c,n,b,t,?,k,k,w,w,p,w,o,e,w,v,d
p,f,y,e,f,f,f,c,n,b,t,?,k,k,p,w,p,w,o,e,w,v,p
p,f,s,n,f,y,f,c,n,b,t,?,s,k,w,w,p,w,o,e,w,v,p
p,x,y,e,f,f,f,c,n,b,t,?,s,k,p,w,p,w,o,e,w,v,p
p,f,y,e,f,s,f,c,n,b,t,?,s,k,p,w,p,w,o,e,w,v,d
e,b,f,g,f,n,f,w,,p,e,?,k,s,w,w,p,w,t,p,w,n,g
p,k,y,e,f,s,f,c,n,b,t,?,s,k,w,w,p,w,o,e,w,v,l
p,x,y,e,f,f,f,c,n,b,t,?,s,s,p,,p,w,o,e,w,v,l
p,k,s,e,f,f,f,c,n,b,t,?,s,k,w,p,p,w,o,e,w,v,l
p,x,s,n,f,s,f,c,n,b,t,?,s,k,p,p,p,w,o,e,w,v,p
e,k,s,w,f,n,f,w,b,g,e,?,s,k,w,w,p,w,t,p,w,s,g
p,f,s,e,f,s,f,c,n,b,t,?,s,s,p,p,p,w,o,e,w,v,d
p,x,s,n,f,y,,c,n,b,t,?,k,s,p,p,p,w,o,e,w,v,p
p,k,s,e,f,f,f,c,,b,t,?,s,k,w,w,p,w,o,e,w,v,p
p,k,y,n,f,s,f,c,n,b,t,?,k,k,w,w,p,w,o,e,w,v,l
p,k,y,e,f,f,f,c,n,b,t,?,k,s,p,p,p,w,o,e,w,v,p
p,x,s,e,f,y,f,c,n,b,t,?,k,s,w,w,p,w,o,e,w,v,d
p,f,s,e,f,s,f,,n,b,t,?,s,k,p,p,p,w,o,e,w,v,p
p,f,y,e,f,f,f,c,n,b,t,?,k,k,p,p,p,w,o,e,w,v,p
p,x,y,e,f,s,f,c,n,b,t,?,s,k,p,p,p,w,o,e,,v,d
p,f,y,n,f,y,f,c,n,b,t,?,s,s,p,w,p,w,o,e,w,v,d
p,x,y,e,f,y,f,c,n,b,t,?,s,s,p,w,p,w,o,e,w,v,d
p,f,y,n,f,y,f,c,n,b,t,?,s,s,w,p,p,w,o,e,w,v,l
p,x,y,e,f,y,f,c,n,b,t,?,s,s,w,p,p,w,o,e,w,v,l
p,k,y,n,f,y,f,c,n,b,t,?,k,k,w,p,p,w,o,e,w,v,l
p,f,s,e,f,f,f,c,n,b,t,?,s,k,w,w,p,w,o,e,w,v,l
p,x,s,n,f,f,f,c,n,b,t,?,k,s,p,p,p,w,o,e,w,v,p
p,f,y,,f,f,f,c,n,b,t,?,k,s,p,p,p,w,o,e,w,v,d
p,f,s,e,f,s,f,c,n,b,t,?,s,k,w,p,p,w,o,e,w,v,d
p,x,s,e,f,y,f,c,n,b,t,?,k,k,p,w,p,w,o,e,w,v,d
p,f,s,n,f,y,f,c,n,b,t,?,s,k,w,p,p,w,o,e,w,v,d
p,f,y,n,f,s,f,c,n,b,t,?,s,k,p,p,p,w,o,e,w,v,l
p,x,y,e,f,f,f,c,n,b,t,?,s,s,p,p,p,w,o,e,w,v,d
p,x,,e,f,f,f,c,n,b,t,?,s,k,p,p,p,w,o,e,w,v,d
p,f,y,e,f,y,f,c,n,b,t,?,s,s,p,p,p,w,,e,w,v,l
,f,s,e,f,y,f,c,n,b,t,?,k,s,p,w,p,w,o,e,w,v,l
p,f,y,e,f,??,f,c,Z,b,t,?,k,s,w,p,p,w,o,e,,XXX,d
p,x,s,n,f,s,f,c,n,b,t,?,s,s,p,,p,w,o,e,w,v,l
p,f,s,n,f,s,f,c,n,b,t,,s,k,w,w,p,w,o,e,w,v,d
p,x,s,n,f,f,f,c,n,b,t,?,k,k,p,w,p,w,o,e,w,v,l
p,f,y,n,f,y,f,c,n,b,t,?,k,,w,p,p,w,o,e,w,v,p
p,k,y,n,f,s,f,c,n,b,t,?,k,k,p,w,p,w,o,e,w,v,d
p,x,s,e,f,s,f,c,n,b,t,?,s,k,p,w,p,w,o,e,w,v,p
p,f,y,n,f,f,f,c,n,b,t,?,k,s,w,w,p,w,o,e,w,v,d
p,x,y,e,f,s,f,c,n,b,t,?,s,k,p,p,p,w,o,e,w,v,p
p,f,y,e,f,s,f,c,n,b,t,?,k,k,p,w,p,w,o,e,w,v,d
p,x,y,e,f,y,f,c,n,b,t,?,s,k,w,w,p,w,o,e,w,v,d
p,f,y,e,f,y,f,c,n,b,t,?,k,s,w,w,p,w,o,e,w,v,l
p,f,y,e,f,s,f,c,n,b,t,?,s,s,w,p,p,w,o,e,w,v,d
p,f,s,e,f,s,f,c,n,b,t,?,s,k,w,w,p,w,o,e,w,v,l
p,k,y,e,f,y,f,c,n,b,t,?,k,k,w,w,p,w,o,e,w,v,l
p,x,s,e,f,f,f,c,n,b,t,?,s,k,p,p,p,w,o,e,w,v,p
e,k,s,g,f,n,f,w,b,g,e,?,k,s,w,w,p,w,t,p,w,s,g
p,x,s,n,f,y,f,c,n,b,t,?,k,s,p,w,p,w,o,e,w,v,l
p,f,s,e,f,s,f,c,n,b,t,?,s,k,p,w,p,w,o,e,w,v,d
p,f,s,n,f,y,f,c,n,b,t,?,s,k,p,p,p,w,o,e,w,v,d
p,f,s,e,f,s,f,c,n,b,t,?,k,k,p,p,p,w,o,e,w,,l
p,f,y,n,f,s,f,c,n,b,t,?,k,s,p,p,p,w,o,e,w,v,p
p,x,s,e,f,y,f,c,n,b,t,?,s,s,,p,p,w,o,e,w,v,p
p,x,s,e,f,s,f,c,n,b,t,?,s,k,w,w,p,w,o,e,w,v,p
p,x,s,e,f,y,f,c,n,b,t,?,s,s,w,p,p,w,o,e,w,v,
p,x,s,e,f,f,f,c,n,b,t,?,k,s,p,,p,w,o,e,w,v,p
p,f,s,e,f,s,f,c,n,b,t,?,s,s,p,w,p,w,o,e,w,v,d
p,x,s,e,,s,f,c,n,b,t,?,s,k,p,p,p,w,o,e,w,v,p
p,x,s,n,f,f,,,n,b,t,?,s,k,p,p,p,w,o,e,w,v,l
p,f,s,n,f,s,f,c,n,b,t,?,s,k,p,w,p,w,o,e,w,v,l
p,k,y,n,f,y,f,c,n,b,t,?,k,s,w,w,p,w,o,e,w,v,d
p,x,y,e,f,s,f,c,n,b,t,?,k,s,p,w,p,w,o,e,w,v,p
p,x,s,n,f,f,f,c,n,b,t,?,k,s,p,w,p,w,o,e,w,v,l
p,x,s,e,f,f,f,c,n,b,t,?,k,k,p,w,p,w,o,e,w,v,p
e,b,s,w,f,n,f,w,b,p,e,?,k,k,w,w,p,w,t,p,w,s,g
p,f,,e,f,s,f,c,n,b,t,?,k,k,p,w,p,w,o,e,w,v,p
p,x,s,e,f,,f,c,n,b,t,?,s,s,p,w,p,w,o,e,w,v,l
p,x,y,e,f,f,f,c,n,b,t,?,s,k,w,p,p,,o,e,w,v,d
p,f,y,n,f,f,f,c,n,b,t,?,s,s,w,p,p,w,o,e,w,v,p
p,f,s,e,f,y,f,c,n,b,t,?,k,s,p,p,p,w,o,e,w,v,l
p,f,y,n,f,s,f,c,n,b,t,?,s,k,w,p,p,w,o,e,w,v,d
p,f,y,wrong,f,f,f,c,n,b,t,?,k,k,w,p,p,w,o,e,w,v,d
p,f,s,n,f,f,f,c,n,b,t,?,s,s,p,w,p,w,o,e,w,v,d
p,x,y,e,f,f,f,c,n,b,t,?,s,s,w,p,p,w,o,,w,v,l
p,f,s,n,f,s,f,c,n,b,t,,k,s,p,w,p,w,o,e,w,v,d
p,x,s,n,f,y,f,c,n,b,t,?,k,s,w,w,p,w,o,e,w,v,l
p,f,s,e,f,s,f,c,n,b,t,?,k,s,p,p,p,w,o,e,w,v,p
p,x,s,n,f,s,f,c,n,b,t,?,s,,w,w,p,w,o,e,w,v,d
p,f,s,e,f,s,f,c,n,b,t,?,k,s,p,w,p,w,o,e,w,v,l
p,,,e,f,y,f,c,Z,b,t,?,s,s,p,w,p,w,o,e,w,XXX,p
p,f,y,n,f,f,f,c,n,b,t,?,s,k,w,w,p,,o,e,w,v,p
p,x,y,e,,f,f,c,n,b,t,?,k,,p,p,p,w,o,e,w,v,l
p,f,s,n,f,f,,c,n,b,t,?,k,k,w,w,p,w,o,e,w,v,p
p,f,s,n,f,y,f,c,n,b,t,?,k,s,w,p,p,w,o,e,w,v,p
p,x,s,n,f,y,f,c,n,b,t,?,k,k,w,w,p,w,o,e,w,v,p
p,f,s,e,f,s,f,c,n,b,t,?,s,s,w,p,p,w,o,e,w,v,d
p,k,y,n,f,y,f,c,n,b,t,?,k,s,p,p,p,w,o,e,w,v,p
p,x,y,e,f,f,f,c,n,b,t,?,s,k,p,p,p,w,o,e,w,v,l
p,x,y,e,f,s,f,c,n,b,t,?,s,k,p,w,p,w,o,e,w,v,d
p,k,s,n,f,s,f,c,,b,t,?,k,k,p,p,p,w,o,e,w,v,d
p,x,s,e,f,f,f,c,n,b,t,?,k,s,p,p,p,w,o,e,w,v,p
p,x,s,e,f,f,f,c,n,b,t,?,s,s,p,w,p,w,o,e,w,v,p
p,,y,n,f,f,f,c,n,b,t,?,s,k,w,w,p,w,o,e,w,v,l
p,f,s,e,f,y,f,c,n,b,t,?,s,s,p,w,p,w,o,e,w,v,d
p,f,s,e,f,f,f,c,n,b,t,?,s,s,p,p,p,w,o,e,w,v,p
p,f,s,n,f,??,f,c,n,b,t,?,k,s,w,p,p,w,o,e,w,v,l
p,f,y,e,f,f,f,c,n,b,t,?,s,s,p,w,p,w,o,e,w,v,p
p,f,y,e,f,f,f,c,n,b,t,?,s,k,p,w,p,w,o,e,w,v,l
p,k,s,e,f,s,f,c,n,b,t,?,k,s,p,p,p,w,o,e,w,v,
p,x,s,n,f,f,f,c,n,b,t,?,k,s,w,p,p,w,o,e,w,v,d
p,f,y,n,f,y,,c,n,b,t,?,k,s,p,p,p,w,o,e,w,v,d
p,f,s,e,f,f,f,c,n,b,t,?,k,k,w,w,p,w,o,e,w,v,p
p,k,s,n,f,y,f,c,n,b,t,?,s,s,w,w,p,w,o,e,w,v,d
p,f,y,n,f,f,f,c,n,b,t,?,s,s,p,w,p,w,o,e,w,v,p
p,x,y,e,f,y,f,c,n,b,t,?,s,s,p,w,p,w,o,e,w,v,l
p,x,y,e,f,f,f,c,n,b,t,?,k,,w,p,p,w,o,e,w,v,p
p,x,s,,f,y,f,c,n,b,t,?,k,s,p,p,p,w,o,e,w,v,p
p,f,y,n,f,f,f,c,n,b,t,?,k,k,,w,p,w,o,e,w,v,l
p,f,y,n,f,s,f,c,n,b,t,?,k,s,p,w,p,w,o,,w,v,p
p,f,y,e,f,s,f,c,n,b,t,?,k,s,p,w,p,w,o,e,w,v,p
p,k,y,n,f,y,f,c,n,b,t,?,k,s,w,w,p,w,o,e,w,v,l
p,x,s,n,f,s,f,c,n,b,t,?,k,k,p,p,p,w,o,e,w,v,d
p,x,s,e,f,y,f,c,n,b,t,?,s,s,p,p,p,w,o,e,w,v,l
p,x,s,n,f,f,f,c,n,b,t,?,s,s,p,w,p,w,o,e,w,v,l
p,f,y,e,f,f,f,c,n,b,t,?,s,,w,p,p,w,o,e,w,v,p
p,k,y,e,f,f,f,c,n,b,t,?,s,k,p,p,p,w,o,e,w,v,d
e,x,f,g,f,n,f,w,b,w,e,?,s,k,w,w,p,w,t,p,w,s,g
p,f,y,e,f,f,f,c,n,b,t,?,s,s,p,,p,w,o,e,w,v,l
p,x,s,e,f,f,f,c,n,b,t,?,k,s,w,p,p,w,o,e,w,v,l
p,x,s,e,f,s,f,c,n,b,t,?,k,s,p,w,p,w,o,e,w,v,l
p,x,y,e,f,s,f,c,n,b,t,?,k,k,p,w,p,w,o,e,w,v,d
p,f,y,n,f,f,f,c,n,b,t,?,k,,p,p,p,w,o,e,w,v,p
p,f,y,n,f,y,f,c,n,b,t,?,s,s,p,p,p,w,o,e,w,v,l
p,x,s,,f,s,f,c,n,b,t,?,k,s,w,p,p,w,o,e,w,v,p
p,x,s,e,f,f,f,c,n,b,t,?,k,k,w,p,p,w,o,e,w,v,l
p,f,y,e,f,f,f,c,,b,t,?,s,k,p,w,p,w,o,e,w,v,d
p,f,s,n,f,f,f,c,n,b,t,?,k,,p,p,p,w,o,e,w,v,l
p,f,y,n,f,f,f,c,n,b,t,?,k,s,w,,p,w,o,e,w,v,l
p,f,y,,f,y,f,c,n,b,t,?,k,k,w,p,p,w,o,e,w,v,d
p,x,,e,f,f,f,c,n,b,t,?,k,s,w,p,p,w,o,e,w,v,l
p,x,s,e,f,f,f,c,n,b,t,?,s,k,w,w,p,w,o,e,w,v,p
p,f,s,n,f,f,f,c,n,b,t,?,s,s,p,p,p,w,o,e,w,v,
p,f,s,n,f,s,f,c,n,b,t,?,k,s,w,p,p,w,o,e,w,,d
p,x,s,e,f,f,f,c,n,,t,?,s,k,p,,p,w,o,e,,v,d
p,f,s,n,f,f,f,c,n,,t,?,k,k,w,p,p,w,o,e,w,v,l
p,f,s,n,f,f,f,c,n,b,t,?,k,k,p,p,p,w,o,e,w,v,p
p,f,y,n,f,f,f,c,n,b,t,?,s,s,p,p,p,w,o,e,w,v,p
p,x,s,n,f,s,f,c,n,b,t,?,k,k,w,w,p,w,o,e,w,v,l
p,f,s,n,f,y,f,c,n,b,t,?,k,s,w,p,p,w,o,e,w,v,
p,f,s,n,f,y,f,c,n,b,t,?,k,k,p,w,p,w,o,e,w,v,p
p,x,s,n,f,y,f,c,n,b,t,?,s,s,w,w,p,w,o,e,w,v,p
p,f,y,n,f,f,f,c,n,b,t,?,k,k,w,p,p,w,o,e,w,v,p
p,x,,n,f,y,f,c,n,b,t,?,k,s,p,w,,w,o,e,w,v,p
p,x,s,n,f,y,f,c,n,b,t,?,s,s,p,w,p,w,o,e,w,v,p
p,f,s,n,f,f,f,c,n,b,t,?,k,k,w,p,p,w,o,e,w,v,p
p,f,y,n,f,f,f,c,n,b,t,?,s,s,p,p,p,w,o,e,w,v,d
p,x,y,e,f,y,f,c,n,b,t,?,s,s,p,p,p,w,o,e,w,v,d
p,f,s,e,,f,f,c,n,b,t,?,s,k,w,p,p,w,o,e,w,v,l
p,f,y,n,f,s,f,c,n,b,t,?,s,k,p,p,p,w,o,e,w,v,d
p,f,s,e,f,y,f,c,n,b,t,?,s,k,w,p,p,w,o,e,w,v,l
p,x,s,n,f,f,f,c,n,b,t,?,k,k,p,w,p,w,o,e,w,v,
e,k,f,w,f,n,f,w,b,p,e,?,k,k,w,w,p,w,t,p,w,n,g
p,x,s,n,f,f,f,c,n,b,t,?,s,s,w,p,p,w,o,e,w,v,p
p,f,s,n,f,f,f,c,n,b,t,?,k,s,w,p,p,w,o,e,w,v,d
p,f,y,n,,y,f,c,n,b,t,?,k,k,w,w,p,w,o,e,w,v,p
p,f,s,n,f,,f,c,n,b,t,?,k,s,w,w,p,w,o,e,w,v,d
p,f,y,n,f,y,f,c,n,b,t,?,k,s,p,,p,w,o,e,w,v,d
p,f,y,n,f,f,f,c,n,b,t,?,s,s,w,w,p,w,o,e,w,v,l
p,f,s,n,f,f,f,c,n,b,t,?,s,k,p,p,p,w,o,e,w,v,d
p,f,y,e,f,y,f,c,n,b,t,?,k,s,p,w,p,w,o,e,w,v,p
e,b,s,n,f,n,a,c,b,o,e,?,s,s,o,o,p,o,o,p,o,v,l
p,f,s,e,f,f,f,c,n,b,t,?,k,s,w,p,p,w,o,e,w,v,d
p,f,s,e,f,s,f,c,n,b,t,,k,k,p,p,p,w,o,e,w,v,p
p,x,s,e,f,,f,c,n,b,t,?,k,k,,p,p,w,o,e,w,v,l
p,f,y,n,f,s,f,c,n,b,t,?,s,k,w,w,p,w,o,e,w,v,l
p,f,y,e,f,s,f,c,n,b,t,?,k,s,w,p,p,w,o,e,w,v,p
p,f,s,n,f,f,f,c,n,b,t,?,k,s,p,p,p,w,o,e,w,v,l
p,f,y,e,f,s,f,c,n,b,t,?,k,k,w,p,p,w,o,e,,v,l
p,f,s,n,f,,f,c,n,b,t,?,k,s,w,p,p,w,o,e,w,v,p
p,k,y,n,f,y,f,c,n,b,t,?,k,s,w,w,p,w,o,e,w,v,p
p,f,y,e,f,f,f,c,n,b,t,?,k,s,p,p,p,w,o,e,w,v,l
p,f,s,e,f,s,f,c,n,b,t,?,k,k,p,,p,w,o,e,w,v,d
p,x,y,e,f,f,f,c,n,b,t,?,k,s,w,,p,w,o,e,w,v,p
p,,s,n,f,y,f,c,n,b,t,?,k,k,p,p,p,w,o,e,w,v,l
p,x,s,e,f,s,f,c,n,b,t,?,k,s,p,w,p,w,o,e,w,v,p
p,k,y,n,f,y,f,c,n,b,t,?,k,,w,w,p,w,o,e,w,v,p
p,x,s,n,f,s,f,c,n,b,t,?,k,k,w,p,p,w,o,e,w,v,p
p,x,y,e,f,f,f,c,n,b,t,?,k,k,w,p,p,w,o,e,w,v,d
p,f,y,n,f,y,f,c,n,b,t,?,k,s,w,w,p,w,,e,w,v,d
p,f,s,e,f,y,f,c,n,b,t,?,s,k,p,p,p,w,o,e,w,v,d
p,f,s,n,f,f,f,c,n,b,t,?,s,s,w,w,p,w,o,e,w,v,p
e,x,s,w,f,??,f,w,b,g,e,?,k,s,w,w,p,w,t,p,w,s,g
p,f,y,n,f,y,f,c,n,b,t,?,s,s,w,p,p,w,o,e,w,v,d
p,f,s,n,f,f,f,c,n,b,t,?,s,k,w,p,p,w,o,e,w,v,l
p,x,y,e,f,y,f,c,n,b,t,?,s,s,p,p,p,w,o,e,w,v,l
p,f,s,e,f,,f,c,n,b,t,?,s,k,w,p,p,w,o,e,w,v,l
p,x,s,n,f,s,f,c,n,b,t,?,s,s,w,p,p,w,o,e,w,v,p
p,x,y,e,f,f,f,c,n,b,t,?,s,k,p,w,p,w,o,e,w,v,l
e,k,f,,f,n,f,w,b,g,e,?,k,,w,w,p,w,t,p,w,s,g
p,f,s,e,f,s,f,c,,b,t,?,k,s,w,p,,w,o,e,w,v,l
p,f,y,e,f,s,f,,n,b,t,?,s,k,w,w,p,w,o,e,w,v,p
e,b,f,w,f,n,f,w,b,w,e,?,s,k,w,,p,w,t,p,w,s,g
p,f,s,n,f,y,f,c,n,b,t,?,s,k,p,w,p,w,,e,,v,l
p,x,y,e,f,s,f,c,n,b,t,?,k,s,w,w,,w,o,e,w,v,
p,x,y,e,f,f,,c,n,b,,?,s,k,p,p,p,w,o,e,w,v,d
p,f,s,n,f,s,f,c,n,b,t,?,k,s,w,w,p,w,o,e,w,v,p
p,x,s,n,f,f,f,c,n,b,t,?,k,k,p,p,p,w,o,e,w,v,d
p,f,s,e,f,s,,c,n,b,t,?,k,k,w,w,,w,o,e,w,v,p
p,f,s,e,f,s,f,c,n,b,t,?,s,k,p,p,p,w,o,,w,v,l
p,f,s,e,f,,f,c,n,b,t,?,s,s,p,w,p,w,o,e,w,v,l
p,x,y,e,f,m,f,c,b,w,e,c,k,y,c,c,p,w,n,n,w,c,d
p,f,y,n,f,y,f,c,n,b,t,?,s,k,p,p,p,w,o,e,w,v,d
p,f,y,e,f,y,f,c,n,b,t,?,s,s,w,w,p,w,o,e,w,v,d
p,x,s,e,f,s,f,c,n,b,t,?,k,,p,w,p,w,o,e,w,v,p
p,f,s,e,f,y,f,c,n,b,t,?,,s,p,w,p,w,,e,w,v,p
p,f,y,e,f,f,f,c,n,b,t,?,k,k,w,w,p,w,o,e,w,v,p
p,f,y,wrong,f,s,f,c,n,b,t,?,s,s,p,w,p,w,o,e,w,v,l
p,x,s,,f,f,f,c,n,b,t,?,k,k,w,w,p,w,o,e,w,v,
p,f,s,e,f,s,f,c,n,b,t,?,s,k,p,w,p,w,o,e,w,v,p
e,x,s,n,f,n,a,c,b,n,,?,s,s,o,o,p,n,o,p,y,c,l
p,f,y,n,f,s,f,c,n,b,t,?,s,k,p,w,p,w,o,e,w,v,d
p,f,y,e,f,s,f,c,n,b,t,?,s,s,w,p,p,w,o,e,w,v,l
p,f,y,e,f,s,f,c,n,b,t,?,s,s,w,w,p,w,o,e,w,v,l
p,x,s,n,f,f,f,c,n,b,t,?,k,s,p,w,p,w,o,e,w,v,p
p,x,s,e,f,y,f,c,n,b,t,?,k,s,p,p,p,w,o,e,w,v,d
,x,y,e,f,f,f,c,n,b,t,?,k,k,p,p,p,w,o,e,w,v,d
p,x,s,e,f,s,,c,n,b,t,?,s,k,w,p,p,w,o,e,,v,p
p,x,y,e,f,y,f,c,n,b,t,?,s,s,p,p,p,w,o,e,w,v,p
p,f,y,e,f,,,c,n,,t,?,s,k,w,w,,w,o,e,w,v,p
e,x,s,n,f,n,a,c,b,n,e,?,s,s,o,o,p,n,o,p,o,v,l
p,f,s,n,f,s,f,c,n,b,t,?,k,k,p,p,p,w,o,e,w,v,p
p,x,y,e,f,f,f,c,n,b,t,?,s,s,w,w,p,w,o,e,w,v,p
p,f,s,n,f,f,f,c,n,b,t,?,s,s,w,p,p,w,o,e,w,v,d
p,f,y,e,f,y,f,c,n,b,t,?,k,k,w,w,p,w,o,e,,v,p
p,x,y,e,f,f,f,c,n,b,t,?,k,s,p,w,p,w,o,e,w,v,d
p,x,s,n,f,s,f,c,n,b,t,?,k,s,p,w,p,w,o,e,w,v,d
p,x,s,n,f,f,f,c,n,b,t,?,s,k,w,p,p,w,o,e,w,v,l
p,x,s,n,f,y,f,c,n,b,t,?,s,s,w,w,p,w,o,e,w,v,l
p,x,y,e,f,s,f,c,n,b,t,?,s,s,p,w,p,w,o,e,w,v,d
p,f,s,n,f,y,f,c,n,b,t,,k,s,p,p,p,w,o,e,w,v,l
p,f,s,n,f,y,f,c,n,b,t,?,s,,w,p,p,,o,e,w,v,l
p,k,y,e,f,y,f,c,n,b,t,?,s,s,p,p,p,w,o,e,w,v,l
p,x,s,n,f,y,f,c,n,b,t,?,k,s,w,p,p,w,,e,w,v,d
p,f,y,n,f,y,f,c,n,b,t,?,s,k,p,,p,w,o,e,w,v,p
e,k,s,w,f,n,f,w,b,g,e,?,s,k,w,w,p,w,t,p,w,n,g
p,f,s,e,f,y,f,c,n,b,t,?,s,k,w,w,p,w,o,e,w,v,l
p,x,s,e,f,y,f,c,n,b,t,?,s,k,p,w,p,w,o,e,w,v,l
p,f,y,n,f,f,f,c,n,b,t,?,s,s,w,p,p,w,o,e,w,v,d
p,f,y,n,f,s,f,c,n,b,t,?,k,k,p,p,p,w,o,e,w,,p
p,f,y,e,f,y,f,c,n,b,t,?,k,k,p,w,p,w,o,e,w,v,d
p,x,s,n,f,f,f,c,,b,t,?,k,k,p,p,p,w,o,e,w,v,
p,f,y,n,f,s,f,c,n,b,t,?,k,k,w,p,p,w,o,e,w,v,l
p,x,s,n,f,s,f,c,n,b,t,?,s,k,w,p,p,w,o,e,w,v,l
p,k,y,n,f,y,f,c,n,b,t,?,k,k,p,p,p,w,o,e,w,v,l
p,f,s,e,f,s,f,c,n,b,t,?,k,s,w,p,p,w,o,e,w,v,d
p,f,y,e,f,s,f,c,n,b,t,?,k,k,p,p,p,w,o,,w,v,l
p,f,y,e,f,f,f,c,n,b,t,?,s,s,w,w,p,w,o,e,w,v,l
p,f,y,e,f,s,f,c,n,b,t,?,k,k,w,p,p,w,o,e,w,v,p
p,f,y,n,f,f,f,c,n,b,t,?,s,s,w,w,p,w,o,e,w,v,p
p,f,y,n,f,f,f,c,n,b,t,?,s,s,w,p,p,w,o,e,w,v,l
p,k,y,n,f,y,f,c,n,b,t,?,k,s,p,w,p,w,o,e,w,v,
p,k,,n,f,y,f,c,n,b,t,?,k,s,p,w,p,w,o,e,w,v,p
p,f,s,e,f,y,f,c,n,b,t,?,k,s,w,p,p,w,o,e,w,v,p
p,x,s,e,f,y,f,c,n,b,t,?,k,k,w,p,p,w,o,e,w,,d
p,k,s,n,f,f,f,c,n,b,t,?,k,s,p,w,p,w,o,e,w,v,l
p,x,s,e,f,f,f,c,n,b,t,?,s,s,p,p,p,w,o,e,w,v,p
p,f,s,n,f,f,f,c,n,b,t,?,k,k,p,w,p,w,o,e,w,v,d
p,x,s,e,f,s,f,c,n,b,t,?,s,k,w,w,p,w,o,e,w,v,l
p,f,s,n,,y,f,c,n,b,t,?,s,k,p,w,p,w,o,e,w,v,p
p,x,s,n,f,f,f,c,n,b,t,?,k,k,w,p,p,w,o,e,w,v,l
p,f,y,e,f,y,f,c,n,b,t,?,s,k,w,p,p,w,o,e,w,v,d
p,x,s,n,f,f,f,c,n,b,t,?,k,s,w,p,p,w,o,e,w,v,l
p,x,s,e,f,y,f,c,n,b,t,?,s,s,w,w,p,w,o,e,w,v,p
p,x,s,,f,s,f,c,n,b,t,?,s,k,w,,p,w,o,e,w,v,d
p,x,s,n,f,s,f,c,n,b,t,?,k,k,p,p,p,w,o,e,w,v,p
p,x,y,e,f,s,f,c,n,b,t,?,s,s,w,w,p,w,o,e,w,v,d
p,f,y,e,f,y,f,c,n,b,t,?,s,k,p,w,p,w,o,e,w,v,p
p,f,s,e,f,s,f,c,n,b,t,?,k,s,p,w,p,w,o,e,w,v,d
p,x,s,e,f,y,f,c,n,b,t,?,k,k,w,w,p,w,o,e,w,v,d
p,f,y,e,f,y,f,c,n,b,t,?,k,k,w,w,p,w,o,e,w,v,l
p,f,s,e,f,y,f,c,n,b,t,?,k,s,w,w,p,w,o,e,w,v,p
p,f,s,e,f,s,f,c,n,b,t,?,s,k,p,w,p,w,,e,w,v,
p,f,y,n,f,f,f,c,n,b,t,?,k,k,w,p,p,w,o,e,w,v,d
p,f,s,wrong,f,s,f,c,n,b,t,?,s,k,w,w,p,w,o,e,w,v,p
p,x,s,e,f,f,f,c,n,b,t,?,s,k,w,p,p,w,o,e,w,v,p
p,f,y,n,f,s,f,c,n,b,t,?,k,k,p,p,p,w,o,e,w,v,l
p,f,s,n,f,s,f,c,n,b,t,?,s,k,p,p,p,w,o,e,w,v,d
p,f,y,n,f,f,f,c,n,b,t,?,k,s,p,,p,w,o,e,w,,l
p,f,s,e,f,s,f,c,n,b,t,?,k,k,p,w,p,w,o,e,w,v,l
p,f,y,e,f,f,f,c,n,b,t,?,s,k,p,w,p,w,o,e,w,v,p
p,f,,n,f,y,f,c,n,b,t,?,k,s,w,p,p,w,o,e,w,v,d
p,f,s,e,,y,f,c,n,b,t,?,k,k,w,p,p,w,o,e,w,v,
p,f,s,e,f,f,f,c,n,b,t,?,s,k,w,p,,w,o,e,,v,d
p,f,y,n,f,s,f,c,n,b,t,?,k,k,p,p,p,w,o,e,w,,d
p,f,s,e,f,f,f,c,n,b,t,?,k,s,w,w,p,w,o,e,w,v,d
p,f,s,n,f,f,f,c,n,b,t,?,k,s,p,p,p,w,o,e,w,v,d
p,k,y,e,f,s,f,c,n,b,t,?,s,s,p,p,p,w,o,e,w,v,d
p,f,y,e,f,f,f,c,n,b,t,?,s,k,w,w,p,w,o,e,w,v,d
p,f,s,e,f,f,f,c,n,b,t,?,k,k,w,p,p,w,o,e,w,v,d
p,f,y,e,f,y,f,c,n,b,,?,s,s,w,p,p,w,o,e,w,v,d
p,f,y,n,f,s,f,c,n,b,t,?,k,s,w,p,p,w,o,e,w,v,
p,f,y,e,f,f,f,c,n,b,t,?,s,s,p,p,p,w,o,e,w,v,p
p,f,s,n,f,s,f,c,n,b,t,?,s,k,p,p,p,w,o,e,w,v,p
p,x,y,e,f,y,f,c,n,b,t,?,s,s,w,w,p,w,o,e,w,v,d
e,x,f,w,f,n,f,w,b,p,e,?,k,s,w,w,p,w,t,p,w,n,g
p,x,s,e,f,s,f,c,n,b,t,?,k,s,w,w,p,w,o,e,w,v,d
p,x,s,e,f,f,f,c,n,b,t,?,s,s,p,w,p,w,o,e,w,v,l
p,f,y,n,f,y,f,,n,b,t,?,k,k,p,w,p,w,o,e,w,v,l
p,x,s,e,f,y,f,c,n,b,t,?,s,s,p,p,p,w,o,e,w,v,d
p,x,s,,f,y,f,c,n,b,t,?,s,k,w,w,p,w,o,e,w,,d
p,x,s,n,f,f,f,c,n,b,t,?,k,s,w,w,p,w,o,e,w,v,p
p,x,s,n,f,y,f,c,n,b,t,?,k,k,w,w,p,w,o,e,w,v,l
e,x,f,g,f,n,f,w,b,p,,?,s,k,w,w,p,w,t,p,w,n,g
p,f,y,e,f,f,f,c,n,b,t,?,k,s,w,p,p,w,o,e,w,v,l
p,f,y,e,f,f,f,c,n,b,t,?,s,k,w,p,p,w,o,e,w,v,l
p,x,y,e,f,y,f,c,n,b,t,?,s,s,w,w,p,w,o,,w,v,p
p,x,s,n,f,y,f,c,n,b,t,?,k,k,p,w,p,w,o,e,w,v,p
p,k,s,e,f,y,f,c,n,b,t,?,k,s,p,p,p,w,o,e,w,v,p
p,k,y,e,f,f,f,c,n,b,t,?,k,s,w,w,p,w,o,e,w,v,d
p,f,y,e,f,s,f,c,n,b,t,?,k,k,p,p,p,w,o,e,w,v,d
p,x,s,n,f,f,f,c,n,b,t,?,k,k,w,w,p,w,o,e,w,v,l
p,f,s,n,f,s,f,c,n,b,t,?,k,s,w,w,p,w,o,,w,v,l
p,x,s,e,f,s,f,,n,b,t,?,k,s,w,w,p,w,o,e,w,v,p
p,f,y,n,f,y,f,c,n,b,t,?,k,k,w,w,p,w,o,e,w,v,
p,x,s,n,f,s,f,c,n,b,t,?,k,s,w,w,p,w,o,e,w,v,p
e,k,f,w,f,n,f,w,b,,e,?,s,k,w,w,p,w,t,p,w,n,g
p,k,y,n,f,f,f,c,n,b,t,?,s,k,p,w,p,w,o,e,w,v,d
p,f,s,e,f,f,f,,n,b,t,?,s,k,p,w,p,w,o,e,w,v,d
p,x,y,e,f,f,f,c,n,b,t,?,k,s,p,p,p,w,o,e,w,v,d
p,x,s,n,f,s,f,c,n,b,t,?,s,s,p,p,p,w,o,e,w,v,l
p,x,s,n,f,y,f,c,n,b,t,?,s,s,w,p,p,w,o,e,w,v,d
p,f,y,e,f,y,f,c,n,b,t,?,k,s,w,p,p,w,o,e,w,v,l
p,f,y,n,f,s,,c,n,b,t,?,s,s,w,p,p,w,o,e,w,v,l
p,x,y,e,f,y,f,c,n,b,t,?,s,s,w,w,p,w,o,e,w,v,l
p,f,s,e,f,y,f,c,n,b,t,?,s,k,p,p,p,w,o,e,w,v,p
p,x,s,e,f,s,f,c,n,b,t,?,s,k,p,w,p,w,o,e,w,v,d
p,x,s,n,,s,f,c,n,b,t,?,k,s,p,w,p,w,o,e,w,v,p
p,f,y,n,f,f,f,c,n,b,t,?,k,k,w,p,p,w,o,e,w,v,l
p,f,y,e,f,s,f,c,n,b,t,?,s,k,w,p,p,w,o,e,w,v,l
p,f,y,n,f,s,f,c,n,b,t,?,k,s,w,,p,w,o,e,w,v,l
p,f,y,n,f,f,f,c,n,b,t,?,,s,w,w,p,w,o,e,w,v,d
p,f,s,n,f,y,f,c,n,b,t,?,s,k,p,p,p,w,o,e,w,v,p
p,f,y,e,f,f,f,c,n,b,t,?,k,s,p,w,p,w,o,e,w,v,p
p,f,y,e,f,s,f,c,n,b,t,?,k,s,w,p,p,w,o,e,w,v,l
p,,y,e,f,s,f,c,n,b,t,?,k,s,w,p,p,w,o,e,w,v,p
p,k,s,e,f,f,f,c,n,b,t,?,s,k,p,p,p,w,o,e,w,v,p
p,f,y,e,f,s,f,c,n,b,t,?,s,s,p,w,p,w,o,e,w,v,p
p,f,y,n,f,,f,c,,b,t,?,s,s,w,p,p,w,o,e,w,v,p
p,f,s,n,f,s,f,c,n,b,t,?,k,k,p,p,p,w,o,e,w,v,d
p,f,s,e,f,y,f,c,n,b,t,?,s,k,w,w,p,w,o,e,w,v,p
p,k,s,e,f,f,f,c,n,b,t,?,s,k,w,p,p,w,o,e,w,v,p
p,f,y,e,f,s,f,c,n,b,t,?,s,s,w,w,p,w,o,e,w,v,p
p,f,s,n,f,s,f,c,n,b,t,?,k,k,p,w,p,,o,e,w,v,p
e,x,s,n,f,n,a,c,b,n,e,?,s,s,o,o,p,o,o,p,b,v,l
p,x,s,n,f,y,f,c,n,b,t,?,s,s,p,w,p,w,o,e,w,v,l
p,k,s,n,f,y,f,,n,b,t,?,s,s,p,,p,w,o,e,w,,l
p,f,s,n,f,f,f,c,n,b,t,?,s,k,w,p,p,w,o,e,w,v,d
p,f,s,n,f,y,f,c,n,b,t,,k,s,w,w,p,w,o,e,w,v,d
p,x,s,n,f,y,f,c,n,b,t,?,s,s,w,p,p,w,o,e,w,v,p
p,f,s,n,f,y,f,c,n,b,t,?,k,k,w,w,p,w,o,e,w,v,d
p,f,y,e,f,f,f,c,n,b,t,?,k,s,p,p,p,w,o,e,w,v,p
p,f,y,e,f,y,f,c,n,b,t,?,s,k,p,p,p,w,o,e,w,v,d
p,f,s,n,f,f,f,c,n,b,t,?,s,s,p,w,p,w,o,e,w,v,l
,x,s,e,f,f,f,c,n,b,t,?,s,k,w,p,p,w,o,e,w,v,l
p,x,s,n,f,s,f,c,n,b,t,?,s,k,w,w,,w,o,e,w,v,p
p,x,s,e,f,y,f,c,n,b,t,?,s,s,p,p,p,w,o,e,w,v,p
p,x,s,e,f,s,f,c,n,b,t,?,k,k,p,p,p,w,o,e,w,v,d
p,f,y,e,f,f,f,c,n,b,t,?,,s,p,w,p,w,o,e,w,v,l
p,x,s,e,f,y,f,c,n,b,t,?,k,k,p,w,p,w,o,e,w,v,p
p,k,s,e,f,y,f,c,n,b,t,?,k,s,p,w,p,w,o,e,w,v,l
p,x,y,e,f,f,f,c,n,b,t,?,s,s,w,,p,w,o,e,w,v,p
p,f,s,n,f,f,f,c,n,b,t,?,s,s,w,p,p,w,o,e,w,v,p
p,f,s,n,f,,f,c,n,b,t,?,s,k,p,p,p,w,o,e,w,v,l
p,x,s,n,f,f,f,c,n,b,t,?,s,s,w,p,p,w,o,e,w,v,d
p,k,y,e,f,y,f,c,n,b,t,?,s,k,w,w,p,w,o,e,w,v,p
p,x,s,e,f,y,f,c,n,b,t,?,k,k,p,w,p,w,o,e,w,v,l
p,f,y,n,f,s,f,c,n,b,t,?,s,s,p,w,p,w,o,e,w,v,d
p,f,y,e,f,??,f,c,n,b,t,?,k,s,w,w,p,w,o,e,w,v,d
p,f,y,n,f,s,f,c,n,b,t,?,s,s,p,,p,w,o,e,w,v,p
p,f,s,n,f,s,f,c,n,b,t,?,k,k,p,p,p,w,o,e,w,v,l
p,f,s,e,f,y,f,c,n,b,t,?,s,s,w,p,p,w,o,e,w,v,p
p,k,y,n,f,y,f,c,n,b,t,?,k,k,w,p,p,w,o,e,w,v,p
p,f,y,e,f,y,f,c,n,b,t,?,,k,w,w,p,w,o,e,w,v,l
p,f,s,e,f,s,f,c,n,b,t,?,s,s,p,w,p,w,o,e,w,v,p
p,f,s,n,f,f,f,c,n,b,t,?,s,s,w,w,p,w,o,e,w,v,d
p,x,s,n,f,y,f,c,n,b,t,?,s,s,w,p,p,w,o,e,w,v,l
p,f,y,n,f,s,f,c,n,b,t,?,k,s,p,w,p,w,o,e,w,v,d
p,f,y,e,f,s,f,c,n,b,t,?,k,k,w,w,p,w,o,e,w,v,d
p,x,y,e,f,s,f,,n,b,t,?,k,k,p,p,p,w,o,e,w,v,d
p,f,s,wrong,f,s,f,c,n,b,t,?,k,s,w,w,p,w,o,e,w,v,p
p,x,s,n,f,??,f,c,n,b,t,?,k,k,w,p,p,w,o,e,,v,l
p,f,s,n,f,y,f,c,n,b,t,?,k,k,p,p,p,w,o,e,w,v,p
,f,s,n,f,s,f,c,n,b,t,?,,k,w,w,p,w,o,e,w,v,l
p,f,s,e,f,y,f,c,n,b,t,?,s,s,p,p,p,w,o,e,w,v,p
e,x,s,g,f,n,f,w,b,p,e,?,s,k,w,w,p,w,t,p,w,n,g
p,k,y,n,f,y,f,c,n,b,t,?,k,k,p,w,p,w,o,e,w,v,p
p,x,y,e,f,s,f,c,n,b,t,?,k,s,w,w,p,w,o,,w,v,p
p,x,s,n,f,s,f,c,n,b,t,?,s,s,,w,p,w,o,e,w,v,p
p,x,s,n,f,s,f,c,n,b,t,?,s,s,w,p,p,w,o,e,w,v,d
p,f,y,wrong,f,s,f,c,n,b,t,?,k,k,p,w,p,w,o,e,w,v,l
p,k,y,n,f,f,f,c,n,,t,?,s,s,p,p,p,w,o,e,w,v,l
p,x,s,e,f,f,f,c,n,b,t,?,k,s,p,w,p,w,o,e,w,v,d
p,x,s,n,f,s,f,c,n,b,t,?,s,k,,w,p,w,o,e,w,v,d
p,k,y,n,f,y,f,c,n,b,t,?,k,s,p,p,p,w,o,e,w,v,d
p,x,y,e,f,f,f,c,n,b,t,?,k,k,p,w,p,w,o,e,w,v,l
p,,s,n,f,f,f,c,n,b,t,?,k,s,p,w,p,w,o,e,w,v,p
p,x,s,n,,f,f,c,n,b,t,?,s,k,w,w,p,w,o,,w,v,p
p,x,y,e,f,f,f,c,n,b,t,?,s,k,p,w,p,w,o,e,w,v,d
p,f,s,e,f,y,f,c,n,b,t,?,s,k,w,w,p,w,o,e,w,v,d
p,f,s,n,f,s,f,c,n,b,t,?,s,k,w,p,p,w,o,e,w,v,l
p,f,s,n,f,f,f,c,n,b,t,?,k,s,p,p,p,w,o,e,w,v,p
p,f,s,e,,y,f,c,n,b,t,?,k,s,p,w,p,w,o,e,w,v,p
p,x,y,e,f,s,f,c,n,b,t,?,k,s,w,p,p,w,o,e,w,v,l
p,x,s,e,f,f,f,c,n,b,t,?,k,s,p,p,p,w,o,e,w,v,l
p,f,s,n,f,s,f,c,n,b,t,?,s,s,p,w,,w,o,e,w,v,p
p,f,y,e,f,s,f,c,n,b,t,?,s,s,w,w,p,w,o,e,w,v,d
p,x,s,n,f,f,f,c,n,b,t,?,k,s,p,w,p,w,o,e,w,v,d
p,x,s,e,f,s,f,c,n,b,t,?,k,k,w,p,p,w,o,e,w,v,d
p,x,s,e,f,y,f,c,n,b,t,?,k,k,,w,p,w,o,e,w,v,l
p,f,s,e,f,f,f,c,n,,t,?,k,s,p,p,p,w,o,e,w,v,p
p,x,y,e,f,s,f,c,n,b,t,?,s,k,w,w,p,w,o,e,w,v,p
p,x,s,n,f,y,f,c,n,b,t,?,s,k,,w,p,w,o,e,w,v,d
p,x,s,e,f,s,f,c,n,b,t,?,s,k,w,p,p,w,o,e,w,v,l
p,x,s,wrong,f,y,f,c,n,b,t,?,s,k,w,p,p,w,o,e,w,v,l
p,x,s,n,f,y,f,c,n,b,t,?,s,k,w,p,p,w,o,e,w,v,d
p,x,s,n,f,s,f,c,n,b,t,?,k,s,p,w,p,w,o,e,w,v,l
p,f,s,e,f,y,f,c,n,b,t,?,s,s,p,p,p,w,o,e,w,v,d
p,f,y,e,f,f,f,c,n,b,t,?,k,s,w,w,p,w,o,e,w,v,d
p,x,s,n,f,s,f,c,n,b,t,?,k,,w,w,p,w,o,,w,v,d
p,x,s,e,f,f,f,c,n,b,t,?,k,k,p,p,p,w,o,,w,v,l
p,f,s,n,f,s,f,c,n,b,t,?,k,s,w,p,p,w,o,e,w,v,l
p,x,s,n,f,f,f,c,,b,t,?,s,k,p,w,p,w,o,e,w,v,d
p,f,s,,f,,f,c,n,b,t,?,k,,p,w,p,w,o,e,w,,d
p,k,y,n,f,y,f,c,n,b,t,?,s,k,w,p,p,w,o,e,w,v,p
p,x,s,n,f,y,f,c,n,b,t,?,s,k,p,p,p,w,o,e,w,v,l
p,f,y,n,f,y,f,c,n,b,t,?,k,s,w,p,p,w,o,e,w,v,p
p,k,y,n,f,y,f,c,n,b,,?,k,s,w,,p,w,o,e,w,v,p
p,f,s,e,f,s,f,c,n,b,t,?,k,s,w,w,p,w,o,e,w,v,d
p,f,s,n,f,f,f,c,n,b,t,?,k,k,p,w,p,w,o,e,w,v,p
p,x,s,e,f,y,f,,n,b,t,?,s,k,w,p,p,w,o,e,w,v,d
p,x,s,n,f,f,f,c,n,b,t,?,s,s,p,p,p,w,o,e,w,,l
p,f,,n,f,y,f,c,n,b,t,?,k,s,p,p,p,w,o,e,w,v,p
p,f,y,n,f,s,f,c,n,b,t,?,s,k,p,w,p,w,o,e,w,v,p
p,x,s,e,f,y,f,c,n,b,t,?,s,s,w,w,p,w,o,e,w,v,l
p,f,y,n,f,y,f,c,n,b,t,?,k,s,w,w,p,w,o,e,w,v,l
p,x,y,e,f,s,f,c,n,b,t,?,s,s,p,w,p,w,o,e,w,v,p
p,f,y,n,f,y,f,c,n,b,t,?,k,k,w,w,p,w,o,e,,v,l
p,f,y,e,f,s,f,c,n,b,t,?,k,s,w,w,p,w,o,e,w,v,p
p,x,y,e,f,f,f,c,n,b,t,?,k,s,p,w,p,w,o,e,w,v,l
,f,s,e,f,y,f,c,n,b,t,?,s,s,p,p,p,w,o,e,w,v,l
p,k,s,n,f,s,,c,n,b,t,?,s,k,w,w,p,w,o,e,w,v,d
p,x,y,e,f,f,f,c,n,b,t,?,s,s,p,w,p,w,o,e,w,v,p
p,x,s,n,f,f,f,c,n,b,t,?,k,s,p,p,p,,o,e,w,v,l
p,f,s,e,f,s,f,c,n,b,t,?,k,s,p,w,p,w,o,e,w,v,p
p,f,s,e,f,y,f,c,n,b,t,?,s,s,w,w,p,w,o,e,w,v,p
e,b,f,g,f,n,f,w,b,p,e,,s,k,w,w,p,w,t,p,w,s,g
p,x,s,n,f,??,f,c,n,b,t,?,k,s,w,w,p,w,o,e,w,v,p
p,,s,n,f,s,f,c,n,b,t,?,k,s,w,p,p,w,o,e,w,v,p
e,b,s,n,f,n,a,c,b,o,e,?,s,s,o,o,p,n,o,p,y,v,l
p,f,s,n,f,y,f,c,Z,b,t,?,s,s,p,p,p,w,o,e,w,XXX,d
p,f,y,n,f,s,f,c,n,b,t,?,k,k,p,w,p,w,o,e,w,v,d
p,x,y,wrong,f,s,f,c,n,b,t,?,s,k,w,p,p,w,o,e,w,v,d
p,x,s,e,f,s,f,c,n,b,t,?,k,s,p,p,p,w,o,e,w,v,d
p,k,y,c,f,m,a,c,b,w,e,c,k,y,c,c,p,w,n,n,,c,d
p,x,s,e,f,s,f,c,n,b,t,?,s,s,w,w,p,w,o,e,w,v,l
p,f,s,n,f,s,f,c,n,b,t,?,k,,w,p,p,w,o,e,w,v,p
p,x,s,n,f,y,f,c,n,b,,?,k,k,p,p,p,w,o,e,w,v,l
p,x,y,e,f,s,f,c,n,b,t,?,s,k,w,w,p,w,o,e,w,v,d
p,x,s,e,f,f,f,c,n,b,t,?,k,k,p,w,p,w,o,e,w,v,d
p,f,s,e,f,f,f,c,n,b,t,?,s,s,p,w,p,w,o,e,w,v,l
p,,s,n,f,f,f,c,n,b,t,?,s,k,p,w,p,w,o,e,w,v,d
p,f,s,n,f,s,f,c,n,b,t,?,k,k,w,w,,w,o,e,w,v,d
p,f,y,e,f,y,f,c,n,b,t,?,k,s,p,p,p,w,o,e,w,v,p
p,x,s,e,f,y,f,c,n,b,t,?,s,k,p,p,p,w,o,e,w,v,l
p,f,y,e,f,s,f,c,n,b,t,?,s,k,w,p,p,w,o,e,w,v,d
p,f,y,n,f,y,f,c,n,b,t,?,s,k,,w,p,w,o,e,w,v,l
p,x,y,e,f,f,f,c,n,b,t,?,k,k,w,w,p,w,o,e,w,v,l
p,f,y,e,f,s,f,c,n,b,t,?,k,s,p,p,p,w,o,e,w,v,p
p,f,s,e,f,??,f,c,n,b,t,?,k,k,w,w,p,w,o,e,w,v,l
p,f,s,e,f,f,f,c,n,b,t,?,k,s,p,w,p,w,o,e,w,v,p
p,x,s,e,f,y,f,c,n,b,t,?,k,k,w,w,p,w,o,e,w,v,p
p,x,s,e,f,f,f,c,n,b,t,?,k,k,p,p,p,w,o,e,w,v,d
p,k,y,e,f,s,f,c,n,,t,?,s,s,w,w,p,w,o,e,w,v,p
p,x,y,e,f,f,f,c,n,b,t,?,s,s,w,w,p,w,o,e,w,v,l
p,x,s,e,f,y,f,c,n,b,t,?,s,s,p,w,p,w,o,e,w,v,d
p,x,s,n,f,y,f,c,n,b,t,?,k,k,p,w,p,w,o,e,w,v,d
p,x,s,n,f,s,f,c,n,b,t,?,s,s,w,w,p,w,o,e,w,v,l
p,f,,n,f,y,f,,n,b,t,,s,k,p,w,p,w,o,e,w,v,d
p,f,y,n,f,s,f,c,n,,,?,k,k,w,p,p,w,o,e,w,v,p
p,x,s,e,f,s,f,c,n,b,t,?,s,k,w,p,p,w,o,e,w,v,d
p,k,s,n,f,f,f,c,n,b,t,?,s,k,p,w,p,w,o,e,w,v,p
p,f,s,n,f,y,f,c,n,b,t,?,s,s,w,w,p,w,o,e,w,v,d
p,f,y,n,f,f,f,c,n,b,t,?,k,k,w,w,p,w,o,e,w,v,d
,f,y,e,f,y,f,c,n,b,t,?,s,k,p,p,p,w,o,e,w,v,p
p,f,y,e,f,s,f,c,n,b,t,?,s,k,p,p,p,w,o,e,w,v,l
p,f,y,n,f,f,f,c,n,b,t,?,k,s,p,w,p,w,o,,w,v,d
p,x,s,e,f,y,f,c,n,b,t,?,k,s,w,p,p,w,o,e,w,v,l
p,f,y,n,f,s,f,c,n,b,t,?,s,k,w,w,p,w,o,e,w,v,d
p,f,s,n,f,s,f,,n,b,t,?,k,s,w,w,p,w,o,e,w,v,d
p,f,s,e,f,f,f,c,n,b,t,?,s,k,p,p,p,w,o,e,w,v,p
p,x,s,n,,y,f,c,,b,t,?,s,s,p,p,p,,o,e,w,v,d
p,f,y,e,f,f,f,c,n,b,t,?,s,s,w,w,p,w,o,e,w,v,d
p,k,y,n,f,y,f,c,n,b,t,?,k,k,p,w,p,w,o,e,w,v,l
p,f,s,n,f,y,f,,n,b,t,,k,s,w,w,p,w,o,e,w,v,p
p,f,y,n,f,f,f,c,n,b,t,?,s,k,p,w,p,w,o,e,w,v,p
p,f,,e,f,y,f,c,n,b,t,?,k,k,p,p,p,w,o,e,w,v,l
p,x,s,n,f,f,f,c,n,b,t,?,s,k,w,w,p,w,o,e,w,v,l
p,f,s,e,f,f,f,c,n,b,t,?,s,k,p,w,p,w,o,e,w,v,p
p,x,s,e,f,,f,c,n,b,,?,s,k,w,w,p,w,,e,w,v,d
p,f,y,e,f,s,f,c,n,b,t,?,s,s,p,w,p,w,o,e,w,v,d
p,x,s,e,f,y,f,c,n,b,t,?,k,,p,p,p,w,o,e,w,v,p
p,f,s,e,f,s,f,c,Z,b,t,?,s,k,w,p,p,w,o,e,w,XXX,p
p,f,s,n,f,f,f,c,n,b,t,?,k,s,w,p,p,w,o,e,w,v,p
p,x,s,n,f,y,f,c,,b,t,?,s,k,p,w,p,w,o,,w,v,p
p,x,s,e,f,s,f,c,n,b,t,?,s,s,p,p,p,,o,e,w,v,d
p,f,s,e,f,s,f,c,n,b,t,?,s,k,w,w,p,w,o,e,w,v,d
p,x,s,e,f,f,f,c,n,b,t,?,s,,p,w,p,w,o,e,w,v,l
p,x,s,n,f,s,f,c,n,b,t,?,k,s,w,w,p,w,o,e,w,v,l
p,f,s,e,f,f,f,c,n,b,t,?,k,k,p,p,p,w,o,e,w,v,d
p,x,y,e,f,s,f,c,n,b,t,?,s,k,w,p,p,w,o,e,w,v,
p,x,s,n,f,y,f,c,n,b,t,?,s,k,p,p,p,w,o,e,w,v,p
p,x,y,e,f,s,f,c,n,b,t,?,s,s,w,p,p,w,o,e,w,v,p
p,f,s,e,f,y,f,c,n,b,t,?,k,k,w,w,p,w,o,e,w,v,l
p,x,s,e,f,s,f,c,n,b,t,?,k,s,w,p,p,w,o,e,w,v,d
,f,y,n,f,f,f,c,n,b,t,?,s,s,p,w,p,w,o,e,w,v,l
p,x,s,e,f,f,f,c,n,b,t,?,k,s,w,w,p,w,o,e,w,v,l
p,x,s,n,f,s,f,c,n,b,t,?,k,s,w,p,p,w,o,e,w,v,l
p,f,s,e,f,y,f,c,n,b,t,?,k,s,w,w,p,w,o,e,w,v,d
p,x,s,e,f,s,f,c,n,b,t,?,s,k,p,p,p,w,o,e,w,v,d
p,f,s,n,f,y,f,c,n,b,t,?,k,k,w,p,p,w,o,e,w,v,
p,x,y,e,f,s,f,c,n,b,t,?,k,k,w,p,p,w,o,e,w,v,p
p,f,y,e,f,y,f,c,n,b,t,?,k,k,p,p,p,w,o,e,w,v,
p,x,y,e,f,s,,c,n,b,t,?,k,k,p,w,p,w,o,e,w,v,p
p,k,y,n,f,y,f,c,n,b,t,?,,k,w,w,p,w,o,e,w,v,l
p,f,y,n,f,y,f,c,n,b,t,?,s,s,,w,p,w,o,e,w,v,l
p,,y,,f,f,f,c,n,b,t,?,s,s,p,p,p,w,o,e,w,v,l
,f,s,n,f,y,f,c,n,b,t,?,s,s,w,w,p,w,o,e,w,v,p
p,x,s,e,f,s,f,c,Z,b,t,?,k,k,p,w,p,w,o,e,w,XXX,d
p,f,s,e,f,y,f,c,n,b,t,?,k,s,p,p,p,w,o,e,,v,d
e,x,f,g,f,n,f,w,b,g,e,?,k,,w,w,p,w,t,p,w,s,g
p,x,s,e,f,y,f,c,n,b,t,?,s,k,w,w,p,w,o,e,w,v,p
p,f,s,n,f,f,f,c,n,b,t,?,s,k,p,p,p,w,o,e,w,v,l
p,f,s,n,f,s,f,c,n,b,t,?,s,s,p,p,p,w,o,e,w,v,p
p,x,s,e,f,f,f,c,n,b,t,?,s,k,w,w,p,w,o,e,w,v,l
p,x,s,e,f,y,f,c,n,b,t,?,k,s,w,w,p,w,o,e,w,v,l
p,x,s,e,f,s,f,c,n,b,t,?,k,s,w,w,p,w,o,e,w,v,l
p,f,y,e,f,y,f,c,n,b,t,?,k,s,w,w,p,w,o,e,w,v,d
e,b,f,g,f,n,f,w,b,w,e,?,s,s,w,w,p,w,t,p,w,s,g
p,f,y,n,f,s,f,c,n,b,t,?,k,s,w,p,p,w,o,e,w,v,d
p,f,y,e,f,f,f,c,n,b,t,?,s,k,p,p,p,w,o,e,w,v,d
p,f,y,n,f,s,f,c,n,b,t,?,s,s,p,p,p,w,o,e,w,v,d
p,f,s,n,f,f,f,c,n,b,t,?,s,k,p,w,p,w,o,e,w,v,l
p,f,y,n,f,f,f,,n,b,t,?,s,k,w,p,p,w,o,e,w,v,d
p,x,y,e,f,s,f,c,n,b,t,?,k,s,p,w,p,w,o,e,w,v,d
p,f,y,n,f,s,f,c,n,b,t,?,s,s,w,w,p,w,o,e,w,v,l
p,x,s,n,f,y,f,c,n,b,t,?,s,k,p,p,p,w,o,e,w,v,d
p,f,y,e,f,f,f,c,n,,t,?,s,s,p,w,p,w,o,e,w,v,d
e,k,f,g,f,n,f,w,b,p,e,?,k,s,w,w,p,w,t,p,w,s,g
e,b,s,n,f,n,a,c,b,y,e,?,s,s,o,o,p,n,o,p,o,c,l
p,f,,n,f,s,f,c,n,b,t,?,s,s,w,w,p,w,o,e,w,v,l
p,x,s,n,f,s,f,c,n,b,t,?,s,s,p,w,p,w,o,e,w,v,p
p,f,y,n,f,s,f,c,n,b,t,?,s,s,p,p,p,w,o,e,w,v,l
p,f,s,e,f,s,f,c,n,b,t,?,k,s,w,w,p,w,o,e,w,v,l
p,f,y,n,f,y,f,c,n,b,t,?,s,s,p,w,p,w,o,e,w,v,l
p,f,s,n,f,f,f,c,n,b,t,?,s,s,p,p,p,w,o,e,w,v,d
p,f,y,e,f,y,f,c,n,b,t,?,s,,p,p,p,w,o,e,w,v,p
p,f,y,e,f,??,,c,n,b,t,?,k,k,p,w,p,w,o,e,w,v,
p,f,s,n,f,s,f,c,n,b,t,,k,k,w,p,p,w,o,e,w,v,l
p,x,s,e,f,y,f,c,n,b,t,?,s,k,w,w,p,w,o,e,w,v,d
e,x,f,w,f,n,f,w,b,g,e,?,s,k,w,w,p,w,,p,w,n,g
p,f,s,n,f,f,f,c,n,b,t,?,s,s,p,p,p,w,o,e,w,v,p
p,x,s,e,f,y,f,c,n,b,,?,k,s,p,w,p,w,o,e,w,v,l
p,x,s,n,f,y,f,c,n,b,t,?,k,s,p,p,p,w,o,,w,v,d
p,x,s,n,f,y,f,c,n,b,t,?,k,s,p,p,p,w,o,e,w,v,l
p,x,s,n,f,f,f,c,n,b,t,?,k,k,p,w,p,w,o,e,w,v,d
p,k,y,n,f,y,f,c,n,b,t,?,k,k,p,w,p,w,o,e,w,v,d
p,f,s,n,f,y,f,c,n,b,,?,k,k,w,p,p,w,,e,w,v,p
p,x,y,e,f,y,f,c,n,b,t,?,s,s,w,p,p,w,o,e,w,v,p
p,f,s,n,f,y,f,c,n,b,,?,s,s,p,w,p,w,o,e,w,v,p
p,,s,n,f,f,f,c,n,b,t,?,s,k,w,w,p,w,o,e,w,v,d
p,x,s,n,f,s,f,c,n,b,t,?,s,k,w,w,p,w,o,e,w,v,l
p,x,s,n,f,f,f,c,n,b,t,?,s,s,p,w,p,w,o,e,w,v,d
p,x,y,e,f,s,f,c,n,b,t,?,s,s,w,w,p,w,o,e,w,v,l
p,f,s,e,f,f,f,c,n,,t,?,s,s,w,p,p,w,o,e,w,v,d
p,f,s,e,f,s,f,c,n,b,t,?,k,k,w,p,p,w,o,e,w,v,l
p,f,y,n,f,f,f,c,n,b,t,?,s,k,w,p,p,w,o,,,v,p
p,x,s,e,f,s,f,c,n,b,t,?,s,k,p,p,p,w,o,e,w,v,l
p,f,s,e,f,s,f,c,n,b,t,,s,s,w,p,p,w,o,e,w,v,l
p,f,y,e,f,s,f,c,n,b,t,?,s,s,p,p,p,w,o,e,w,v,d
p,f,y,e,f,y,f,c,n,b,t,?,k,k,p,w,p,w,o,e,w,v,l
p,x,y,e,f,s,f,c,n,b,t,?,k,k,w,w,p,w,o,e,w,v,l
p,f,y,n,f,f,f,c,n,b,t,?,k,k,w,w,p,w,o,e,w,v,l
p,f,s,n,f,f,f,c,n,b,t,?,s,s,w,w,p,w,o,e,w,v,l
p,f,s,n,f,y,f,c,n,b,t,?,k,s,p,p,p,w,o,e,w,v,p
p,k,y,e,,f,f,c,n,b,t,?,k,k,w,w,p,w,o,e,w,v,l
p,f,s,e,f,y,f,c,n,b,t,?,s,s,w,w,p,w,o,e,w,v,l
p,x,s,e,f,s,f,c,n,b,t,?,k,s,p,p,p,w,o,e,w,v,p
p,x,y,e,f,y,f,c,n,b,t,?,s,k,w,w,p,w,o,e,w,v,p
p,f,y,e,f,f,f,c,n,b,t,?,s,k,w,w,p,w,o,e,w,v,l
p,x,y,e,f,s,f,c,n,b,t,?,k,k,w,w,p,w,o,e,w,v,d
p,f,y,e,f,f,f,c,n,b,t,?,,s,w,p,p,w,o,e,w,v,l
p,f,y,n,f,y,f,c,n,b,t,?,k,k,p,p,p,w,o,e,w,v,d
p,f,y,e,f,y,f,c,n,b,t,?,s,,p,p,p,w,o,e,w,v,l
p,x,y,e,f,s,f,c,n,b,t,?,s,s,w,w,p,w,o,e,w,v,p
p,x,s,wrong,f,y,f,,n,b,t,,s,k,p,w,p,w,o,e,w,v,d
p,f,s,e,f,f,f,c,n,b,t,?,k,s,p,w,p,w,o,e,w,,l
p,f,s,e,f,f,f,c,n,b,t,?,k,k,p,w,p,w,o,e,w,v,p
p,x,s,e,f,f,f,c,n,b,t,?,s,s,w,w,p,w,o,e,w,v,p
p,f,s,e,f,y,f,c,n,b,t,?,k,k,w,w,p,w,o,e,w,v,p
p,f,s,e,f,s,f,c,,b,t,?,s,s,w,w,p,,o,e,w,v,p
p,f,s,n,f,y,f,c,n,b,t,?,k,k,p,w,p,w,o,e,w,v,l
p,f,y,e,f,f,f,c,n,b,t,?,k,k,p,p,p,w,o,e,w,v,d
p,f,y,n,f,s,f,c,n,b,t,?,k,k,p,w,p,w,o,e,w,v,p
p,k,s,e,f,f,f,c,n,b,t,?,k,k,w,p,p,w,o,e,w,v,l
p,f,s,n,f,,f,c,n,b,t,?,k,k,p,w,p,w,o,e,w,v,d
p,f,y,,f,y,f,c,n,b,t,?,s,s,p,p,p,w,o,e,w,v,p
p,f,s,e,f,s,f,c,n,b,t,?,k,s,p,p,p,w,o,e,w,v,l
,f,y,e,f,y,f,,n,b,t,?,s,s,w,p,p,w,o,e,w,v,l
p,x,s,n,f,y,f,c,n,b,t,?,s,s,p,p,p,w,o,e,w,v,p
p,k,y,n,f,y,f,c,n,b,t,?,k,k,p,p,p,w,o,e,w,v,
p,x,y,e,f,s,f,c,n,b,t,?,k,k,w,p,p,w,o,e,w,v,
p,x,s,e,f,f,f,c,n,,t,?,,s,w,p,p,w,o,e,w,v,l
e,x,s,g,f,n,f,w,b,w,e,,k,s,w,w,p,w,t,p,w,n,g
p,k,y,n,f,y,f,c,n,b,t,?,k,s,p,w,p,w,o,e,w,v,d
p,x,s,n,,y,f,c,n,b,t,?,k,s,w,p,p,w,o,e,w,v,p
p,f,s,n,f,s,f,c,n,b,t,?,s,k,w,p,p,w,o,e,w,v,p
p,f,s,,f,s,f,c,n,b,t,?,s,s,w,p,p,w,o,e,w,v,p
p,x,s,e,f,s,f,c,n,b,t,?,k,k,w,w,p,w,o,e,w,v,p
p,f,s,e,f,f,f,c,n,b,t,,s,k,p,w,p,w,o,e,w,v,l
p,f,y,e,f,f,f,c,n,b,t,?,k,k,w,w,p,w,o,e,w,v,l
p,f,y,e,f,f,f,c,n,b,t,?,k,k,w,p,p,w,o,e,w,v,p
p,f,s,n,f,f,f,c,n,b,t,?,k,s,w,w,p,w,o,e,w,v,l
p,f,s,e,f,f,f,c,n,b,t,?,s,s,p,w,p,w,o,e,w,v,p
p,,s,n,f,f,f,c,n,b,t,?,k,s,w,p,p,w,o,e,w,v,p
p,f,s,e,f,f,f,c,n,b,t,?,k,k,p,p,p,w,o,e,w,v,
p,x,s,e,f,s,f,,n,b,t,?,s,s,w,w,p,w,o,e,w,v,p
,f,s,e,f,y,f,c,n,b,t,?,s,s,w,p,p,w,o,e,w,v,d
p,f,y,e,f,f,f,c,n,b,t,?,,s,w,w,p,w,o,e,w,v,p
p,k,y,e,f,s,f,c,n,b,t,?,s,s,p,w,p,w,o,e,w,v,p
p,f,s,n,f,s,f,c,n,b,t,?,s,s,w,w,p,w,o,,w,v,p
p,k,y,e,f,s,f,c,n,b,t,?,k,s,w,w,p,w,o,e,w,v,d
p,f,s,e,f,y,f,c,n,b,t,?,k,k,p,w,p,w,o,e,w,v,l
p,f,y,e,f,s,f,c,n,b,t,?,s,k,w,w,p,w,o,e,w,v,l
p,f,s,e,f,f,f,c,n,b,t,?,k,k,p,w,p,w,o,,w,v,l
e,b,s,n,f,n,a,c,b,n,e,?,s,s,o,o,p,o,o,p,o,c,l
p,x,s,n,f,f,f,c,n,b,t,?,s,k,w,w,p,w,o,e,w,v,d
p,f,y,wrong,f,s,f,c,n,b,t,?,k,s,p,w,p,w,o,e,w,v,l
p,f,y,n,f,s,f,c,n,,t,?,k,k,w,p,p,w,o,e,w,v,d
p,f,s,e,f,f,f,c,n,b,t,?,k,k,p,w,p,w,o,e,w,v,d
p,f,y,n,f,f,f,c,n,b,t,?,k,k,w,w,p,w,o,,w,v,p
p,k,y,n,f,m,f,c,b,w,e,c,k,y,c,c,p,w,n,n,w,c,d
p,x,s,e,f,f,f,c,n,b,t,?,k,k,w,w,p,w,o,e,w,v,p
p,f,s,e,f,s,f,c,n,b,t,?,k,k,w,w,p,w,o,e,w,v,l
p,k,y,n,f,y,f,c,n,b,t,?,k,s,w,p,p,w,o,e,w,v,d
p,f,s,e,,f,f,c,n,b,t,?,s,s,w,p,p,w,o,e,w,v,p
e,k,s,w,f,n,f,w,b,g,e,?,k,k,w,w,p,w,t,p,w,s,g
p,f,y,n,f,y,f,c,n,b,t,?,k,s,p,p,p,w,o,e,w,v,l
p,f,y,,f,y,f,c,n,b,t,?,s,k,p,w,p,w,o,e,w,v,d
p,f,y,n,f,y,f,c,n,b,t,?,s,s,p,w,p,w,o,e,w,v,p
p,f,s,,f,s,f,c,n,b,t,?,k,k,w,p,p,w,o,e,w,v,d
p,f,s,n,f,y,f,c,n,b,t,?,s,s,w,w,p,,,e,w,v,l
p,f,y,e,f,y,f,c,n,b,t,?,k,k,p,w,p,w,,e,w,v,p
p,x,s,e,f,f,f,c,n,b,t,?,k,s,w,p,p,w,o,e,w,v,d
p,f,y,n,f,f,f,c,n,b,t,?,k,s,p,p,p,w,o,e,w,v,p
p,x,s,n,f,f,f,c,n,b,t,?,s,k,p,p,p,w,o,e,w,v,p
p,x,s,e,f,f,f,c,n,b,t,?,s,k,p,p,p,w,o,e,w,v,l
p,x,s,e,f,y,f,c,n,b,t,?,s,k,w,w,p,w,o,e,w,v,l
p,f,y,e,f,y,f,c,n,b,t,?,k,k,w,p,p,w,o,e,w,v,d
p,x,s,n,f,y,f,c,n,b,t,?,k,s,p,w,p,w,o,e,w,v,d
p,x,s,e,f,s,f,c,n,b,t,?,s,s,w,p,p,w,o,e,,v,p
p,f,s,n,f,f,f,c,n,b,t,?,k,s,,w,p,w,o,e,w,v,l
p,x,s,n,f,y,f,c,n,b,t,?,k,k,p,w,p,w,o,e,w,v,l
p,f,y,wrong,f,y,f,c,n,b,t,?,k,s,w,p,p,w,o,e,w,v,d
p,x,,n,f,f,f,c,n,b,t,?,k,k,w,p,p,w,o,e,w,v,d
p,f,y,e,f,f,f,c,n,b,t,?,k,k,p,p,p,w,o,e,w,v,l
p,f,s,e,f,f,f,c,n,b,t,?,k,s,w,w,p,w,o,e,w,v,p
p,f,y,n,f,f,f,c,n,b,t,?,k,k,p,p,p,w,o,e,,v,l
p,f,y,n,f,y,f,c,n,b,t,?,s,s,w,w,p,w,o,e,w,v,d
p,x,y,e,f,f,f,c,n,b,t,?,k,k,p,w,p,w,o,e,w,v,d
e,k,f,g,f,n,f,w,b,w,e,?,k,k,w,w,p,w,t,p,w,n,g
p,x,s,e,f,y,f,c,n,b,t,?,s,k,p,p,p,w,o,e,w,v,d
p,k,y,n,f,y,f,c,n,b,t,?,s,k,p,p,p,w,o,e,w,v,d
p,k,y,n,f,,f,c,n,b,t,?,s,k,w,,p,w,o,e,w,v,d
p,x,y,e,f,s,f,c,n,b,t,?,s,s,p,p,p,w,o,e,w,v,p
p,f,s,e,f,f,f,c,n,b,t,?,k,s,w,p,p,w,o,e,w,v,l
p,f,s,n,f,s,f,c,n,b,t,?,k,s,p,p,p,w,o,e,w,v,l
p,f,s,e,f,s,f,c,n,b,t,?,s,k,w,w,p,w,o,e,w,v,p
p,x,s,e,f,f,f,c,n,b,t,?,k,s,w,w,p,w,o,e,w,,p
p,f,s,n,f,s,f,c,n,b,t,?,s,s,p,w,p,,o,e,w,v,d
p,f,y,e,f,s,f,c,n,b,t,?,s,k,p,p,p,w,o,e,w,v,p
p,x,s,n,,s,f,c,n,b,t,?,s,k,p,w,p,w,o,e,w,v,l
p,x,y,e,f,,f,c,n,b,t,?,s,k,p,p,p,w,o,e,w,v,p
p,f,s,e,f,y,f,c,n,b,t,?,k,s,p,p,p,w,o,,w,v,p
p,x,s,n,f,y,f,c,n,b,,?,k,k,p,p,p,w,o,e,w,v,d
p,f,s,n,f,f,f,,n,b,t,?,k,s,p,w,p,w,o,e,w,v,p
e,x,s,n,f,n,a,c,b,n,e,?,s,s,o,o,p,o,o,p,y,v,l
p,k,s,n,f,y,f,c,,b,t,?,k,k,w,p,p,w,o,e,w,v,p
p,f,s,n,f,y,f,c,n,b,t,?,s,s,p,w,p,w,o,e,w,v,l
p,k,y,e,f,f,f,c,n,b,t,?,k,s,w,w,p,w,o,e,w,v,p
e,x,y,c,t,n,f,c,b,,e,b,s,s,w,w,p,w,t,p,w,y,p
e,b,s,n,f,n,a,c,b,n,e,?,s,s,o,o,p,n,o,p,y,c,l
e,k,s,g,f,n,f,w,b,w,e,?,s,k,w,w,p,w,t,p,w,n,g
e,x,f,g,f,n,f,,b,g,e,?,s,k,w,w,p,w,t,p,w,s,g
p,x,s,n,,s,f,c,n,b,t,?,s,k,w,p,p,w,o,e,w,v,d
p,k,y,e,f,f,f,c,n,b,t,?,s,s,w,w,p,w,o,e,w,v,p
e,x,s,n,f,n,a,c,b,o,e,?,s,s,o,o,p,n,o,p,o,c,l
p,k,s,e,f,s,f,c,n,b,t,?,k,k,w,w,p,w,o,e,w,v,d
p,b,y,y,f,n,f,w,n,y,e,c,y,y,y,y,p,y,o,e,w,c,l
p,x,s,e,f,f,f,c,n,b,t,?,k,s,w,w,p,w,o,e,w,v,d
e,b,s,g,,n,f,w,b,g,e,?,k,k,w,w,p,w,t,p,w,n,g
p,k,y,e,f,f,f,c,n,b,t,?,s,k,w,p,p,w,o,e,w,v,p
p,k,s,e,f,s,f,c,n,b,t,?,s,k,p,p,p,w,o,e,w,v,p
p,f,s,e,f,s,f,c,n,b,t,?,k,k,w,w,p,w,o,e,w,v,d
p,f,y,n,f,y,f,c,n,b,t,?,k,s,,w,p,w,o,e,w,v,p
p,f,s,e,f,s,f,c,n,b,t,,k,k,w,p,p,w,o,e,w,v,d
e,k,f,g,f,n,f,w,b,w,e,?,s,k,w,w,p,w,t,p,w,s,g
p,k,s,n,f,s,f,c,n,b,t,?,s,s,w,w,p,w,o,e,w,v,p
p,k,s,e,f,,f,c,,b,t,?,k,s,p,p,,w,o,e,w,v,d
p,f,s,e,f,f,f,c,n,b,t,?,k,s,w,w,p,w,o,e,w,v,l
e,b,f,g,f,n,f,w,b,p,e,?,k,k,w,w,p,,t,p,w,n,g
p,f,y,n,f,s,f,c,n,b,t,?,k,k,w,w,p,w,o,e,w,v,
p,f,s,n,f,y,f,c,n,b,t,?,s,,w,p,p,w,o,e,w,v,p
e,f,s,n,f,n,a,c,b,o,e,?,s,s,o,o,p,n,o,p,n,c,l
e,x,y,p,t,n,f,c,b,w,e,b,s,s,w,w,p,w,t,p,w,y,p
,f,s,n,f,,f,c,n,b,t,?,k,k,w,p,p,w,o,e,w,v,d
p,k,y,e,f,y,f,c,n,b,t,?,k,k,w,p,p,w,o,e,w,v,l
p,f,s,n,f,s,f,c,n,b,t,?,s,s,w,p,p,w,o,e,w,v,l
e,b,s,w,f,n,f,w,b,w,e,?,s,k,w,w,p,w,t,p,w,n,g
p,x,y,e,f,f,f,c,n,b,t,?,k,k,p,w,p,w,o,e,w,v,p
p,f,y,e,f,y,f,c,n,b,t,?,k,s,p,p,p,w,o,e,w,v,l
p,f,s,e,f,y,f,c,n,b,t,?,k,s,w,p,p,w,,e,w,v,l
p,k,,n,f,f,f,c,n,b,t,?,s,s,p,w,p,w,o,e,w,v,d
e,x,f,w,f,??,f,w,b,p,e,?,s,s,w,w,p,w,t,p,w,s,g
e,b,s,w,f,n,f,w,b,p,e,?,s,s,w,w,p,w,t,p,w,n,g
p,,s,e,f,y,f,c,n,b,t,?,k,k,,w,p,w,,e,w,v,l
p,f,y,n,f,y,f,c,n,b,t,?,s,k,w,w,p,,o,e,w,v,l
e,f,y,n,t,n,f,c,b,w,e,b,s,s,w,w,p,w,t,p,w,v,p
p,k,s,n,f,s,f,c,n,b,t,?,s,s,p,p,p,w,o,e,w,,d
p,k,s,n,f,y,f,c,n,b,t,?,s,k,w,p,p,w,o,e,w,v,l
p,f,y,n,f,s,f,c,n,b,t,?,s,k,w,p,p,w,,e,w,v,l
p,f,y,,f,m,a,c,b,w,e,c,k,y,c,c,p,w,n,n,w,c,d
p,x,s,e,f,f,f,c,n,b,t,?,s,k,w,p,p,w,o,e,w,v,
p,k,y,e,f,s,f,c,n,b,t,?,s,s,p,p,p,w,o,e,w,v,p
p,x,s,n,f,s,f,c,n,b,t,?,s,k,p,p,p,w,o,e,w,v,l
p,k,s,e,f,f,f,c,n,b,t,?,k,k,w,w,p,w,o,e,w,v,l
p,k,y,n,f,f,f,c,n,b,t,?,s,k,w,p,p,w,o,e,w,v,l
p,f,y,e,f,f,f,c,n,b,t,?,s,s,w,w,p,w,o,e,w,v,p
e,x,f,w,f,n,f,,b,w,e,?,s,s,w,w,p,w,t,p,w,s,g
p,k,s,n,f,s,f,c,n,b,t,?,k,s,w,w,p,w,,e,w,v,d
p,f,s,n,f,f,f,c,n,b,t,?,,k,p,p,p,w,o,e,w,v,p
p,k,s,e,f,y,f,c,n,b,t,?,s,k,p,p,p,w,o,e,w,v,d
p,k,s,e,f,s,f,c,n,b,t,?,k,k,w,w,p,w,o,e,w,v,l
p,k,y,n,f,s,f,c,n,b,t,?,s,s,p,p,p,w,o,e,w,v,l
e,k,f,w,f,n,f,w,b,g,e,?,s,s,w,w,p,w,t,p,w,s,g
p,k,s,n,f,f,f,c,n,b,t,?,s,s,p,p,p,w,o,e,w,v,p
p,k,y,n,f,s,f,c,n,b,t,?,k,s,p,p,p,w,o,e,w,v,l
p,k,s,n,f,s,f,c,n,b,t,?,k,k,w,w,p,w,o,e,w,v,l
p,k,s,e,f,s,f,c,n,b,t,?,s,s,w,w,p,w,o,e,w,v,d
p,x,s,n,f,y,f,c,n,b,t,?,k,k,w,,p,w,o,e,w,v,l
p,x,y,e,f,s,f,c,n,b,t,?,s,s,p,p,p,w,o,e,w,v,l
p,f,s,e,f,y,f,c,n,b,t,?,k,k,,w,p,w,o,e,w,v,p
p,k,y,n,f,f,f,c,n,b,t,?,s,s,p,p,p,w,o,e,w,v,d
e,b,s,n,f,n,f,c,b,w,e,b,y,y,,n,p,w,t,p,w,y,d
p,f,s,n,f,f,f,c,n,b,t,?,s,s,p,w,p,w,o,e,w,v,p
p,k,y,e,f,f,f,c,n,b,t,?,k,k,p,w,p,w,o,e,w,v,d
e,x,s,n,f,n,f,c,b,w,e,b,y,y,n,n,p,w,t,p,w,y,d
p,f,s,n,f,f,f,c,n,b,t,?,k,k,w,p,p,w,o,e,w,v,d
p,k,s,,f,y,f,c,n,b,t,?,s,s,w,w,p,w,o,e,w,v,l
p,f,y,n,f,s,f,c,n,b,t,?,k,k,w,w,p,w,o,e,w,v,p
p,x,s,n,f,s,f,c,n,b,t,?,s,s,p,p,p,w,o,e,w,v,p
e,k,f,w,f,n,f,w,b,w,e,?,s,s,w,w,p,w,t,p,w,s,g
p,f,,wrong,f,f,f,c,n,b,t,?,k,k,w,w,p,w,o,e,w,v,d
p,x,s,,f,y,f,c,n,b,t,?,s,k,p,w,p,w,o,,w,,p
p,x,s,n,f,f,f,c,n,b,t,?,k,s,w,w,p,w,o,e,w,v,l
p,f,s,n,f,f,f,c,n,b,t,?,k,s,w,w,p,w,o,e,w,v,p
p,k,s,n,f,y,f,c,n,b,t,?,k,k,w,w,p,w,o,,,v,
p,k,s,e,f,f,f,c,n,b,t,?,,s,w,w,p,w,o,e,w,v,p
p,k,s,e,f,s,f,c,n,b,t,?,k,s,p,w,p,w,o,e,,v,l
p,x,s,e,f,f,f,c,n,b,t,?,k,k,w,p,p,w,o,e,w,v,d
e,b,s,n,f,n,f,c,b,w,e,b,y,y,n,n,p,w,t,p,w,y,p
p,k,s,e,f,y,,c,n,b,t,?,k,s,p,w,p,w,o,e,w,v,p
p,x,s,n,f,f,f,c,n,b,t,?,s,s,w,w,p,w,o,e,w,v,p
p,x,y,e,f,f,f,c,n,b,t,?,k,k,w,w,p,w,o,e,w,v,p
,f,s,e,f,s,f,c,n,b,t,?,s,s,p,p,p,w,o,e,w,v,l
e,b,s,n,f,n,a,c,b,n,e,?,s,s,o,o,p,n,o,p,n,c,l
e,k,s,g,,n,f,w,b,p,e,?,k,k,w,w,p,w,t,p,w,n,g
p,k,y,e,f,m,f,c,b,y,e,c,k,y,c,c,p,w,n,n,w,c,d
p,k,y,e,f,y,f,c,n,b,t,?,k,s,w,p,p,w,o,e,w,v,
p,f,s,e,f,y,f,c,n,b,,?,k,k,p,p,p,w,o,e,w,v,d
e,k,s,n,f,n,a,c,b,y,e,?,s,s,o,o,p,o,o,p,o,c,l
,f,y,e,f,s,f,c,n,b,t,?,k,s,p,w,p,w,o,e,w,v,d
p,k,y,e,f,s,f,c,n,b,t,?,s,k,w,p,p,w,o,e,w,v,d
e,k,f,w,f,n,f,w,b,p,e,?,k,s,w,w,p,w,t,p,w,s,g
e,x,s,g,f,n,f,w,b,w,e,?,s,k,w,w,p,w,t,p,w,s,g
e,k,s,,f,n,a,c,b,y,e,?,s,s,o,o,p,o,o,p,o,v,l
p,k,y,e,f,s,f,c,n,b,t,?,s,s,w,w,p,w,o,e,w,v,d
p,k,y,n,f,s,f,c,n,b,t,?,k,s,w,p,p,w,o,e,w,v,l
p,k,s,e,f,s,f,c,n,b,t,?,k,s,w,w,p,w,o,e,w,v,p
e,x,s,w,f,n,f,w,b,w,e,?,k,k,w,w,p,w,t,p,w,,g
e,k,s,w,f,n,f,w,b,g,e,?,k,k,w,w,p,w,t,p,w,n,g
e,k,s,w,f,n,f,w,b,p,e,?,k,s,w,w,p,w,t,p,w,s,g
p,k,s,e,f,f,f,c,n,b,t,?,k,s,p,w,p,w,o,e,w,v,l
p,x,s,e,f,s,f,c,n,b,t,?,s,s,p,w,p,w,o,e,w,v,p
e,k,s,g,f,n,f,w,b,w,e,?,s,k,w,w,p,w,t,p,w,s,g
e,x,f,w,f,n,f,w,b,g,e,?,s,k,w,w,p,w,t,p,w,s,g
p,k,y,e,f,f,f,c,n,b,t,?,s,k,w,w,p,,o,e,w,v,d
e,b,s,w,f,n,f,w,b,g,e,?,s,s,w,w,p,w,t,p,w,,g
p,k,s,e,f,s,f,c,n,b,t,?,s,s,w,p,p,w,o,e,w,v,p
p,f,s,n,f,f,f,c,n,b,t,?,s,k,w,w,p,w,o,e,,v,p
p,f,y,n,f,f,f,c,n,b,t,?,s,k,p,p,p,w,o,e,w,v,d
e,k,s,g,f,n,f,w,b,p,e,?,s,k,w,w,p,w,t,p,w,s,g
e,x,s,w,f,n,f,w,b,w,e,?,s,s,w,w,p,,t,p,w,n,g
p,f,y,e,f,y,f,c,n,b,t,?,s,s,w,p,p,w,o,e,w,v,p
p,x,s,e,f,f,f,c,n,b,t,?,s,s,w,w,p,w,o,e,w,v,d
,x,f,w,,n,f,w,b,g,e,,k,k,w,w,p,w,t,p,w,s,g
e,k,f,w,f,n,f,,b,g,e,?,k,k,w,w,p,w,t,p,w,n,g
p,f,s,e,f,s,f,c,n,b,t,?,k,k,p,w,p,w,o,e,w,v,d
e,f,s,g,t,n,f,c,b,w,e,b,s,s,w,w,p,w,t,p,,v,p
p,k,s,e,f,,f,c,n,b,t,?,k,s,w,p,p,w,o,e,w,v,d
p,x,s,n,f,y,f,c,n,b,t,?,s,k,w,p,p,w,o,e,w,v,p
e,k,s,n,f,n,a,c,b,y,e,?,s,s,o,o,p,n,o,p,b,c,l
e,x,s,n,f,n,a,c,b,n,e,?,s,s,o,o,p,o,o,p,n,c,l
p,k,y,e,f,s,f,c,n,b,t,?,k,s,w,w,p,w,o,e,w,v,l
p,x,s,e,f,y,f,c,n,b,t,?,k,s,p,w,p,w,o,e,w,v,d
p,x,s,n,f,s,f,c,n,,t,?,k,s,w,p,p,w,o,e,,v,d
p,k,s,e,f,y,f,c,n,b,t,?,k,k,,w,p,w,o,e,w,v,d
p,x,s,n,f,y,f,c,n,b,t,?,s,k,w,w,p,,o,e,w,v,l
e,k,f,w,f,n,f,w,b,g,e,?,k,s,w,w,p,w,,p,w,n,g
e,k,s,n,f,n,a,c,b,o,e,?,s,s,o,o,p,n,o,p,n,c,l
p,k,y,c,f,,,c,b,w,e,c,k,y,c,c,p,w,n,n,w,,d
e,x,f,wrong,f,n,f,w,b,g,e,?,s,s,w,w,,w,t,p,w,s,g
e,x,s,n,f,n,a,c,b,n,e,?,s,s,o,o,p,o,o,p,o,v,l
e,x,s,n,f,n,a,c,b,y,e,?,s,s,o,o,p,o,o,p,b,v,l
p,k,y,,f,s,f,c,n,b,t,?,k,s,w,p,p,w,o,e,w,v,p
e,k,f,w,f,n,f,w,b,p,e,?,s,s,w,w,p,w,t,p,w,n,g
e,x,f,g,f,n,f,w,b,g,e,?,k,s,w,w,p,w,t,p,w,s,g
e,f,s,n,f,n,a,c,,o,e,?,s,s,o,o,p,o,o,p,n,v,l
p,k,y,n,f,y,f,c,n,b,t,?,k,k,w,p,p,w,o,e,w,v,d
p,k,y,n,f,s,,c,,b,t,?,k,s,p,w,p,w,o,e,w,v,l
p,f,y,n,f,s,f,c,n,b,t,?,k,s,w,w,p,w,o,e,w,v,d
p,f,y,e,f,y,f,c,n,b,t,?,k,s,w,p,p,w,o,e,w,v,p
e,k,f,g,f,n,f,w,b,p,e,?,s,k,w,w,p,w,t,p,w,n,g
p,f,y,e,f,s,f,c,n,b,t,?,k,k,w,p,p,w,o,e,w,v,d
p,f,y,n,f,s,f,c,n,b,t,?,k,s,w,p,p,w,o,e,w,v,p
p,k,s,e,f,s,f,c,n,b,t,?,k,s,p,p,p,w,o,e,w,v,l
e,k,s,g,f,n,f,w,b,w,e,?,k,k,w,w,p,w,t,p,w,s,g
e,b,s,n,f,n,a,c,b,y,e,?,s,s,o,o,,n,o,p,y,c,l
p,k,y,n,f,f,f,c,n,b,t,?,k,k,w,w,p,w,o,e,w,v,l
p,x,s,n,f,s,f,c,,b,t,?,k,s,p,p,p,w,o,e,w,v,p
e,b,s,n,f,n,a,c,b,o,e,?,s,s,o,o,p,n,o,p,o,v,l
p,k,s,n,f,y,f,c,n,b,t,?,k,s,w,w,p,w,o,e,w,v,d
p,k,s,n,f,y,f,c,n,b,t,?,k,k,p,w,p,w,o,e,w,v,p
p,k,s,e,f,s,f,c,n,b,t,?,s,k,w,w,p,w,o,e,w,v,l
p,f,s,e,f,s,f,c,n,b,t,?,s,s,w,p,p,w,o,e,w,v,p
p,x,s,e,f,,f,c,n,b,t,?,s,s,p,p,p,w,o,e,w,v,p
p,x,s,e,f,y,f,c,n,b,t,?,s,s,w,w,p,,o,e,w,v,d
p,x,s,n,f,s,f,c,n,b,t,?,s,s,p,w,p,w,o,e,w,v,d
p,k,y,n,f,y,f,c,n,,t,?,s,k,w,,p,w,o,e,w,,d
e,x,s,p,t,n,f,c,b,w,e,b,s,s,w,w,p,w,t,p,w,y,p
p,f,,e,f,y,f,c,n,b,t,?,s,k,w,p,p,w,o,e,w,v,d
p,x,y,n,f,m,a,c,b,w,e,c,k,y,,c,p,w,n,n,w,c,d
p,k,s,n,f,f,f,,n,b,t,?,s,s,w,w,p,w,o,e,w,v,l
e,k,s,g,f,n,f,w,b,g,e,?,k,k,w,w,p,w,t,p,w,s,g
p,k,s,n,f,f,f,c,n,b,t,,k,s,p,w,p,w,o,e,w,v,d
p,f,y,n,f,y,f,c,n,b,t,?,k,k,p,w,p,w,o,e,w,v,p
p,k,s,n,f,s,f,c,n,b,t,?,s,k,p,w,p,w,o,e,w,v,p
p,k,y,e,f,y,,,n,b,t,?,s,k,p,w,p,w,o,e,w,v,d
,f,y,e,f,f,f,c,n,b,t,?,k,s,p,w,p,w,o,e,w,v,d
e,f,s,c,t,n,f,c,b,w,e,b,s,s,w,w,p,w,t,p,w,y,p
p,f,y,n,f,f,f,c,n,b,t,?,s,k,p,w,p,w,o,e,w,v,l
p,k,s,,f,f,f,c,n,b,t,?,s,k,w,p,p,w,,e,w,v,d
p,x,s,e,f,y,f,c,n,b,t,?,k,s,p,p,p,w,,e,w,v,l
p,f,y,e,f,y,f,c,n,b,t,?,k,k,p,p,p,w,o,e,w,v,l
p,x,s,n,f,f,f,,n,b,t,?,s,s,p,w,p,w,o,e,w,v,p
e,f,s,n,f,n,a,c,b,y,e,?,s,s,o,o,p,n,o,p,n,,l
p,f,s,e,f,s,f,c,n,b,t,?,s,k,p,p,p,w,o,e,w,v,d
p,x,y,e,f,s,f,c,n,b,t,?,s,k,p,w,p,w,o,e,w,v,p
p,x,y,e,f,f,f,c,n,b,t,?,s,k,w,w,p,w,o,e,w,v,d
p,x,s,wrong,f,s,f,c,n,b,t,?,k,k,p,p,p,w,o,e,w,v,p
p,k,s,e,f,f,f,c,n,b,t,?,k,k,p,p,p,w,o,e,w,v,l
p,x,s,e,f,y,f,c,n,b,t,?,s,s,w,p,p,w,o,e,w,v,l
e,,f,g,f,n,f,w,b,w,e,?,k,s,w,w,p,w,t,p,w,s,g
p,k,y,e,f,s,f,c,n,b,t,?,k,s,p,w,p,w,o,e,,v,p
,k,s,e,f,s,f,c,n,b,t,?,s,k,p,w,p,w,o,e,w,v,l
e,k,f,g,f,n,f,w,b,g,e,?,s,s,w,w,p,w,t,p,w,n,g
e,f,s,n,f,n,a,c,b,n,e,?,s,s,o,o,p,,o,p,n,v,l
p,f,y,n,f,m,f,c,b,w,e,c,k,y,c,c,p,w,n,n,w,c,d
,k,s,e,f,s,f,c,n,b,t,?,s,k,w,p,p,w,o,e,w,v,d
p,f,s,n,f,f,f,c,n,b,t,?,k,k,w,w,p,w,o,e,w,v,l
p,,y,n,f,f,f,c,n,b,t,?,k,k,w,p,p,w,o,e,w,v,p
p,k,s,e,f,y,f,c,n,b,t,?,s,s,w,p,p,w,o,e,w,v,l
p,k,y,n,,y,f,c,n,b,t,?,s,s,w,w,p,w,o,e,w,v,p
p,k,y,n,f,y,f,c,n,b,t,,s,k,w,p,p,w,o,e,w,v,l
e,x,f,g,f,n,f,w,b,g,e,?,k,k,w,w,p,w,t,p,w,n,g
p,k,y,e,f,f,f,,n,b,t,?,k,k,w,p,p,w,o,e,w,v,p
p,x,,c,f,m,a,c,b,y,e,c,k,y,c,c,p,w,n,n,w,,d
p,k,y,e,f,s,f,c,n,b,t,?,k,k,w,p,p,w,o,e,w,v,p
p,k,y,e,f,s,f,c,n,b,t,?,k,k,p,w,p,w,o,e,w,v,l
e,b,s,w,f,n,f,w,b,p,e,?,s,k,w,w,p,w,t,p,w,s,
p,k,s,n,f,y,f,c,n,b,t,?,,k,p,w,p,w,o,e,w,v,d
p,x,s,e,f,y,f,c,n,b,t,?,s,k,p,p,p,w,o,e,,v,p
p,f,y,n,f,f,f,c,n,b,t,?,k,s,p,w,p,w,o,e,w,v,l
p,f,s,e,f,y,f,c,n,b,t,?,k,k,p,p,p,w,o,e,w,v,p
p,k,y,e,f,f,f,c,n,b,t,?,s,k,p,w,p,w,o,e,w,v,d
p,k,y,e,f,f,f,c,n,b,t,?,k,s,w,,p,w,o,e,w,v,d
e,b,f,w,f,n,f,,b,w,e,?,s,s,w,w,p,w,t,p,w,,g
p,k,y,n,f,m,a,c,b,w,e,c,k,y,c,c,p,w,n,n,w,c,d
p,f,y,e,f,y,f,c,n,b,t,?,k,s,p,w,p,w,o,e,w,v,d
p,k,s,n,f,f,f,c,n,b,t,?,s,k,w,p,p,w,o,e,w,v,p
p,k,y,n,f,f,f,c,n,b,t,?,k,s,w,p,p,w,o,e,w,v,p
p,x,s,e,f,s,f,,n,b,t,?,k,k,w,w,p,w,o,e,w,v,l
e,x,y,g,t,n,,c,b,w,e,b,s,s,w,w,p,w,t,p,,v,p
p,f,s,n,f,y,f,c,,b,t,?,k,s,p,w,p,w,o,e,w,v,d
p,k,,e,f,y,f,c,n,b,t,?,k,s,w,,p,w,o,e,w,v,p
e,k,f,w,f,n,f,w,b,w,e,?,k,k,w,w,p,w,t,p,w,n,g
p,x,s,n,f,s,f,c,n,b,t,?,k,s,p,p,p,w,o,e,w,v,d
p,k,y,n,f,y,f,c,n,b,t,?,s,s,p,,p,w,o,e,w,v,d
p,x,s,e,f,s,f,c,n,b,t,?,s,s,p,w,p,w,o,e,w,v,d
e,k,s,w,f,n,f,w,b,w,e,?,s,k,w,w,p,w,t,p,w,n,g
p,f,y,n,f,s,f,c,n,b,t,?,s,s,w,p,p,w,o,e,w,v,p
p,k,s,e,f,s,f,c,n,b,t,?,k,k,w,p,p,,o,e,w,v,p
p,k,s,e,f,y,f,c,n,b,t,?,k,k,w,w,p,w,o,e,w,v,p
p,f,y,e,f,f,f,c,n,,t,?,s,k,p,p,p,w,o,e,w,v,l
e,f,s,n,f,n,a,c,b,n,e,?,s,s,o,o,p,n,o,p,y,v,l
p,f,y,n,f,,f,c,n,b,t,?,k,k,p,w,p,w,o,e,w,v,d
p,k,y,e,f,y,f,c,n,b,t,?,s,s,p,w,p,w,o,e,w,v,d
p,k,s,e,f,y,f,c,n,b,t,?,s,k,w,w,p,w,o,e,w,,d
p,k,s,e,f,f,f,c,n,b,t,?,s,k,p,w,p,w,o,e,w,v,l
e,b,s,n,f,n,a,c,b,o,e,?,s,s,o,o,p,o,o,p,b,v,l
e,k,s,g,f,n,f,w,b,p,e,?,k,k,w,w,p,w,t,p,w,s,g
e,x,s,n,f,n,a,c,b,n,e,?,s,s,o,o,p,o,o,p,n,v,l
e,x,f,g,f,n,f,w,b,p,e,?,k,k,w,w,p,w,t,p,w,n,g
p,k,s,e,f,y,f,c,n,b,t,?,s,s,w,p,p,w,o,e,w,v,d
p,f,y,wrong,f,f,f,c,n,b,t,?,s,k,w,p,p,w,o,e,w,v,d
p,k,s,n,f,s,f,c,n,b,t,?,k,k,p,w,p,w,o,e,w,v,d
p,k,s,n,f,y,f,c,Z,b,t,?,k,s,p,w,p,w,o,e,w,XXX,p
e,b,s,w,f,n,f,w,b,p,e,?,k,s,w,w,p,w,t,p,w,n,g
p,f,s,n,f,s,f,c,n,b,t,?,s,s,p,p,p,w,o,e,w,v,d
e,b,f,g,f,n,f,w,b,p,e,?,,k,w,w,p,w,t,p,w,n,g
p,x,s,n,f,f,f,c,n,,,?,k,s,w,w,p,w,o,e,w,v,d
p,x,y,e,f,f,f,c,n,b,t,,s,k,w,w,p,w,o,e,w,v,l
p,f,y,c,f,m,f,c,b,w,e,c,k,y,c,c,p,w,n,n,w,c,d
p,f,s,n,f,s,f,c,n,b,t,?,s,s,w,p,p,w,o,e,w,v,d
p,x,y,e,f,s,f,c,n,b,t,,s,s,p,w,p,w,o,e,w,v,l
p,,s,n,f,s,f,c,n,b,t,?,k,k,w,w,p,w,o,e,w,v,l
p,f,y,e,f,f,f,c,n,b,t,?,k,s,w,p,p,w,o,e,w,v,p
p,f,s,e,f,f,f,c,n,b,t,?,k,k,w,p,p,w,o,e,w,v,l
p,x,s,e,f,s,f,c,n,b,t,?,k,k,w,w,p,w,o,,w,v,d
e,k,s,g,f,n,f,w,b,w,e,?,k,s,w,w,p,w,t,p,w,s,g
p,x,s,e,f,y,f,c,n,b,t,?,s,s,p,w,p,w,o,e,w,v,p
p,k,s,n,f,y,f,c,n,b,t,?,k,s,w,p,p,w,o,e,w,v,l
p,k,y,e,f,s,f,c,n,b,t,?,k,s,w,p,p,w,o,e,w,v,l
p,x,s,n,f,y,f,,,b,t,?,k,k,w,p,p,w,o,e,w,v,p
e,b,s,g,f,n,f,w,b,g,e,?,s,k,w,w,p,w,t,p,w,n,g
p,x,s,n,f,??,f,c,n,b,t,?,s,s,w,p,p,w,o,e,w,v,l
p,f,s,e,f,s,f,c,n,b,t,,s,s,w,w,p,w,o,e,w,v,
p,k,s,n,f,s,f,c,n,b,t,?,s,s,p,w,p,w,o,e,w,,d
e,b,s,g,f,n,f,w,b,w,e,?,s,s,w,w,p,w,t,p,w,s,g
p,x,s,n,f,y,f,c,n,b,t,?,k,k,p,p,p,w,o,e,w,v,p
p,f,y,e,f,y,f,c,n,b,t,?,s,k,w,w,p,w,o,e,w,v,p
p,f,s,e,,y,f,c,n,b,t,?,s,k,p,w,p,w,o,e,w,v,d
p,f,y,n,f,m,f,c,b,y,e,c,k,y,c,c,p,w,n,n,w,c,d
e,b,f,g,f,??,f,w,b,g,e,?,k,s,w,w,p,w,t,p,w,s,g
p,f,s,e,f,f,,c,n,b,t,?,k,k,p,p,p,w,o,e,w,v,p
p,k,s,n,f,f,f,c,n,b,t,?,,k,p,p,p,w,o,e,w,v,l
e,k,s,g,f,n,f,w,b,p,e,?,s,k,w,w,p,w,t,p,w,,g
p,k,y,n,f,f,f,c,n,b,t,?,k,k,p,p,p,w,o,e,w,v,l
p,x,s,e,f,s,f,c,,b,t,?,k,k,p,p,p,w,o,e,w,v,l
e,b,s,n,f,n,a,c,b,y,e,?,s,s,o,o,p,o,o,p,y,c,l
p,k,y,n,f,f,f,c,n,b,t,?,s,k,p,w,p,w,o,e,w,v,l
p,f,y,n,f,s,f,c,n,b,t,?,k,k,w,w,p,w,o,e,w,v,l
e,x,s,,f,n,a,c,b,n,e,?,s,s,o,,p,n,o,p,b,c,l
p,k,s,n,f,f,f,c,n,b,t,?,k,k,p,w,p,w,o,e,w,v,l
p,k,s,n,f,f,f,c,n,b,t,?,k,k,p,p,p,w,o,e,w,v,d
p,k,s,n,f,s,f,c,n,b,t,?,k,s,p,p,p,w,o,e,w,v,p
p,k,s,n,f,s,f,c,n,b,t,?,,s,p,w,p,w,o,e,w,v,p
e,f,y,c,t,n,f,c,b,w,e,b,s,s,w,w,p,w,t,p,w,y,p
e,f,s,n,f,n,a,c,,n,e,?,s,s,o,o,p,n,o,p,n,c,l
e,b,s,w,f,n,f,w,b,g,e,?,k,k,,w,p,w,t,p,w,n,g
p,k,s,e,f,s,f,c,n,b,t,?,s,s,p,p,,w,o,,w,v,p
e,b,s,g,f,n,f,w,b,w,e,?,s,s,w,w,p,w,t,p,w,n,g
p,k,y,e,f,y,f,c,n,b,t,?,k,k,p,w,p,w,o,e,w,v,p
,k,,n,f,s,f,c,n,b,t,?,s,s,w,w,p,w,o,e,w,v,d
e,x,s,n,f,n,a,c,Z,o,e,?,s,s,o,o,p,o,o,p,y,XXX,l
p,x,s,,f,y,f,c,n,b,t,?,k,s,w,w,p,w,o,e,w,v,p
p,x,s,n,f,f,f,c,n,b,t,?,k,s,p,p,p,w,o,e,w,v,d
p,f,s,e,f,y,f,c,n,b,t,?,k,s,w,w,p,w,o,e,w,v,l
p,f,y,e,f,s,f,c,n,b,t,?,s,s,p,p,p,w,o,e,w,v,p
p,x,y,e,f,s,f,c,n,b,t,?,k,s,p,p,p,w,o,e,w,v,p
p,k,s,e,f,f,f,c,n,b,t,,k,k,w,w,p,w,o,e,w,v,d
e,k,y,n,f,n,f,c,b,w,e,b,y,y,n,n,p,w,t,p,w,y,d
p,f,s,e,f,f,f,c,n,b,t,?,s,s,w,w,p,w,o,e,w,v,d
p,k,s,n,f,s,f,c,n,b,t,?,k,k,p,w,p,w,o,e,w,v,p
p,f,y,n,f,y,f,c,n,b,t,?,s,s,w,w,p,w,o,e,w,v,p
p,f,s,e,f,f,f,c,n,b,t,?,,s,p,p,p,w,o,e,w,v,d
e,k,f,g,f,n,f,w,b,w,,?,s,s,w,w,p,w,t,p,w,n,g
p,k,s,n,f,f,f,c,n,b,t,?,s,k,w,p,p,w,o,e,w,v,d
e,b,f,w,f,n,f,w,b,p,e,?,k,s,w,w,p,w,t,p,w,s,g
p,k,s,e,f,y,f,c,n,b,t,?,k,k,p,w,p,w,o,e,w,v,l
e,x,s,g,f,n,f,w,b,p,e,?,k,k,w,w,p,w,t,p,w,n,
e,k,s,n,f,??,a,c,b,,e,?,s,s,o,o,p,o,o,p,y,c,l
p,k,s,e,f,f,f,c,n,b,t,?,k,s,w,p,p,,o,,w,v,p
p,k,y,wrong,f,f,f,c,n,b,t,?,s,s,w,p,p,w,o,e,w,v,l
e,k,f,g,f,n,f,w,b,g,e,?,k,k,w,w,p,w,t,p,w,n,g
p,x,s,,f,y,f,c,n,b,t,?,s,s,p,p,p,w,o,e,w,v,l
p,k,y,n,f,s,f,c,n,,t,?,s,s,w,p,p,w,o,e,w,v,l
e,x,f,w,f,n,f,w,b,g,e,?,k,s,w,w,p,w,t,p,w,n,g
p,k,y,e,f,f,f,c,n,b,t,?,,s,p,w,p,w,o,e,w,v,p
p,k,s,e,f,f,f,c,,b,t,?,,s,p,p,p,w,o,e,w,v,l
p,k,s,e,f,f,f,c,n,,t,?,k,k,p,w,p,w,o,e,w,v,l
p,k,y,e,,s,f,c,n,b,t,?,k,s,w,,p,w,o,e,w,v,p
p,k,y,n,f,s,f,c,n,b,t,?,s,s,p,w,p,w,o,e,w,v,p
e,k,s,g,f,n,f,w,b,g,e,?,k,k,w,w,p,w,t,p,w,n,g
p,k,y,n,f,f,,c,n,b,t,?,k,k,p,p,p,w,o,e,w,v,p
p,k,s,e,f,f,f,c,n,b,t,?,s,s,w,p,p,w,o,e,w,v,l
e,x,s,g,f,n,f,w,b,w,e,?,s,k,w,w,p,w,t,p,w,n,g
,f,s,n,f,??,a,c,b,y,e,?,s,s,o,o,p,o,o,p,y,v,l
e,k,s,g,f,n,f,w,b,g,e,?,k,s,w,w,p,w,t,p,,n,g
p,x,s,e,f,s,f,,n,b,t,?,k,s,w,p,p,w,o,e,w,v,p
p,k,s,n,f,f,f,c,n,b,t,?,s,s,w,w,p,w,o,e,w,v,d
,k,s,n,f,s,f,c,n,b,t,?,s,k,w,p,p,w,o,e,w,v,p
e,x,s,g,f,n,f,w,b,p,e,?,k,s,w,w,p,w,t,p,w,s,g
p,k,y,e,f,s,f,c,n,b,t,?,k,k,p,p,p,w,o,e,w,v,p
e,f,s,n,f,n,a,c,b,n,e,?,s,s,o,o,p,,o,p,y,v,l
e,k,s,w,f,n,f,w,b,w,e,?,k,k,w,w,p,w,t,p,w,n,g
p,f,y,e,f,m,f,c,b,y,e,c,k,y,c,c,p,w,n,n,w,c,d
e,b,s,g,f,n,f,w,b,,,?,k,k,w,w,p,w,t,p,w,s,g
p,f,y,n,f,y,f,c,n,b,t,?,s,k,w,w,p,w,o,e,w,v,p
e,b,s,n,f,n,a,c,b,o,e,?,s,s,o,o,p,n,o,p,b,c,l
e,b,s,g,f,n,f,w,b,w,e,?,k,s,w,w,p,w,t,p,w,n,g
e,k,s,n,f,n,a,c,b,n,e,?,s,s,o,o,p,o,o,p,y,,l
e,b,,g,f,n,f,w,b,p,e,,k,k,w,w,p,w,t,p,w,n,g
p,k,s,n,f,f,f,c,n,b,t,?,k,s,w,w,p,w,o,e,w,v,l
p,k,y,n,f,y,f,c,n,b,t,?,s,,p,w,p,w,o,e,w,v,p
e,f,s,n,f,n,a,c,b,n,e,?,s,s,o,o,p,,o,p,o,c,l
p,k,s,e,f,y,f,c,n,b,t,?,k,k,p,p,p,w,o,e,w,v,p
p,f,s,e,f,y,f,c,n,b,t,?,s,k,w,p,p,w,o,e,w,v,p
p,k,s,n,f,y,f,c,n,b,t,?,s,k,p,p,p,w,o,e,w,v,l
p,k,s,n,f,s,f,c,n,b,t,?,s,k,w,p,p,w,o,e,w,v,l
e,b,s,n,f,n,a,c,b,y,e,?,s,s,o,o,p,o,o,p,y,v,l
e,k,f,g,f,n,f,w,b,w,e,?,k,k,w,w,p,w,t,p,w,s,g
e,b,s,n,f,n,a,c,b,o,e,?,s,s,o,o,p,o,o,p,o,c,l
p,k,s,n,f,s,f,c,n,b,t,?,k,s,p,w,p,w,o,e,w,v,l
p,k,y,e,f,s,f,c,n,b,t,?,s,k,w,p,p,w,o,e,w,v,l
p,k,y,e,f,y,f,c,n,b,t,?,k,s,p,p,p,w,o,e,w,v,p
p,k,s,n,f,y,f,c,n,b,t,?,s,s,p,p,p,w,o,e,w,v,l
e,f,s,n,f,n,a,,b,n,e,?,s,s,o,o,p,o,o,p,n,c,l
p,,s,e,f,y,f,c,n,b,t,?,s,s,w,w,p,w,o,e,w,v,d
e,x,s,n,f,n,a,c,b,o,e,?,s,s,o,o,p,o,o,p,o,v,l
p,k,s,n,f,y,,,n,b,t,?,k,k,w,p,p,w,o,e,w,v,d
e,k,s,w,f,n,f,w,b,p,e,?,s,s,w,w,p,w,t,p,w,s,g
p,k,y,e,f,f,f,c,n,b,t,?,s,s,w,p,p,w,o,e,w,v,d
p,k,y,n,f,f,f,c,n,b,t,?,k,k,p,w,p,w,o,e,w,v,d
e,k,f,g,f,n,f,w,Z,g,e,?,s,s,w,w,p,w,t,p,w,XXX,g
p,,s,n,f,y,f,c,n,b,t,?,k,s,p,w,p,w,o,e,w,v,p
e,x,s,g,f,n,f,w,b,w,e,?,s,s,w,w,p,w,t,p,w,n,g
p,k,y,n,f,f,f,c,n,b,t,?,s,k,p,w,p,w,o,e,w,v,p
p,f,s,e,f,f,f,c,n,b,t,,s,k,p,p,p,,o,e,w,v,d
e,x,f,w,f,n,f,w,b,p,e,?,k,k,w,w,p,w,t,p,,n,
p,k,y,n,f,s,f,c,n,b,t,?,k,s,w,,p,w,o,,w,v,l
p,f,y,n,f,m,a,c,b,w,e,c,k,y,c,c,p,w,n,n,w,c,d
e,b,f,g,f,n,f,,b,w,e,?,s,s,w,w,p,w,t,p,,n,g
p,k,y,,f,y,f,c,n,b,t,?,k,k,w,p,p,w,o,e,w,v,p
p,x,y,e,f,s,f,c,n,,t,?,k,s,p,p,p,w,o,e,w,v,d
p,k,s,e,f,y,f,c,n,b,t,?,k,k,w,p,p,w,o,e,w,v,l
e,k,f,g,f,??,f,w,b,g,e,?,s,k,w,w,p,w,t,p,w,n,g
e,k,f,w,f,n,f,w,b,p,e,?,s,s,w,w,p,w,t,p,w,s,g
p,k,y,e,f,s,f,c,,b,t,?,s,k,w,w,p,w,o,e,w,v,d
e,k,s,g,,n,f,w,b,,e,?,s,s,w,w,p,w,t,p,w,n,g
p,k,s,n,f,f,f,c,n,b,t,?,s,k,p,w,p,w,o,e,w,v,d
p,k,y,n,f,y,f,c,n,b,,?,s,s,p,w,p,w,o,e,w,,l
e,k,s,w,f,n,f,w,b,w,e,?,k,s,w,w,p,w,t,p,w,s,g
p,k,y,e,f,y,f,c,n,b,t,?,k,k,p,w,p,w,o,e,w,v,l
e,b,s,w,f,n,f,w,b,w,e,?,k,s,w,w,p,w,t,p,w,s,g
p,k,s,n,f,y,f,c,n,b,t,?,,k,p,p,p,w,o,e,w,v,d
e,x,s,w,f,n,f,w,b,w,e,?,s,k,w,w,p,w,t,p,w,n,g
e,b,s,n,f,n,a,c,b,n,e,?,s,s,o,o,p,o,o,,n,v,l
p,k,s,n,f,s,f,c,n,b,t,?,k,s,w,p,p,w,o,e,w,v,d
p,k,y,e,f,f,f,c,n,b,t,,s,k,p,w,p,w,o,e,w,v,p
e,x,f,w,f,??,f,w,b,w,e,?,s,s,w,w,p,w,t,p,w,n,g
p,x,y,e,f,m,,c,b,y,e,c,k,y,c,,p,w,n,n,w,c,d
p,k,s,e,f,y,f,c,n,b,t,?,k,k,p,w,p,w,o,e,w,v,p
p,k,s,n,f,f,f,c,n,b,t,?,k,k,w,w,p,w,o,e,w,v,l
p,k,y,n,f,y,f,c,n,b,t,?,s,s,p,w,p,w,o,e,w,v,p
p,k,s,e,f,f,f,c,n,b,t,?,s,k,w,w,p,w,o,e,w,,d
e,k,s,n,f,n,a,c,b,o,e,?,s,s,o,o,p,n,o,p,b,c,l
p,k,y,n,f,f,f,c,n,b,t,?,k,s,p,w,p,w,o,e,w,v,l
e,f,y,n,f,,f,c,b,w,e,b,y,y,n,n,p,w,t,p,w,y,d
e,k,s,g,f,n,f,w,b,w,e,?,s,s,w,w,p,w,t,p,w,n,g
p,f,y,e,f,y,f,c,n,b,,?,k,k,w,p,p,w,o,e,w,v,l
p,k,y,y,f,n,f,w,n,y,e,c,y,y,y,y,p,y,o,e,w,c,l
p,,y,e,f,y,f,c,n,b,t,?,s,s,p,w,p,w,,e,w,v,p
p,k,s,e,f,s,f,c,n,b,t,?,k,k,p,p,p,w,o,e,w,v,l
p,k,y,e,f,s,f,,n,b,t,?,s,k,p,p,p,w,o,e,w,v,l
e,b,s,n,f,n,a,c,b,o,e,?,s,s,o,o,p,n,o,p,n,c,l
e,x,s,g,t,n,f,c,b,w,e,?,s,s,w,w,p,w,t,p,w,y,p
,k,s,g,,n,f,w,b,p,e,?,k,s,w,w,p,w,t,p,w,n,g
p,f,y,e,f,s,f,c,n,b,t,?,,k,p,w,p,w,o,e,w,v,p
p,k,s,e,f,s,f,c,n,b,t,?,k,k,w,w,p,w,o,e,w,v,p
p,k,y,,f,s,f,c,n,b,t,?,s,s,w,w,p,w,o,e,w,v,l
e,b,f,w,f,n,f,w,b,w,e,?,k,k,w,w,p,w,t,p,w,n,g
e,f,s,n,f,n,a,c,b,n,e,?,s,s,o,o,p,o,o,p,o,c,l
p,k,s,n,f,y,f,c,n,b,t,?,k,k,w,w,p,w,o,e,w,v,p
p,k,s,e,f,f,f,c,n,b,t,?,s,s,p,,p,w,o,e,w,v,d
e,,f,w,f,??,f,w,b,g,e,?,k,s,w,w,p,w,t,p,w,s,g
p,k,y,e,f,y,f,c,,b,t,?,s,k,w,w,p,w,o,e,w,v,l
e,x,f,w,f,n,f,w,b,g,e,?,s,s,w,w,p,w,t,p,w,s,g
p,k,y,wrong,f,y,f,c,n,b,t,?,s,s,w,p,p,,o,e,w,v,l
p,k,y,n,f,s,f,c,n,b,,?,s,k,w,w,p,w,o,,w,v,p
e,x,s,g,f,n,f,w,b,p,e,?,k,s,w,w,p,w,t,p,w,n,g
e,x,s,w,f,n,f,w,b,g,e,?,s,,w,w,p,w,t,p,w,n,g
p,k,y,n,f,f,f,c,n,b,t,?,k,k,w,w,p,w,o,e,w,v,d
p,k,s,n,f,f,f,c,n,b,t,?,k,s,w,p,p,w,o,e,w,v,l
p,k,s,e,f,s,f,c,n,b,t,?,k,s,p,w,p,w,o,e,w,v,d
e,b,f,w,f,n,f,w,b,p,e,?,k,k,w,w,p,w,t,p,w,n,g
p,f,s,n,f,f,f,c,n,b,t,,s,k,p,w,p,w,o,e,w,,p
p,k,s,e,f,y,f,c,n,b,t,?,k,k,p,w,p,,o,e,w,v,d
p,k,s,n,f,f,f,c,n,b,t,?,s,s,p,p,p,w,o,e,w,v,l
p,x,y,n,f,m,f,c,b,y,e,c,k,y,c,c,p,w,n,n,w,c,d
p,k,y,n,f,f,f,,n,b,t,?,k,s,w,p,p,w,o,,w,v,l
e,f,s,n,f,n,a,c,b,o,e,?,s,s,o,o,p,n,o,p,y,c,l
p,x,y,e,f,f,f,c,n,b,t,?,s,s,p,w,p,w,o,e,w,v,d
e,f,,wrong,f,n,a,c,b,y,e,?,s,s,o,o,p,n,o,p,y,v,l
e,b,s,w,f,n,f,w,b,g,e,?,s,s,w,w,p,w,t,p,w,n,g
e,b,s,g,f,n,f,w,b,p,e,?,s,s,w,w,p,w,t,p,w,n,g
p,k,y,e,f,s,f,c,n,b,t,?,k,k,w,p,p,w,o,e,w,v,l
p,k,s,n,f,y,f,c,n,b,t,?,k,k,w,w,p,w,o,e,w,v,d
p,k,s,e,f,f,f,c,n,b,t,?,,s,p,w,p,w,o,e,w,,p
p,k,s,e,f,y,f,c,n,b,t,?,,k,p,p,p,w,o,e,w,v,d
e,b,f,w,f,n,f,w,b,g,e,?,s,s,w,w,p,w,t,p,w,s,g
e,k,s,g,f,n,f,w,b,p,e,?,s,s,w,w,p,w,t,p,w,n,g
p,,y,e,f,m,,c,b,w,e,c,k,y,c,c,p,,n,n,w,c,d
p,k,y,n,f,f,f,c,n,b,t,?,,s,w,p,p,w,o,e,w,v,d
p,k,y,n,f,f,f,c,,b,t,?,s,k,p,p,p,w,o,e,w,v,p
p,f,s,e,f,y,f,c,n,b,t,?,s,s,w,w,p,w,o,e,w,v,d
p,x,s,n,f,s,f,c,n,b,t,?,s,k,p,p,p,w,o,e,w,v,d
p,k,y,n,f,s,f,c,n,b,t,?,k,k,p,p,,w,o,e,w,v,p
p,k,y,c,f,m,f,c,b,y,e,c,k,y,c,c,p,w,n,n,w,c,d
p,k,y,n,f,s,f,c,n,b,t,?,s,k,,w,p,w,o,e,w,v,d
e,k,s,w,f,n,f,w,b,g,e,?,s,s,w,w,p,w,t,p,w,n,g
p,f,y,n,f,y,f,c,n,b,t,?,k,k,w,p,p,w,o,e,w,v,l
,b,f,g,f,n,f,w,b,p,e,?,s,s,w,w,p,w,t,p,w,s,g
p,f,s,e,f,f,f,c,n,b,t,?,s,k,w,w,p,w,o,e,w,v,d
p,k,s,e,f,y,f,c,,b,t,?,k,k,p,p,p,w,o,e,w,v,l
e,k,s,g,f,n,f,w,b,p,e,?,k,s,w,w,p,w,t,p,w,s,g
e,x,s,g,f,n,f,w,b,p,e,?,s,s,w,w,,w,t,p,w,s,g
p,k,s,e,f,y,f,c,n,b,t,?,k,s,w,p,p,w,o,e,w,v,l
e,k,s,n,f,n,a,c,,n,e,?,,s,o,o,p,n,o,p,y,,l
e,f,y,p,t,n,f,c,b,w,e,b,s,s,w,w,p,w,t,p,w,y,p
e,b,s,w,f,n,f,w,,g,e,,s,k,w,w,p,w,t,p,w,n,g
p,f,y,n,f,s,f,c,n,b,t,?,s,k,p,w,p,w,o,e,w,v,l
p,f,s,e,f,f,f,c,n,b,t,?,k,k,w,p,p,w,o,e,w,v,p
p,k,s,e,f,f,f,c,n,b,t,?,s,s,p,p,p,w,o,e,w,v,l
e,k,f,g,f,n,f,w,b,p,e,?,s,s,w,w,p,w,t,p,w,n,g
e,x,f,w,f,n,f,w,b,p,e,?,k,k,w,w,p,w,t,p,w,s,g
e,x,s,c,t,,f,c,b,w,e,?,s,s,w,w,p,w,t,p,w,y,p
e,k,f,g,f,n,f,w,b,w,e,?,s,s,w,w,p,w,t,p,w,s,g
p,k,s,e,f,y,f,c,n,b,t,?,s,s,p,w,p,w,o,e,w,v,l
p,k,y,e,f,y,f,c,n,b,t,?,s,,w,p,p,w,o,e,w,v,p
p,k,s,n,f,y,f,c,n,b,t,?,s,s,w,p,p,w,o,e,w,v,p
p,x,y,e,f,f,f,c,,,t,?,s,k,w,p,p,w,o,e,w,v,p
e,k,s,n,f,n,a,,b,o,e,?,s,s,o,o,p,o,o,p,o,c,l
p,f,y,y,f,n,f,w,n,w,e,c,y,y,y,y,p,y,o,e,w,,l
p,x,y,c,f,m,a,c,b,w,e,c,k,y,c,c,p,w,n,n,w,c,d
p,x,s,n,f,y,f,c,n,b,t,?,s,s,w,w,p,w,o,e,w,v,d
e,x,y,p,t,n,f,c,b,w,e,b,s,s,w,w,p,w,t,p,w,v,p
p,k,y,n,f,s,f,c,Z,b,t,?,s,k,p,p,p,w,o,e,w,XXX,p
e,k,s,g,f,n,f,w,b,g,e,?,s,k,w,w,p,w,t,p,w,n,g
e,b,s,g,f,n,f,w,b,p,e,?,s,k,w,w,p,w,t,p,w,s,g
p,k,s,e,f,f,f,c,n,b,t,?,k,s,p,w,p,w,o,e,w,v,p
e,x,s,n,f,n,a,c,b,o,e,?,s,s,o,o,p,n,o,p,b,v,l
e,b,s,n,f,n,a,c,b,o,e,?,s,s,o,o,p,n,o,,b,v,l
e,f,s,wrong,t,n,f,c,b,w,e,,s,s,w,w,p,w,t,p,w,y,p
e,k,s,g,f,n,f,w,b,g,e,?,s,s,,w,p,w,t,p,w,s,g
p,f,s,n,f,y,f,c,n,b,t,?,k,s,p,p,p,w,o,e,w,v,d
p,k,s,n,f,f,f,c,n,b,t,?,s,s,w,p,p,w,o,e,w,v,d
p,f,y,n,f,s,f,c,n,b,t,?,k,s,p,p,p,w,o,e,w,v,l
p,k,y,e,f,??,f,c,n,b,t,?,k,s,w,p,p,w,o,e,w,v,d
,k,s,n,f,,f,c,n,b,t,?,k,s,p,p,p,w,o,e,w,v,l
p,k,s,e,f,y,f,c,n,b,t,?,k,s,w,w,p,w,o,e,w,v,p
e,b,s,w,f,n,f,w,b,w,e,?,k,s,w,w,p,w,t,p,w,n,g
p,k,y,n,f,m,f,c,b,y,e,c,k,y,c,c,p,w,n,n,,c,d
p,k,y,e,f,y,f,c,n,b,t,?,s,s,w,p,p,w,o,e,w,v,d
e,k,s,n,f,n,a,c,b,o,e,?,s,s,o,o,p,o,o,p,y,v,l
p,k,s,e,f,f,f,c,n,b,t,?,s,k,p,w,p,w,o,e,w,v,p
e,b,s,w,f,n,f,w,b,w,e,?,k,k,w,w,p,w,t,p,w,s,g
e,x,s,g,f,n,,w,b,p,e,?,k,k,w,w,p,w,t,p,w,s,g
p,k,s,n,f,s,f,c,n,b,,?,s,k,w,w,p,w,o,e,w,v,l
p,k,y,n,f,y,f,c,n,b,t,?,s,s,p,p,p,w,o,e,w,v,p
p,k,s,n,f,f,f,,n,b,t,?,s,k,w,w,p,w,o,e,w,v,d
p,k,y,e,f,,f,c,n,b,t,?,s,s,p,p,p,w,o,e,w,v,p
p,k,s,e,f,s,f,c,n,b,t,?,k,k,w,p,,w,o,e,w,v,l
p,k,y,n,f,y,f,c,n,b,t,?,s,k,w,w,p,w,o,e,w,v,p
e,b,s,g,f,n,f,w,b,p,e,?,k,k,w,w,p,w,t,p,w,s,g
p,k,y,e,f,y,f,c,n,b,t,?,,k,p,p,p,w,o,e,w,v,p
e,b,f,w,f,n,f,w,b,g,e,?,s,k,w,,p,w,t,p,w,s,g
p,c,y,y,f,n,f,w,n,y,e,c,y,y,y,y,p,y,o,e,w,c,l
p,x,s,n,f,s,f,c,n,b,t,?,s,k,w,p,p,w,o,e,w,v,p
p,k,y,e,f,y,f,c,n,b,t,?,k,k,p,p,p,w,o,e,w,v,l
e,x,s,g,f,n,f,w,b,g,e,?,s,s,w,w,p,w,t,p,w,s,g
e,b,s,n,f,n,a,c,b,n,e,?,s,s,o,o,p,n,o,p,y,v,l
p,k,y,e,f,y,f,c,n,b,t,?,s,k,p,p,p,w,o,e,w,v,l
e,b,s,n,f,n,a,c,b,o,e,?,s,s,o,o,p,o,o,p,n,c,l
p,k,y,e,f,y,f,c,n,b,t,?,s,s,p,w,p,w,o,e,w,v,l
p,k,y,e,f,f,f,c,n,b,t,?,k,k,p,p,p,w,o,e,w,,l
p,k,s,e,f,y,f,c,n,b,t,?,s,s,w,w,p,w,o,e,w,v,p
e,b,s,g,f,n,f,,b,p,e,?,s,s,w,w,p,w,t,p,w,s,g
e,k,s,n,f,n,a,c,b,n,e,?,s,s,,o,p,o,o,p,n,c,l
e,b,s,n,f,n,a,c,b,y,e,?,s,s,o,o,p,n,o,p,n,v,l
p,x,s,n,f,f,f,c,n,b,t,?,s,k,w,p,p,w,o,e,,v,d
e,x,s,g,t,n,f,c,b,w,e,b,s,s,w,w,p,w,t,p,w,v,p
e,x,f,g,f,n,f,w,b,w,e,?,k,s,w,w,p,w,t,p,w,s,g
p,k,s,n,f,s,f,c,n,b,t,?,k,s,p,p,p,w,o,e,w,v,l
e,k,f,g,f,n,f,w,b,p,e,?,k,s,w,w,p,w,t,p,w,n,g
p,k,s,n,,f,f,c,n,b,t,?,k,s,w,p,p,w,o,e,w,v,p
p,k,y,e,f,y,f,c,n,b,t,?,s,s,p,p,p,w,o,e,w,v,d
p,k,y,n,f,s,,c,n,b,t,?,s,s,p,w,p,w,,e,w,v,d
e,f,,p,t,n,f,c,b,w,e,b,s,s,w,w,p,w,t,p,w,y,p
p,k,y,n,f,f,f,c,n,b,t,?,k,s,w,p,p,w,o,e,w,v,d
p,k,y,e,f,f,f,c,n,b,t,?,s,s,p,w,p,w,o,e,w,v,p
e,f,s,n,f,,a,c,b,y,e,?,s,s,o,o,p,n,o,p,,c,l
p,,y,e,f,,f,c,n,b,t,?,k,k,p,w,p,w,o,,w,v,l
p,k,y,n,f,y,f,c,n,b,t,?,k,k,w,w,p,w,o,e,w,v,d
p,k,y,n,f,y,f,,n,b,t,?,k,k,p,p,p,w,o,e,w,v,d
p,f,y,n,f,s,f,c,n,b,t,?,s,k,w,w,p,w,o,e,w,v,p
p,k,,e,f,f,f,c,n,b,t,?,k,k,p,p,p,w,o,e,w,v,p
p,k,y,e,f,s,f,c,n,b,t,?,k,k,p,p,p,w,o,e,w,v,l
e,x,s,n,f,n,a,c,b,n,e,?,s,s,o,o,p,o,o,p,o,c,l
p,f,s,e,f,s,f,c,n,b,t,?,k,s,w,p,p,w,o,e,w,v,p
e,k,s,g,f,n,f,w,b,p,e,?,s,s,w,w,p,w,t,p,w,s,g
p,k,s,e,f,s,f,c,n,b,t,?,s,s,p,p,p,w,o,e,w,v,l
p,k,s,e,f,y,f,c,n,b,t,?,s,k,p,w,p,w,o,e,w,v,l
e,f,s,n,f,n,a,c,b,n,e,?,s,s,o,o,p,o,o,p,o,v,l
p,k,s,n,f,s,f,c,n,b,t,,s,k,p,p,p,w,o,e,w,v,l
e,x,f,g,f,n,f,w,b,p,e,?,s,k,w,w,p,w,,p,w,s,g
e,k,s,n,f,n,a,c,b,n,e,?,s,s,o,o,p,o,o,p,o,v,l
p,f,s,e,f,s,f,c,n,b,t,?,s,s,p,p,p,w,o,e,w,v,p
p,k,s,n,f,s,f,c,n,b,t,?,s,s,w,w,p,w,o,e,w,v,d
e,f,y,n,t,n,f,c,b,w,e,b,,s,w,w,p,w,t,p,w,y,p
e,x,f,g,f,n,f,w,b,g,e,?,s,k,w,w,p,w,t,p,w,n,g
e,k,s,w,f,n,f,w,b,w,e,?,k,s,w,w,p,w,t,p,w,n,g
e,b,s,n,f,n,a,c,b,n,e,?,s,s,o,o,p,n,o,p,b,c,l
p,k,y,e,f,s,f,c,n,b,t,?,k,k,w,w,p,w,o,e,w,v,p
p,k,y,e,f,y,f,c,n,b,t,?,s,s,w,w,p,w,o,e,w,v,l
e,k,y,n,f,n,f,c,b,w,e,b,y,y,n,n,p,w,t,p,w,y,p
e,x,f,g,f,n,f,w,b,p,e,?,k,k,w,w,p,w,t,p,w,s,g
p,k,,n,f,f,f,c,n,b,t,?,k,k,w,w,p,w,o,e,w,v,
p,k,y,e,f,f,f,c,n,b,t,?,s,k,p,p,p,w,o,e,w,v,l
p,k,,n,f,??,f,c,n,b,t,?,s,k,w,w,p,w,o,e,w,v,d
p,f,y,n,f,f,f,c,n,b,t,?,,k,w,p,p,w,o,e,w,v,l
e,f,s,n,f,n,a,c,b,y,e,?,s,s,o,o,p,n,o,p,b,v,l
p,f,y,e,f,f,f,c,n,b,t,?,s,s,w,p,p,w,,e,w,v,d
p,k,s,n,f,s,f,c,n,b,t,?,s,k,p,p,p,w,o,e,w,v,p
p,k,s,n,f,f,f,c,n,b,t,?,s,k,w,p,p,w,o,e,w,v,l
e,b,s,n,f,n,a,c,b,,e,?,s,s,o,o,p,o,o,p,y,c,l
,x,f,g,f,n,f,w,b,g,e,?,k,s,w,w,p,w,t,p,w,n,g
p,k,s,n,f,s,f,c,,b,t,?,s,k,w,w,p,w,o,e,w,v,p
p,k,y,n,f,f,f,c,n,b,t,?,s,s,w,w,p,w,o,e,w,v,p
e,x,s,g,f,n,f,w,b,w,e,?,s,s,w,w,p,w,t,p,w,s,g
p,k,y,n,f,s,f,c,n,b,t,?,k,,w,w,p,w,o,e,w,v,d
p,k,s,e,f,s,f,c,n,b,t,?,k,s,w,p,,w,o,e,w,v,d
,k,y,e,f,y,f,c,n,b,t,?,s,k,w,p,p,w,,e,,v,l
e,b,s,n,f,n,a,c,b,o,e,?,s,s,o,o,p,n,o,p,o,c,l
e,b,s,g,f,n,f,w,b,g,e,?,s,k,w,w,p,w,t,p,w,s,g
p,x,y,e,f,m,a,c,b,w,e,c,,y,c,c,p,w,n,n,w,c,d
p,k,s,n,f,f,f,c,n,b,t,?,k,s,p,p,p,w,o,e,w,v,p
p,k,y,e,f,f,f,c,n,b,t,?,k,s,p,p,p,w,o,e,w,v,d
p,k,y,e,f,y,f,c,n,b,t,?,s,k,,p,p,w,o,e,w,v,d
p,k,s,,f,f,f,c,n,b,t,?,k,k,w,p,p,w,o,e,w,v,d
p,k,y,e,f,s,f,c,n,b,t,?,k,s,p,p,p,w,o,e,w,v,l
p,k,s,e,f,s,f,c,n,b,t,?,s,s,p,w,p,w,o,e,w,v,d
p,x,s,e,f,y,f,c,n,b,t,?,k,s,p,w,p,w,o,e,w,,p
p,k,s,e,f,s,f,c,n,b,t,?,s,s,w,p,p,w,o,e,w,v,d
p,k,s,n,f,y,f,c,n,b,t,?,s,s,p,w,p,w,o,e,w,v,d
e,b,f,wrong,f,n,f,w,b,w,e,?,k,k,w,w,p,w,t,p,w,,g
p,k,y,n,f,m,a,c,b,y,e,c,k,y,c,c,p,w,n,n,w,c,d
e,f,s,n,t,n,f,c,b,w,e,b,s,s,w,w,p,w,t,p,w,v,p
p,,s,n,f,y,f,c,n,b,t,?,k,k,p,p,,w,o,e,w,v,p
p,f,y,y,,n,f,w,n,y,e,c,y,y,y,y,p,y,o,e,w,c,l
p,k,s,n,f,s,f,c,n,b,t,?,k,s,w,w,p,w,o,e,w,v,l
p,f,y,e,f,m,a,,b,y,e,c,k,y,c,c,p,w,n,n,w,c,d
e,x,f,g,f,n,f,w,b,p,e,?,s,s,w,w,p,w,t,p,w,n,g
p,k,y,n,f,y,f,c,n,b,t,?,s,k,p,w,p,w,o,e,w,v,d
p,k,s,n,f,s,f,c,n,b,t,?,k,s,w,p,p,w,o,e,w,v,l
p,f,,n,f,,f,c,n,,t,?,s,s,p,p,p,w,o,e,w,v,d
e,f,s,n,f,n,a,c,b,n,e,?,s,s,o,o,p,o,o,p,y,c,l
p,k,y,n,f,s,f,c,n,b,t,?,s,s,,p,p,w,o,e,w,v,d
p,f,y,n,f,f,f,c,n,b,t,?,k,k,p,w,p,w,,e,w,v,d
p,k,s,n,f,s,f,c,n,b,t,?,k,k,w,w,p,w,o,e,w,v,p
p,f,y,e,f,s,f,c,n,b,t,?,s,k,p,w,p,w,o,e,w,v,l
p,k,s,n,f,s,f,c,n,b,t,?,k,k,w,p,p,,o,e,w,v,p
,x,y,e,f,s,f,c,n,b,t,?,s,,p,p,p,w,o,e,w,v,d
p,k,y,n,f,y,f,c,n,b,t,?,s,k,p,p,p,w,o,e,w,v,p
e,x,s,w,f,n,f,w,b,p,e,?,k,s,w,w,p,w,t,p,w,s,g
e,x,s,g,f,n,f,w,b,,e,?,s,k,w,w,p,w,t,p,,s,g
e,x,f,w,f,n,f,w,b,w,e,?,k,k,w,w,p,w,t,p,w,s,g
p,k,s,n,f,s,f,c,n,b,t,?,k,s,p,w,p,w,o,e,w,v,d
p,k,s,e,f,f,f,c,n,b,t,?,k,k,w,p,p,w,o,e,w,v,d
p,k,y,e,f,y,,c,n,b,t,?,s,,p,w,p,w,o,e,w,v,p
p,k,s,e,f,f,f,c,n,b,t,?,s,s,p,p,p,w,,e,w,v,d
p,k,s,n,f,y,f,c,n,b,t,?,k,s,p,p,p,w,o,e,w,v,p
p,k,y,n,f,f,,c,n,b,t,?,k,k,w,p,p,w,o,e,w,v,l
p,k,y,e,f,y,f,c,n,b,t,?,s,s,w,w,p,w,o,e,w,v,p
p,k,s,n,f,y,f,c,n,b,t,?,s,k,w,w,p,w,o,e,w,v,d
p,k,s,e,f,s,f,c,n,b,t,?,s,k,w,w,p,w,o,e,w,,d
e,f,s,n,f,,a,c,Z,o,e,?,s,s,o,o,p,n,o,p,o,XXX,l
p,f,s,,f,s,f,c,n,b,t,?,s,s,,w,p,w,o,e,w,v,d
p,k,s,n,f,s,f,c,n,b,t,?,k,k,p,w,p,w,o,e,w,v,l
e,x,s,g,f,n,f,w,b,g,e,?,k,s,w,w,p,w,t,p,w,n,g
e,x,f,w,f,n,f,w,b,p,e,?,s,s,w,w,p,w,t,p,w,n,g
p,k,y,n,f,s,f,c,,b,t,?,s,,w,p,p,w,o,e,w,v,d
e,x,s,n,f,n,a,c,b,,e,?,s,s,o,o,p,n,o,p,o,c,l
p,k,y,n,f,s,f,c,n,b,t,?,k,k,w,p,p,w,o,e,w,v,l
p,k,y,n,f,s,f,c,n,b,t,?,s,s,p,w,p,w,o,e,w,v,l
p,k,y,n,f,s,f,c,n,b,t,?,s,s,w,p,p,w,o,e,w,v,p
p,k,y,e,f,s,f,c,n,b,t,?,k,s,p,w,p,w,o,e,w,v,l
p,k,s,n,f,f,f,c,n,b,t,?,k,,p,p,p,,o,e,w,v,l
e,b,s,n,f,n,a,c,b,y,e,?,s,s,o,o,p,n,o,p,b,c,l
e,f,s,n,f,n,,c,b,o,e,?,s,s,o,o,p,o,o,p,n,c,l
e,b,s,w,f,n,f,w,b,g,e,?,k,k,w,w,p,w,t,p,w,s,g
p,k,s,n,,y,f,c,n,b,t,?,k,k,p,w,p,w,o,e,w,v,l
e,x,s,n,f,n,a,c,b,n,e,?,s,s,o,o,p,n,o,p,n,c,l
p,k,y,n,f,s,f,c,n,b,t,?,k,s,p,w,p,w,o,e,w,v,d
,b,f,g,f,n,f,w,b,g,e,?,k,k,w,w,p,w,t,p,w,s,g
e,b,s,g,f,n,f,w,b,p,e,?,k,s,w,w,p,w,t,p,w,n,g
p,x,s,n,f,s,f,c,n,b,t,?,k,k,w,p,p,w,o,e,w,v,d
e,x,s,n,f,n,a,c,b,n,e,?,s,s,o,o,p,o,o,p,b,c,l
e,x,s,w,f,n,f,w,b,p,e,?,s,k,w,w,p,w,t,p,w,n,g
e,x,s,n,f,n,f,c,,w,e,,y,y,n,,p,w,t,p,w,y,p
e,k,s,g,f,n,f,w,b,g,e,?,s,k,w,w,p,w,t,p,w,s,g
e,x,s,w,f,n,f,w,b,g,e,?,k,k,w,w,p,w,t,p,w,n,g
p,f,y,c,f,m,f,c,b,y,e,c,k,y,c,c,p,w,n,n,w,c,d
e,x,s,,f,n,a,c,b,y,e,?,s,s,o,o,p,o,o,p,y,c,l
p,k,s,e,f,y,f,c,n,b,t,?,s,k,p,p,p,w,o,e,w,v,l
p,k,y,e,f,s,f,c,n,b,t,?,s,k,p,w,p,w,o,e,w,v,l
e,x,s,w,f,,f,w,b,p,e,?,k,s,w,w,p,w,t,p,w,n,g
e,k,f,w,f,n,f,w,b,g,e,?,k,k,w,w,p,w,t,p,w,s,g
e,b,f,g,f,??,f,w,b,p,e,?,k,s,w,w,p,w,t,p,w,s,g
e,k,s,n,f,n,a,c,b,n,e,?,s,s,o,o,p,o,o,p,b,v,l
p,k,y,n,f,f,f,c,n,b,t,?,s,s,p,p,p,w,o,e,w,v,p
p,f,y,e,f,s,f,c,n,b,t,?,k,k,p,p,p,w,o,e,w,,p
p,k,s,e,f,s,f,c,n,b,t,?,s,k,p,p,p,w,o,e,w,v,l
e,k,s,n,f,n,a,c,b,y,e,?,s,s,o,o,p,n,o,p,n,v,l
e,f,,p,t,n,f,c,b,w,e,b,s,s,w,w,p,w,t,p,w,v,p
p,k,y,n,f,f,f,c,n,b,t,?,k,k,w,w,p,w,,e,w,v,p
e,b,s,w,f,n,f,w,b,g,e,?,k,s,w,w,p,w,,p,w,s,g
p,k,s,e,f,y,f,c,n,b,t,?,s,s,w,p,p,w,o,e,,v,p
e,k,s,w,f,n,,w,b,p,e,?,k,k,w,w,p,w,t,p,w,s,g
p,k,y,n,f,s,f,c,n,b,t,?,s,k,p,p,p,w,o,,w,v,l
p,k,s,n,f,s,f,c,n,b,t,?,s,s,p,w,p,w,o,e,w,v,l
e,f,s,n,f,n,a,c,b,y,e,?,s,s,o,o,p,o,o,p,b,c,l
p,k,s,n,f,??,f,c,n,b,t,?,k,k,w,p,p,w,o,e,w,,l
p,k,y,e,f,f,f,c,n,b,t,?,k,k,p,p,p,w,o,e,w,v,d
e,x,s,n,f,n,a,c,b,n,e,?,s,s,o,o,p,n,o,p,y,,l
e,x,f,w,f,n,f,w,b,g,e,?,,k,w,w,p,w,t,p,w,n,g
e,,f,g,f,n,f,w,b,w,e,?,k,s,w,w,p,w,t,p,w,n,g
e,x,s,n,f,n,a,c,b,n,e,?,s,s,o,o,p,n,o,p,b,v,l
p,k,s,,f,y,f,c,n,b,t,?,s,s,p,p,p,w,o,e,w,v,p
p,k,y,e,f,y,f,,n,b,t,?,k,k,w,w,p,w,o,e,w,v,p
e,x,s,w,f,n,f,w,b,g,e,?,s,s,w,w,p,w,t,p,w,s,g
p,k,y,e,f,y,f,c,n,b,t,?,k,s,p,p,p,w,o,e,w,v,
e,x,f,g,f,n,f,w,b,w,e,?,s,s,w,w,p,w,t,p,w,s,g
p,k,s,n,,s,f,c,n,b,t,?,k,k,p,p,p,w,o,e,w,v,l
p,f,y,n,f,f,f,c,n,b,t,?,s,k,w,w,p,w,o,e,w,,d
p,k,s,e,f,s,f,c,n,b,t,?,k,s,w,w,p,w,o,e,w,v,d
e,k,s,n,f,n,f,c,b,w,e,b,y,y,n,n,p,w,t,p,w,y,p
p,k,s,e,f,y,f,c,n,b,t,?,k,s,w,w,p,w,o,e,w,v,l
p,k,s,n,f,y,f,c,n,b,t,?,k,s,w,w,p,w,o,e,w,v,p
e,b,s,g,f,n,f,w,b,g,e,?,s,s,w,w,p,w,t,p,w,s,g
p,k,y,n,f,s,f,c,n,b,t,?,k,k,p,w,p,w,o,e,w,v,l
p,k,s,n,f,f,f,c,n,b,t,?,k,s,w,w,p,w,o,e,w,v,p
e,k,,g,f,n,f,w,b,w,e,?,k,s,w,w,p,w,t,p,w,n,g
p,k,y,n,f,f,f,c,n,b,t,?,s,k,p,p,p,w,o,e,w,v,l
p,k,,e,,y,f,c,n,b,t,?,s,k,w,p,p,w,o,e,w,v,l
p,k,y,n,f,s,f,c,n,b,t,?,k,s,p,p,,w,o,e,w,v,p
p,k,s,e,f,y,f,c,n,b,t,?,s,s,p,p,p,w,o,e,w,v,d
e,k,f,w,f,n,f,w,b,g,e,?,s,k,w,w,p,,t,p,w,n,g
p,k,y,e,f,,f,c,n,b,t,?,k,s,p,w,p,w,o,e,w,v,d
p,k,y,e,f,s,f,c,n,b,t,?,k,k,p,w,p,w,o,e,w,v,d
e,b,f,,f,n,f,w,b,g,e,?,k,s,w,w,p,w,t,p,w,s,g
e,x,s,g,f,n,f,w,b,g,e,?,s,s,w,w,p,w,t,p,w,n,g
e,b,,g,f,n,f,w,b,w,e,?,k,s,w,w,p,w,t,p,w,s,g
p,k,y,e,f,s,f,c,n,b,t,?,s,k,p,p,p,w,o,e,w,v,p
p,k,s,n,f,y,f,c,n,b,t,?,s,k,w,w,p,w,o,e,w,v,p
p,k,y,e,f,y,f,c,n,b,t,?,k,k,w,w,p,,o,e,w,v,d
e,b,s,w,f,n,f,w,b,w,e,?,s,k,w,w,p,w,t,p,w,s,g
p,f,s,e,f,f,f,c,n,b,t,?,s,s,p,w,p,w,o,e,w,v,d
p,k,s,n,f,s,f,c,n,b,t,?,k,k,w,p,p,w,o,e,w,v,d
e,k,s,w,f,n,f,w,b,p,e,?,s,k,w,w,p,w,t,p,w,s,g
p,k,y,e,f,y,f,c,n,b,t,?,s,k,p,p,p,w,o,e,w,v,d
p,k,s,e,f,f,f,c,n,b,t,?,k,s,w,w,p,w,o,e,w,v,l
p,k,s,n,f,s,f,c,n,b,t,?,s,k,p,p,p,w,o,e,w,v,d
e,x,s,n,t,n,f,c,b,w,e,b,s,s,w,w,p,w,t,p,w,v,p
p,k,s,n,f,f,f,c,n,b,t,?,k,k,w,p,p,w,o,e,w,v,p
p,k,y,e,f,f,f,c,n,b,t,?,k,k,p,p,p,w,o,e,w,v,p
p,b,y,y,f,n,f,w,n,w,e,c,y,y,y,y,p,y,o,e,w,c,l
p,k,y,e,f,f,f,c,n,b,t,?,k,k,w,,p,w,o,e,w,v,l
e,x,s,n,t,n,f,c,b,w,e,b,s,s,w,w,p,w,t,p,w,y,p
p,k,s,e,f,f,f,c,n,b,t,?,s,s,p,p,p,w,o,e,w,v,p
e,k,f,g,f,n,f,w,b,p,e,?,k,k,,w,p,w,t,p,w,,g
p,k,s,e,f,s,f,c,n,b,t,?,s,s,p,,p,w,o,e,w,v,d
p,k,s,e,f,f,f,c,n,b,t,?,k,k,p,w,p,w,o,e,w,v,d
p,k,s,n,f,y,f,c,n,b,t,?,s,s,w,p,p,w,o,e,w,v,l
p,k,y,n,f,y,f,c,n,b,t,?,s,s,w,p,p,w,o,e,w,v,l
e,,f,g,f,n,f,w,b,,e,?,k,s,w,w,p,w,t,p,w,n,g
e,b,s,w,f,n,f,w,b,g,e,?,k,s,w,w,p,w,t,p,w,n,g
p,k,y,e,f,s,f,c,n,b,t,?,k,s,w,p,p,w,o,e,w,v,d
e,b,s,n,f,n,a,c,b,y,e,?,s,s,o,o,p,o,o,p,n,c,l
p,k,y,e,f,y,f,c,n,b,t,?,k,k,p,p,p,w,o,e,w,v,p
p,k,s,e,f,y,f,c,n,b,t,?,s,k,p,p,p,w,o,e,w,v,p
e,b,s,g,f,n,f,w,b,g,e,?,k,s,w,w,p,w,t,p,w,s,g
p,k,s,e,f,y,f,c,n,b,t,?,s,s,p,w,p,w,o,e,w,v,p
e,b,s,n,,n,a,c,b,n,e,?,s,s,o,o,p,n,o,p,o,v,l
p,f,s,n,f,y,f,c,n,b,t,?,s,s,p,p,p,w,o,e,w,v,p
p,k,s,e,f,y,f,c,n,b,t,?,k,s,w,w,p,w,o,e,w,v,d
p,k,s,n,f,y,f,c,n,b,t,?,k,s,w,w,p,w,o,e,w,v,l
p,k,y,n,f,y,f,c,,b,t,?,s,s,p,p,p,w,o,e,w,v,l
e,b,f,g,f,n,f,w,b,g,e,,,s,w,w,p,w,t,p,w,n,g
e,k,s,w,f,n,f,w,b,g,e,?,s,s,w,w,p,w,t,p,w,s,g
p,k,s,n,f,y,f,c,n,b,t,?,s,k,p,w,p,w,o,e,w,v,l
p,f,y,n,f,f,f,c,n,b,t,?,k,k,p,p,p,w,o,e,w,v,d
e,x,s,w,f,n,f,w,b,p,e,?,k,k,w,w,p,w,t,p,w,s,g
e,x,s,n,f,n,a,c,b,o,e,?,s,s,o,o,p,o,o,p,b,c,l
p,k,s,n,f,s,f,c,n,b,t,?,k,s,w,w,p,,o,e,w,v,p
p,k,y,,f,s,f,c,n,b,t,?,s,s,w,w,p,w,o,e,w,v,l
e,k,s,n,f,n,a,c,b,o,e,?,s,s,o,o,p,o,o,p,b,v,l
e,b,f,w,f,n,f,w,b,w,e,?,k,k,w,w,p,w,t,p,w,s,g
e,x,s,w,f,n,f,w,b,w,e,?,k,k,w,w,p,w,t,p,w,n,g
p,f,y,e,f,y,f,c,n,b,t,?,s,s,p,w,p,w,o,e,w,v,p
,k,y,e,f,f,f,c,n,b,t,?,s,s,w,p,p,w,o,e,w,v,l
p,x,y,e,f,m,f,c,b,y,e,c,,y,c,c,p,w,n,n,w,c,d
e,f,s,n,f,n,a,c,b,y,e,?,s,s,o,o,p,n,o,p,y,c,l
p,k,s,n,f,f,f,c,n,b,t,?,s,k,p,p,p,w,o,e,w,v,d
p,x,s,n,f,s,f,c,n,b,t,?,k,k,p,w,p,w,o,e,w,v,d
p,k,y,e,f,s,f,c,n,b,t,?,s,k,p,w,p,w,o,e,w,v,d
e,b,s,w,f,n,f,w,b,p,e,?,s,s,w,w,p,w,t,p,w,s,g
e,b,s,g,f,n,f,w,b,p,e,?,k,s,w,w,,w,t,p,w,s,g
e,k,f,g,f,n,f,w,b,g,e,?,k,s,w,w,p,w,t,p,w,n,g
e,k,f,g,f,n,f,w,b,p,e,?,k,k,w,w,p,w,t,p,w,n,
e,x,f,w,f,n,f,w,b,w,e,?,k,s,,w,p,w,t,p,w,n,g
p,k,y,e,f,s,f,c,n,b,t,?,k,s,p,p,p,w,o,e,,v,p
p,f,y,e,f,s,f,c,n,b,t,?,k,s,p,p,p,w,o,e,w,v,l
p,k,y,e,f,s,f,c,n,b,t,?,s,s,p,w,p,w,o,e,w,v,l
p,f,s,n,f,f,f,c,n,b,t,?,k,k,p,w,p,w,o,e,w,v,l
e,b,s,w,f,n,f,w,b,p,e,?,k,s,w,w,p,w,t,,w,s,g
e,k,s,w,f,n,f,w,b,w,e,?,k,k,w,w,p,w,t,p,w,,g
e,b,f,w,f,n,f,w,b,p,e,?,s,s,w,w,p,w,t,p,w,n,g
e,f,s,n,f,n,a,c,b,n,e,?,,s,o,o,p,n,o,p,b,c,l
p,k,y,e,f,s,f,c,n,b,t,?,s,s,p,w,p,w,o,e,w,v,d
p,k,s,n,f,f,f,c,n,b,t,?,s,s,w,w,p,w,o,e,w,v,p
p,k,s,wrong,f,y,f,c,n,b,t,?,s,k,w,p,p,w,o,e,w,v,p
p,f,y,n,f,y,,c,n,b,t,?,s,k,w,p,p,w,o,e,w,v,d
p,x,s,e,f,f,f,c,n,b,t,?,k,k,p,w,p,w,o,e,w,v,l
e,f,s,n,f,n,a,c,,y,e,?,s,s,,o,p,o,o,p,o,v,l
e,k,f,w,f,n,f,w,b,w,e,?,s,k,w,w,p,w,t,p,w,s,g
p,k,s,n,f,y,f,c,n,b,t,?,k,s,w,p,p,w,o,e,w,v,d
p,x,s,n,f,y,f,c,n,b,t,?,k,s,w,w,p,,o,e,w,v,d
e,b,f,g,f,n,f,w,b,w,e,?,s,k,w,w,p,w,t,p,w,s,g
p,k,y,n,f,s,f,c,n,b,t,?,k,k,p,p,p,w,o,e,w,v,d
e,b,s,n,f,n,a,c,b,o,e,?,s,s,o,o,p,o,o,p,y,c,l
e,f,s,n,f,,a,,b,y,e,?,s,s,o,o,p,o,o,p,n,v,l
p,k,y,e,f,s,f,c,n,b,t,?,k,k,p,w,p,w,o,e,w,v,p
p,k,s,e,f,s,f,c,n,b,t,?,k,k,p,p,p,w,o,e,w,v,d
p,k,y,n,f,s,f,c,n,b,t,?,k,s,p,,p,w,o,e,w,v,p
p,k,y,e,f,s,f,c,n,b,t,?,s,k,w,w,p,w,o,e,w,v,p
p,k,y,n,f,f,f,c,n,b,t,?,k,k,,p,p,w,o,e,w,v,d
e,x,s,g,,n,f,w,b,w,e,?,k,k,w,w,p,w,t,p,w,s,
p,k,y,n,f,f,f,c,n,b,t,?,s,s,w,w,p,w,o,e,w,v,d
e,f,y,c,t,n,f,c,b,w,e,b,s,s,w,w,p,w,,p,w,v,p
e,b,s,n,f,n,a,c,,n,e,?,s,s,o,o,p,n,o,p,n,v,l
p,k,s,e,f,y,f,c,n,b,t,?,s,k,w,w,p,w,o,e,w,v,l
p,k,s,n,f,f,f,c,n,b,t,?,s,s,p,w,,w,o,e,w,v,d
p,k,y,n,f,f,f,c,n,b,t,?,s,s,w,p,p,w,o,e,w,v,p
e,b,f,g,f,n,,w,b,g,e,?,s,k,w,w,p,w,t,p,w,s,g
p,k,y,n,f,s,,c,n,b,t,?,k,k,w,w,p,w,o,e,w,v,p
e,b,f,w,f,n,f,w,b,p,e,?,k,k,w,w,p,w,t,,w,s,g
p,k,s,e,f,f,f,c,n,b,t,?,s,k,p,p,p,w,,e,w,v,l
e,x,s,w,f,n,f,w,b,p,e,?,s,k,w,w,p,w,t,p,w,s,g
p,k,y,e,f,f,f,c,n,b,t,?,s,k,w,w,p,w,o,e,w,v,l
p,k,y,e,f,s,f,c,n,b,t,?,s,k,p,p,p,w,o,e,w,v,
e,x,s,w,f,,f,w,b,w,e,?,k,s,w,w,p,w,t,p,w,n,g
p,k,y,e,f,f,f,c,n,b,t,?,s,s,w,w,p,w,o,e,w,v,d
p,k,y,n,f,s,f,c,Z,b,t,?,s,k,w,p,,w,o,e,w,XXX,p
e,k,s,n,f,n,a,c,b,o,e,?,s,s,o,o,p,n,o,p,o,v,l
e,k,s,n,f,n,a,c,b,o,e,?,s,s,o,o,p,n,,p,n,v,l
p,k,s,e,f,y,f,c,n,b,t,?,k,s,p,p,p,w,o,e,w,v,l
,k,s,e,f,s,f,c,n,b,t,?,k,s,w,p,p,w,o,e,w,v,p
e,k,s,n,f,n,a,c,b,y,e,?,s,s,o,o,p,n,o,p,n,c,l
p,k,s,n,f,y,f,c,n,b,t,?,s,k,p,w,p,w,o,e,w,v,d
p,k,s,e,f,f,f,c,n,b,t,?,s,s,w,p,p,w,o,e,w,v,
p,k,y,e,f,s,f,c,n,,t,?,k,k,p,p,p,w,o,e,w,v,d
p,k,y,e,f,f,f,c,n,b,t,?,s,s,p,p,p,w,o,e,w,v,d
p,k,y,e,f,f,f,c,n,b,t,?,s,k,w,p,p,w,o,e,w,v,l
e,k,f,w,f,n,f,w,b,w,e,?,s,k,w,w,p,w,t,p,w,n,g
e,,s,n,f,n,a,c,b,o,e,?,s,s,o,o,p,o,o,p,n,v,l
p,k,s,e,f,s,f,c,n,b,t,?,k,k,p,w,p,w,o,e,w,v,d
e,f,s,n,f,n,a,c,b,y,e,?,s,s,o,o,p,o,o,p,b,v,l
e,f,y,n,f,n,f,c,b,w,,b,y,y,n,n,p,w,t,p,w,y,p
p,k,y,e,f,,f,c,n,b,t,?,k,,w,w,p,w,o,e,w,v,l
e,f,s,,t,n,f,c,b,w,e,b,s,s,w,w,p,w,t,p,w,y,p
e,x,s,p,t,n,f,c,b,,e,b,s,s,w,w,p,w,t,p,w,v,p
p,c,y,y,f,n,f,w,n,w,e,c,y,y,y,y,p,y,o,,w,c,l
p,k,s,,f,f,f,c,n,b,t,?,k,s,p,p,p,w,o,e,w,v,p
p,k,y,e,f,f,f,c,n,b,t,?,s,k,w,p,p,w,o,e,w,,d
p,k,y,e,f,m,a,c,b,y,e,c,k,y,c,c,p,w,n,n,w,c,d
e,b,s,n,f,n,a,c,b,y,e,?,s,s,o,,p,n,o,p,o,v,l
p,k,s,n,f,s,f,c,n,b,t,?,s,k,p,w,p,w,o,e,w,v,l
e,x,s,w,f,n,f,w,b,g,e,?,s,k,w,w,p,w,,p,w,s,
p,x,s,e,f,f,f,c,n,b,t,?,s,s,w,w,p,w,o,e,w,v,l
p,x,y,c,f,m,f,c,b,w,e,c,k,y,c,c,p,w,n,n,w,c,d
p,f,s,n,f,s,f,c,n,b,t,?,s,s,p,p,p,w,o,e,w,v,l
e,k,s,n,f,n,a,c,b,o,e,?,s,s,o,o,p,o,o,p,b,c,l
e,b,y,n,f,n,f,c,b,w,e,b,y,y,n,n,p,w,t,p,w,y,d
p,f,s,,f,s,f,c,n,b,t,?,k,s,p,p,p,w,o,e,w,v,d
p,k,s,n,f,y,f,c,n,b,t,?,s,s,p,w,p,w,o,e,w,v,p
e,b,s,g,f,n,f,w,b,w,e,?,k,k,w,w,p,w,t,p,w,s,g
e,x,y,n,t,n,f,c,b,w,e,b,s,s,w,w,p,w,t,p,w,v,p
p,f,s,n,f,s,f,c,n,b,t,?,k,s,p,w,p,w,o,e,w,v,p
e,k,s,,f,n,a,c,b,o,e,?,s,s,o,o,p,n,o,p,y,c,l
e,b,f,w,f,n,f,w,b,,e,?,k,s,w,w,p,w,t,p,w,n,g
e,x,f,w,f,n,f,w,b,g,e,?,s,s,w,w,p,,t,p,w,n,g
p,k,s,n,f,y,f,c,n,b,t,?,k,s,p,p,p,w,o,e,w,v,d
p,x,y,n,f,m,a,c,b,y,e,c,k,y,c,c,p,w,n,n,w,c,d
p,k,y,e,f,s,f,c,n,b,t,?,s,s,w,p,p,w,o,e,w,v,p
e,x,s,n,f,n,a,c,b,o,e,?,s,s,o,o,p,n,o,p,b,c,l
p,k,s,e,f,f,f,c,n,b,t,?,s,s,w,p,p,w,o,e,w,v,p
p,x,s,e,f,s,f,c,n,b,t,?,k,s,p,p,p,w,o,e,w,v,l
p,k,,n,f,y,f,c,n,b,t,?,k,s,p,w,p,w,o,e,w,v,l
p,k,y,e,f,s,f,c,n,b,t,?,k,k,w,w,p,w,o,e,w,v,d
p,k,y,n,f,f,f,c,n,b,t,?,k,k,p,w,p,w,o,e,w,v,l
p,k,s,e,f,f,f,c,n,b,t,?,s,,p,p,p,w,o,e,w,v,d
e,b,f,g,f,n,f,w,b,p,e,?,s,s,w,w,p,w,t,p,w,n,g
e,k,s,n,f,n,a,c,b,o,e,?,s,s,o,o,p,n,o,p,y,v,l
p,k,y,n,f,s,f,c,n,b,t,?,,k,w,p,p,w,o,e,w,v,p
p,k,y,y,f,n,f,w,n,w,e,c,y,y,y,y,p,y,o,e,w,c,l
e,k,s,w,f,n,f,w,b,p,e,?,k,s,w,w,p,w,t,p,w,n,g
e,x,s,n,f,n,a,c,b,n,e,?,s,s,o,o,p,o,o,p,y,c,l
p,k,s,n,f,s,f,c,n,b,t,?,k,s,p,w,p,w,o,e,w,v,
e,k,f,g,f,n,f,w,b,p,e,?,s,k,w,w,p,w,t,p,w,s,g
e,k,f,w,f,n,f,w,b,w,e,?,s,s,w,w,p,w,t,p,w,n,g
e,f,s,n,f,n,a,c,b,o,e,?,s,s,o,o,p,n,o,p,b,c,l
e,x,s,w,f,n,f,w,b,p,e,?,k,k,w,w,p,w,t,p,,n,g
e,b,s,g,f,n,f,w,b,w,e,?,k,k,w,w,p,w,t,p,w,n,g
e,x,f,w,f,n,f,,b,w,,?,s,k,w,w,p,w,t,p,w,n,g
e,k,f,w,f,n,f,w,b,p,e,?,k,s,w,w,p,w,t,p,w,n,g
p,k,s,n,f,f,f,c,n,b,t,?,s,s,p,p,p,w,o,e,w,v,d
p,k,y,e,f,s,f,c,n,b,t,,s,s,w,p,p,w,o,e,w,v,d
e,k,f,g,f,n,f,w,b,p,e,?,s,s,w,w,p,w,t,p,w,s,g
e,x,s,w,f,n,f,w,b,p,e,?,s,s,w,w,p,w,t,p,w,s,g
p,k,s,n,f,f,f,c,n,b,t,?,s,s,p,w,p,w,o,e,w,v,p
p,k,y,n,f,s,f,c,n,,t,?,k,s,w,p,p,w,o,e,w,v,d
p,k,y,n,f,f,f,c,n,b,t,?,k,k,p,w,p,w,o,e,w,v,p
p,k,s,e,f,f,f,c,n,b,t,?,k,k,w,p,p,w,o,e,w,v,p
p,k,s,e,f,s,f,c,n,b,t,?,k,s,w,w,p,w,o,e,w,v,l
e,b,,n,f,n,a,c,b,,e,?,s,s,o,o,p,o,o,p,n,v,l
p,k,s,e,f,s,f,c,n,,t,?,s,k,w,w,p,w,o,e,w,v,p
e,x,s,g,f,n,f,w,b,p,e,?,s,s,w,w,p,w,t,p,w,n,g
e,x,s,n,f,n,,c,b,o,e,?,s,s,o,o,p,o,o,p,y,v,l
e,b,s,w,f,n,f,w,b,w,e,?,k,k,w,w,p,w,t,p,w,n,g
p,k,s,e,f,s,f,c,n,b,t,?,k,s,p,w,p,w,o,e,w,v,p
e,x,s,n,f,n,a,c,b,y,e,?,s,s,o,o,p,o,o,p,n,v,l
p,k,s,n,f,f,f,c,n,b,t,?,k,k,w,w,p,w,o,e,w,v,d
p,k,s,e,f,f,f,c,n,b,t,?,k,s,p,p,p,w,o,e,w,v,d
p,k,y,e,f,s,f,c,n,b,t,?,s,k,w,p,p,w,o,e,,v,p
e,b,f,w,f,n,f,w,b,p,e,?,s,s,w,w,p,w,t,p,w,s,g
p,k,y,n,f,f,f,c,n,b,t,?,k,s,w,w,p,w,o,e,w,v,d
p,k,s,e,f,s,f,c,n,b,t,?,k,k,w,p,p,w,o,e,w,v,d
e,b,s,g,f,n,f,w,b,w,e,,s,k,w,w,p,w,t,p,w,s,g
p,k,s,n,f,y,f,c,n,b,t,?,k,k,p,,p,w,o,e,w,v,d
p,x,s,n,f,y,f,c,n,b,t,?,s,k,w,w,p,w,o,e,w,v,p
p,k,y,e,f,f,f,c,n,b,t,?,k,,p,w,p,w,o,e,w,v,l
e,x,s,w,f,n,f,w,b,p,e,?,s,s,w,w,p,w,t,p,w,n,g
e,x,s,wrong,f,n,f,w,b,g,e,?,k,k,w,w,p,w,t,p,w,s,g
p,k,y,n,f,s,f,c,n,b,t,?,k,s,w,p,p,w,o,e,w,v,p
e,,s,n,f,n,f,c,Z,w,e,,y,y,n,n,p,w,t,p,w,XXX,d
p,k,s,e,f,y,f,c,n,b,t,?,s,k,w,p,p,w,o,e,w,v,d
p,k,y,e,f,s,f,c,n,b,t,?,s,s,w,p,p,w,o,e,w,v,l
e,b,s,n,f,n,a,c,b,y,e,?,s,s,o,o,p,o,o,p,o,,l
e,b,f,g,f,n,f,w,b,w,e,?,s,k,w,w,p,w,t,p,w,,g
p,k,s,e,f,f,f,c,n,b,t,?,s,s,p,w,p,w,o,,w,v,l
p,k,s,n,f,s,f,c,n,b,t,?,s,s,w,p,p,w,o,e,w,v,l
p,f,y,n,f,f,f,c,n,b,t,?,k,k,p,w,p,w,o,e,w,v,p
p,f,y,n,f,f,f,c,n,b,t,?,s,k,p,w,p,w,o,e,w,v,d
e,f,s,n,,n,a,c,b,o,e,?,s,s,o,o,p,o,o,p,y,c,l
p,k,y,n,f,y,f,c,n,b,t,?,s,s,w,w,p,w,o,e,w,v,d
e,k,s,w,f,n,,w,b,w,e,?,s,s,w,w,p,w,t,p,w,s,g
e,b,s,n,f,n,a,c,b,y,e,?,s,s,,o,p,o,o,p,b,c,l
p,k,y,n,f,s,f,c,n,b,t,?,k,k,p,w,p,w,o,e,w,v,p
p,k,s,n,f,y,f,c,n,b,t,?,k,s,w,p,p,w,o,e,w,v,p
p,k,s,e,f,s,f,,n,b,t,?,s,k,p,p,p,w,o,e,w,v,d
e,k,s,w,f,n,f,w,b,p,e,?,s,k,w,w,p,w,t,p,w,n,g
p,k,y,e,f,y,f,c,n,b,t,?,k,s,p,p,p,w,o,e,w,v,l
e,x,s,w,f,n,f,w,b,w,e,?,s,s,w,w,p,w,t,p,w,s,g
p,k,y,e,f,s,f,c,n,b,t,?,k,s,p,w,p,w,o,e,w,v,d
p,k,y,e,f,s,f,c,n,b,t,?,k,k,w,p,p,w,o,e,w,v,d
p,k,y,n,f,s,f,c,n,b,t,?,k,s,w,w,p,w,o,e,w,v,d
p,f,y,c,f,m,a,c,b,w,,c,k,y,c,c,p,w,n,n,w,c,d
p,x,s,n,f,s,f,c,n,b,t,?,s,k,p,w,p,w,o,e,w,v,d
e,k,f,g,f,n,f,w,b,w,e,?,k,s,w,w,p,w,t,p,w,s,g
p,k,s,e,f,y,f,c,n,b,t,?,s,s,w,w,p,w,o,e,w,v,l
p,x,y,n,f,m,f,c,Z,w,e,c,k,y,c,c,p,w,n,n,w,XXX,d
p,f,y,e,f,y,f,c,,b,t,?,s,s,w,w,p,w,o,e,w,v,l
e,k,s,n,f,??,a,c,b,n,e,?,s,s,o,o,p,n,o,p,b,c,l
p,k,s,n,f,s,f,c,n,b,t,?,s,s,p,p,p,w,o,e,w,v,p
e,b,f,g,f,n,f,w,b,g,e,?,s,,,w,p,w,t,p,w,n,g
e,b,f,w,f,n,f,,b,p,,?,s,k,w,w,p,w,t,,w,n,g
,x,s,n,f,n,a,c,b,y,e,?,s,s,o,o,p,o,o,p,y,v,l
p,k,y,n,f,s,f,c,n,b,t,?,s,k,w,p,p,w,o,e,w,v,l
e,f,s,n,f,n,a,c,b,y,e,?,s,s,o,o,p,n,o,p,,c,l
e,x,s,w,f,n,f,w,b,g,e,?,s,s,w,w,p,w,t,,w,n,g
p,k,s,e,f,s,f,c,n,b,t,?,s,s,w,w,p,w,o,e,w,v,l
p,k,s,e,f,y,f,c,n,,t,?,k,k,w,p,p,w,o,e,w,v,p
e,x,,g,f,n,f,w,b,w,e,?,k,k,w,w,p,w,t,p,w,n,g
e,b,s,g,f,n,f,w,b,g,e,?,s,s,w,w,p,w,t,p,w,n,g
p,k,y,n,f,f,f,c,n,b,t,?,s,k,p,p,p,w,o,e,w,v,d
p,k,y,e,f,m,f,c,b,w,e,c,k,,c,c,p,w,n,n,w,,d
p,k,y,e,f,f,f,c,n,b,t,?,s,s,w,p,p,w,o,e,w,v,p
p,k,y,n,f,f,f,c,n,,t,?,s,k,w,p,p,w,o,e,w,v,p
e,x,f,w,f,n,f,w,b,p,e,?,k,s,w,w,p,w,t,p,w,s,g
p,k,y,e,f,f,f,c,n,b,t,?,k,s,w,w,p,w,o,e,w,v,l
e,b,s,n,f,n,a,c,b,y,e,?,s,s,o,o,p,n,o,p,b,v,l
p,k,y,,f,s,f,c,n,b,t,?,k,k,w,p,p,w,o,e,w,v,d
p,k,,n,f,s,f,c,n,b,t,?,s,s,w,p,p,w,o,e,w,v,p
e,b,s,n,f,n,a,c,b,y,e,?,s,s,o,o,p,n,o,p,y,v,l
e,f,s,n,f,n,a,c,b,o,e,?,s,s,o,o,p,n,o,p,n,v,l
e,k,s,g,,n,f,w,b,w,e,?,k,k,w,w,p,w,t,p,w,n,g
e,f,s,n,f,n,a,c,b,y,e,?,s,s,o,o,p,o,o,p,y,c,l
p,k,y,e,f,y,f,c,n,b,t,?,s,k,p,w,p,w,o,e,w,v,l
e,b,s,n,f,n,a,c,b,n,,?,s,s,o,o,p,n,o,p,b,v,l
e,k,s,n,f,n,a,c,b,y,e,?,s,s,o,o,p,o,o,p,n,c,l
,k,y,e,f,y,f,c,n,b,t,?,s,k,w,w,p,w,o,e,w,v,d
e,f,s,n,f,n,a,c,b,y,e,?,s,s,o,o,p,o,o,p,n,c,l
p,k,s,e,f,f,f,c,n,b,t,?,k,s,w,p,p,w,o,e,w,v,d
e,b,f,g,f,n,f,w,b,g,e,?,k,k,w,w,p,w,t,p,w,n,g
p,k,y,n,,y,f,c,n,b,t,?,s,s,w,p,p,w,o,e,w,v,d
e,f,s,n,f,n,a,c,b,n,e,?,s,s,o,o,p,o,o,p,,v,l
p,k,s,n,f,s,f,c,n,b,t,?,k,k,w,p,p,w,o,e,w,v,l
e,x,s,g,f,n,f,w,b,w,e,?,k,s,w,w,p,w,t,p,w,s,g
e,x,s,g,f,n,f,w,b,g,e,?,k,k,w,w,p,w,t,p,w,s,g
e,k,s,n,f,n,a,c,b,y,e,?,s,s,o,o,p,n,o,p,b,v,l
e,x,s,n,f,n,a,c,b,y,e,?,s,s,o,o,p,n,o,p,b,c,l
p,k,y,e,f,y,f,c,n,b,t,?,s,s,w,w,p,w,o,e,w,v,d
e,x,f,g,f,n,f,w,b,w,e,?,k,k,w,w,p,w,t,p,w,n,g
p,k,s,n,f,f,f,c,n,,t,?,k,s,w,p,p,w,o,e,w,v,d
p,k,y,e,f,s,f,c,n,b,t,?,k,s,p,p,p,w,o,e,w,v,d
p,k,y,n,f,f,f,,n,b,t,?,s,s,p,w,p,w,o,e,w,,p
p,k,s,e,f,f,f,c,n,b,t,?,k,s,p,w,p,w,o,e,w,v,d
p,k,y,n,f,s,f,c,n,b,t,?,s,k,w,w,p,w,o,e,w,v,l
p,k,y,e,f,s,f,c,n,b,t,?,s,s,p,p,p,w,o,e,w,v,l
e,x,s,w,f,n,f,w,b,g,e,?,k,s,w,w,p,w,t,p,w,n,g
p,k,s,n,f,s,f,c,n,b,t,?,s,s,p,p,p,w,o,e,w,v,l
p,k,s,e,f,y,f,c,n,b,t,?,k,s,w,p,p,w,o,e,w,v,p
p,k,s,e,f,s,f,c,n,b,t,?,s,s,w,w,p,w,o,e,w,v,p
e,x,f,g,f,,f,w,b,w,e,?,,s,w,w,p,w,t,p,w,n,g
e,x,s,n,f,n,a,,b,o,e,?,s,s,o,o,p,o,o,p,o,c,l
e,b,s,w,f,n,f,w,b,p,e,?,k,k,w,w,p,w,t,p,w,n,g
p,k,s,n,f,f,f,c,n,b,t,?,s,k,w,w,p,w,o,e,w,v,l
p,k,y,n,f,f,f,c,n,b,t,?,s,s,w,,p,w,o,e,,v,l
p,k,s,n,f,s,f,c,n,b,t,?,s,s,w,p,p,w,o,e,w,v,d
p,x,y,e,f,f,f,c,n,b,t,?,k,s,w,w,p,w,o,e,w,v,p
p,k,y,e,f,f,f,c,n,b,t,?,k,s,p,w,p,w,o,e,w,v,d
e,x,,n,f,n,a,c,b,o,e,?,s,s,o,o,p,o,o,p,b,v,l
e,x,s,g,f,n,f,w,b,g,e,?,k,s,w,w,p,w,t,p,w,s,g
p,k,s,e,f,f,f,c,n,b,t,?,k,s,,p,p,w,o,e,w,v,l
p,k,y,e,f,f,f,c,n,b,t,?,k,s,p,p,p,w,o,e,w,,l
e,k,s,w,f,n,f,w,b,g,e,?,k,s,w,w,p,w,t,p,w,n,g
e,b,s,n,f,n,a,c,b,y,e,?,s,s,o,o,p,o,o,p,b,v,l
e,k,s,w,f,n,f,w,b,p,e,?,k,k,w,w,p,w,t,p,w,n,g
p,k,s,e,f,s,f,c,n,b,t,?,s,k,p,w,p,w,o,e,w,v,d
p,k,y,n,f,f,f,c,n,b,t,?,s,k,w,w,p,w,o,e,w,v,p
p,k,s,e,f,y,f,c,n,b,t,?,s,s,p,p,p,w,o,e,w,v,l
p,k,s,n,f,y,f,c,n,,t,?,k,s,p,w,p,w,o,e,w,v,d
p,x,s,n,f,s,f,c,n,b,t,,k,k,p,w,p,w,o,e,w,v,l
e,k,s,n,f,n,a,c,b,,e,?,s,s,o,o,p,o,,p,n,c,l
p,k,s,n,f,f,f,c,n,b,t,?,k,s,w,w,p,w,o,e,w,v,d
p,k,s,n,f,s,f,c,n,b,t,?,k,k,w,w,p,w,o,e,w,v,d
p,k,y,e,f,f,f,c,n,b,t,?,s,k,p,w,p,w,o,e,w,v,l
e,x,f,w,f,n,f,,b,p,e,?,s,,w,w,p,w,t,p,,s,g
p,f,s,e,f,y,f,c,n,b,t,?,k,s,w,p,p,w,o,e,w,v,d
p,k,s,n,f,y,f,c,n,b,t,?,k,s,p,p,p,w,o,e,w,v,l
p,k,s,e,f,f,f,c,n,b,t,?,s,s,w,w,p,w,o,e,w,v,d
e,f,s,n,f,n,a,c,b,o,e,?,s,s,o,o,p,o,o,p,b,,l
e,,y,n,f,n,f,c,b,w,e,b,y,y,n,n,p,w,t,p,w,y,d
p,k,y,n,f,s,f,c,n,b,t,?,k,s,p,p,,w,o,e,w,v,d
p,k,s,e,f,s,f,c,,b,t,?,k,k,p,w,p,w,o,e,w,v,l
e,b,s,w,f,n,f,w,b,,e,?,s,k,w,w,p,w,t,p,w,s,g
p,k,y,n,f,s,f,c,n,b,t,?,s,s,w,w,p,w,o,,w,v,p
p,k,s,n,f,y,f,c,n,b,t,?,s,s,w,w,p,w,o,e,w,v,p
e,x,s,n,f,n,a,c,b,o,e,?,s,s,o,o,p,o,o,p,n,c,l
e,x,s,wrong,f,n,f,w,b,p,e,?,s,k,w,w,p,w,t,p,w,s,g
e,x,s,g,f,n,f,w,b,g,e,?,k,k,w,w,p,w,t,p,w,n,g
p,f,y,n,f,y,f,c,n,b,t,?,k,k,p,p,p,w,o,e,w,v,p
p,f,y,n,f,s,f,c,n,b,t,?,s,s,w,p,p,w,o,e,w,v,d
e,,y,g,t,n,f,c,b,w,e,?,s,s,w,w,p,w,t,p,w,v,p
p,k,s,e,f,y,f,c,n,b,t,?,s,s,p,w,p,w,o,,w,v,d
e,x,f,,f,n,f,w,b,w,e,?,k,s,w,w,p,w,t,p,w,s,g
p,k,y,n,f,s,f,c,n,b,t,?,s,k,p,w,p,w,,e,w,v,p
p,k,s,n,f,y,f,c,n,b,t,?,s,k,p,w,p,w,o,e,w,v,p
p,x,s,e,f,f,f,c,n,b,t,?,s,k,p,w,p,w,o,e,w,v,p
e,x,f,g,f,n,f,w,b,p,e,?,k,s,w,w,p,w,t,p,w,s,g
e,f,s,n,f,n,a,c,b,n,e,?,s,s,o,o,p,o,o,p,n,v,l
p,x,y,e,f,f,f,c,Z,b,t,?,k,s,p,w,p,,o,e,w,XXX,p
e,b,f,w,f,n,f,w,b,w,e,?,s,s,w,w,p,w,t,p,w,s,g
p,k,s,e,f,f,f,c,n,b,t,?,s,s,w,w,p,w,o,e,w,v,l
e,x,f,g,f,n,f,w,b,p,e,?,s,s,w,w,p,w,t,p,w,s,g
p,f,y,n,f,,a,c,b,y,e,c,k,y,c,c,p,w,n,n,w,c,d
e,x,s,n,f,n,a,c,Z,y,e,?,s,s,o,o,p,n,o,p,o,XXX,l
e,b,s,g,f,n,f,w,b,p,e,?,s,k,w,w,p,w,t,p,w,n,g
e,b,s,n,f,n,a,c,b,n,e,?,s,s,o,o,p,o,o,p,o,v,l
p,k,s,e,f,f,f,c,n,,t,?,k,k,p,p,p,w,o,e,w,v,
e,f,s,n,f,n,a,c,b,,e,?,,s,o,o,p,o,o,p,o,v,l
e,x,f,g,f,n,f,w,b,w,e,?,s,k,w,w,p,w,t,p,w,n,g
p,k,s,n,f,f,f,c,n,b,t,?,s,k,w,w,,w,o,e,w,v,p
e,x,f,w,f,??,f,w,b,p,e,?,s,k,w,w,,w,t,p,w,n,g
e,,y,p,t,n,f,c,b,w,e,b,s,s,w,w,p,w,,p,w,v,p
p,k,y,e,f,??,f,c,n,b,t,,s,s,p,w,p,w,o,e,w,v,l
e,k,f,g,f,n,f,w,b,w,e,?,s,k,w,w,p,w,t,p,w,n,g
e,k,s,n,f,n,a,c,b,o,e,?,s,s,o,o,p,o,o,p,y,c,l
p,k,s,n,f,f,f,c,n,b,t,?,k,k,p,w,p,w,o,e,w,v,d
p,k,s,n,f,y,f,c,n,b,t,?,,k,w,w,p,w,o,e,w,v,l
p,k,s,e,f,s,f,c,n,,t,?,s,k,w,p,p,w,o,,w,v,p
p,k,y,n,f,s,f,c,n,b,t,?,s,k,p,p,p,w,o,e,w,v,d
e,k,s,n,f,n,a,c,b,o,e,?,s,s,o,o,p,n,o,p,o,c,l
p,k,y,n,f,s,f,c,n,b,t,?,k,s,w,w,p,w,o,e,w,v,p
e,k,f,w,f,n,f,w,b,p,e,?,s,k,w,w,p,w,t,p,w,s,g
p,k,y,wrong,f,f,f,c,n,b,t,?,k,k,p,w,p,w,o,,w,v,p
e,f,s,n,f,n,f,c,b,w,e,b,y,y,n,n,p,w,t,p,w,y,p
p,k,s,e,f,s,f,c,n,b,t,?,s,k,p,w,p,w,o,e,w,v,p
e,x,f,wrong,f,,f,w,b,w,e,?,k,k,w,w,p,w,t,,w,s,g
p,k,y,e,f,f,f,c,n,b,t,?,s,s,p,w,p,w,o,e,w,v,d
p,k,y,e,f,y,f,c,n,b,t,?,k,s,w,w,p,w,o,e,w,v,d
p,k,s,n,f,f,f,c,n,b,t,?,s,s,w,p,p,w,o,e,w,v,l
e,b,s,n,f,n,a,c,b,n,,?,s,,o,o,p,n,o,p,o,c,l
e,k,s,w,f,n,f,w,b,w,e,?,s,s,w,,p,w,t,p,w,n,g
e,b,s,n,f,n,a,c,b,y,e,?,s,s,o,o,p,o,o,p,o,c,l
e,f,y,g,t,n,f,c,b,w,e,b,s,s,w,w,,w,t,p,w,y,p
p,k,y,e,f,m,a,c,b,w,e,c,k,y,c,c,p,w,n,n,w,c,d
p,x,y,e,f,??,f,c,n,b,t,?,s,s,w,p,p,w,o,e,w,v,d
p,k,y,n,f,f,f,c,n,b,t,?,k,s,p,w,p,w,o,e,w,v,p
e,,s,n,f,n,a,c,b,y,e,?,s,s,o,o,p,o,o,p,y,v,l
e,k,s,n,f,n,a,c,b,n,e,?,s,s,o,o,p,o,o,p,o,c,l
e,x,y,c,t,n,f,c,b,w,e,b,s,s,w,w,p,w,t,p,w,v,p
p,,s,e,f,s,f,c,n,b,t,?,k,s,w,p,p,w,o,e,w,v,l
p,k,y,n,f,y,f,c,n,b,t,?,s,k,p,p,p,w,o,e,w,v,l
p,k,s,e,f,s,f,c,n,b,t,?,s,s,p,w,p,w,o,e,w,v,l
p,k,y,n,f,y,f,c,,b,t,?,s,k,w,p,p,w,o,e,w,v,d
p,k,y,e,f,f,f,c,n,b,t,?,k,s,w,p,p,w,o,e,w,v,p
e,f,s,,t,n,f,c,b,w,e,b,s,s,w,w,p,w,t,p,w,v,p
e,x,s,n,f,n,a,c,b,o,e,?,s,s,o,o,p,n,o,p,n,c,l
e,,f,w,f,n,f,w,b,w,e,?,s,k,w,w,p,w,t,p,w,n,g
e,k,f,g,f,n,f,w,b,g,e,?,s,k,w,w,,w,t,p,w,s,g
e,f,s,n,f,n,a,c,b,y,e,?,s,s,o,o,p,o,o,p,o,c,l
e,k,s,n,f,n,a,c,b,n,e,?,s,s,o,o,p,n,o,p,o,c,l
e,k,f,w,f,n,f,w,b,g,e,?,s,s,w,w,p,w,t,p,w,n,g
p,k,y,e,f,f,f,c,n,b,t,?,k,s,w,p,p,w,o,e,w,v,l
e,b,f,w,,n,f,w,b,g,e,?,k,k,w,w,p,w,t,p,w,s,g
p,k,y,n,f,y,f,c,n,b,t,?,s,s,w,p,p,w,o,e,w,v,p
p,k,y,e,f,y,f,c,n,b,t,?,k,k,w,p,p,w,o,e,w,v,d
p,k,y,n,f,f,,c,n,b,t,?,s,k,w,p,p,w,o,e,w,v,d
e,x,s,n,f,n,a,c,b,o,e,?,s,s,o,o,p,n,o,p,,v,l
e,x,y,n,t,n,f,c,b,w,e,?,s,s,w,w,p,w,t,p,w,y,p
e,b,s,w,,n,f,w,b,p,e,?,s,k,w,w,p,w,t,p,w,n,g
p,f,y,n,f,f,f,c,n,b,t,?,k,s,w,p,p,w,o,e,w,v,d
,k,s,n,f,f,f,c,n,b,t,?,s,k,p,w,p,w,o,e,w,v,l
p,k,s,e,f,y,f,c,n,b,t,?,s,k,p,w,p,w,o,e,w,v,p
e,x,s,n,f,n,a,c,b,o,e,?,s,s,o,o,p,n,o,p,y,c,l
e,x,s,n,f,n,a,c,b,y,e,?,s,s,o,o,p,n,o,p,n,v,l
e,b,s,w,f,n,f,w,,w,e,?,s,s,w,w,p,w,t,p,w,s,g
,x,y,e,f,f,f,c,n,b,t,?,s,s,p,p,p,w,o,e,w,v,p
e,b,f,w,f,n,f,w,b,w,e,?,k,s,w,w,p,w,t,p,w,s,g
e,b,f,w,f,n,f,w,b,g,e,?,s,k,w,w,p,w,t,p,w,n,g
e,b,f,w,f,n,f,w,b,g,e,?,k,s,w,w,p,w,t,p,,n,g
e,k,s,n,f,n,a,c,,o,e,?,s,s,o,o,p,o,o,p,o,v,l
p,k,y,e,f,s,f,c,n,b,t,?,s,k,p,w,p,w,o,e,w,v,p
e,k,s,n,f,n,,c,b,y,e,,,s,o,,p,n,o,p,o,v,l
p,k,s,wrong,f,f,f,c,n,b,t,?,k,s,w,w,p,,o,e,w,v,d
p,k,y,c,f,m,a,c,b,y,e,c,k,y,c,c,p,w,n,n,w,c,d
p,k,s,n,f,y,f,c,n,b,t,?,s,s,p,,p,w,o,e,w,v,d
e,x,s,g,f,,f,w,b,g,e,?,s,k,w,w,p,w,t,p,w,n,g
e,f,s,n,f,n,f,c,b,w,e,?,y,y,n,n,p,w,t,p,w,y,d
e,k,s,n,f,n,,c,b,y,e,?,s,s,o,o,p,n,o,p,y,c,l
e,b,y,n,f,n,f,c,b,,e,,y,y,n,n,p,w,t,p,w,y,p
p,x,s,n,f,f,f,c,n,b,t,?,k,k,p,p,p,w,o,e,w,v,l
e,b,s,n,f,n,a,c,b,o,e,?,s,s,o,o,p,o,o,p,b,c,l
p,f,s,n,f,y,f,c,n,b,t,?,k,k,w,w,p,w,o,e,w,v,p
p,k,y,n,f,f,f,c,n,b,t,?,k,s,p,p,p,,o,e,w,v,p
e,k,s,g,f,n,f,w,b,w,e,?,k,s,w,w,p,w,t,p,w,n,g
p,k,y,n,f,f,f,c,n,b,t,?,s,k,w,w,p,w,o,e,w,v,l
e,,f,g,f,n,f,w,b,g,e,?,k,s,w,w,p,w,t,p,w,s,g
e,x,s,n,f,n,a,c,b,y,e,?,s,s,o,o,p,n,o,p,o,c,l
p,k,s,e,f,y,f,c,n,b,t,?,s,k,w,,p,w,o,e,w,v,p
e,f,s,n,f,n,a,c,b,o,e,?,s,s,o,o,p,n,o,p,y,v,l
p,k,s,n,f,y,f,c,n,b,t,?,k,k,p,p,p,w,o,e,w,v,l
p,k,y,n,f,s,f,c,n,b,t,?,s,s,p,p,p,w,o,e,w,v,p
e,k,s,n,,n,a,c,b,n,e,?,s,s,o,o,p,n,o,p,n,v,l
e,b,s,n,f,n,a,c,b,n,e,?,s,s,o,o,p,o,o,p,n,c,l
e,x,y,n,f,n,f,c,b,w,e,,y,y,n,n,p,w,t,p,w,y,p
e,x,s,w,f,n,f,w,b,w,e,?,k,s,w,w,p,w,t,p,w,s,g
e,f,s,n,f,n,a,c,b,n,e,?,s,,o,o,p,n,o,p,o,v,l
p,f,s,,f,,f,c,,b,t,?,s,k,w,p,p,w,o,e,w,v,p
p,x,y,e,f,s,f,c,n,b,t,?,s,s,w,p,p,w,o,e,w,v,d
p,k,y,e,f,y,f,c,n,b,t,?,s,k,w,,p,w,o,e,w,v,p
p,k,s,e,f,f,f,c,n,b,t,?,s,k,p,w,p,w,o,e,w,,d
p,k,s,e,f,f,f,c,n,b,t,?,k,k,p,w,p,w,o,e,w,v,p
e,,s,n,f,n,a,c,b,o,e,?,s,s,o,o,p,n,o,p,n,v,l
e,x,s,n,f,n,a,c,b,y,e,?,s,s,o,o,p,n,o,p,y,v,l
e,f,s,n,f,n,a,c,b,o,e,?,s,s,o,o,p,o,o,p,y,v,l
p,k,s,n,f,s,f,c,n,b,t,?,s,s,w,w,p,w,o,e,w,v,l
e,b,s,n,f,n,a,c,b,n,e,?,s,s,o,o,p,o,o,p,b,v,l
e,k,s,g,f,n,f,w,b,w,e,?,s,s,w,w,p,w,t,p,w,s,g
e,k,f,w,f,n,f,w,b,p,e,?,k,k,w,w,p,,t,p,w,s,g
,k,s,e,f,s,,c,n,b,t,?,k,s,p,p,p,w,o,e,w,,p
e,b,f,w,f,n,f,w,,g,e,?,k,k,w,w,p,w,t,p,w,n,g
e,x,s,w,f,n,f,w,b,w,e,?,s,k,w,w,p,w,t,p,w,s,g
e,b,f,w,f,n,f,w,b,p,e,?,s,k,w,w,p,w,t,p,w,s,g
p,k,y,n,f,y,f,c,n,b,t,?,s,s,p,p,p,w,o,e,w,v,d
p,f,s,n,f,y,f,c,n,b,t,?,k,s,p,w,p,w,o,e,w,v,l
p,f,y,e,f,y,f,c,n,b,t,?,k,k,p,p,,w,o,e,w,v,p
p,k,s,e,,y,f,c,n,b,t,?,s,k,w,p,p,w,o,e,w,v,p
p,k,y,n,f,f,f,c,n,b,t,?,k,s,p,p,,w,o,e,w,v,d
e,x,s,n,f,n,a,c,b,y,e,?,s,s,o,,p,n,o,p,y,c,l
e,f,s,n,f,n,a,c,b,y,e,?,s,s,o,o,p,n,o,p,n,v,l
p,k,y,n,f,f,f,c,n,b,t,?,k,s,p,p,p,w,o,e,w,v,l
p,k,s,n,f,f,f,c,n,b,t,?,s,s,p,w,p,w,o,e,w,v,l
e,x,f,g,f,n,f,w,b,g,e,?,s,s,w,w,p,w,t,p,w,n,g
e,k,s,w,f,n,f,w,Z,w,e,?,s,k,w,w,p,w,t,p,w,XXX,g
p,k,y,,f,f,f,c,n,b,t,?,s,k,,p,p,w,o,e,w,v,p
p,x,s,n,f,f,f,c,Z,b,t,?,s,s,,w,p,w,o,e,w,XXX,d
p,k,y,n,f,f,f,c,n,b,t,?,s,s,p,w,p,w,o,e,w,v,l
e,k,s,n,f,n,a,c,b,n,e,?,s,s,o,o,p,,o,p,b,c,l
e,b,f,w,f,n,f,w,b,p,e,?,k,s,w,w,p,w,t,,w,n,g
e,k,s,n,f,n,a,c,b,n,e,?,s,s,o,o,p,n,o,p,b,v,l
p,k,y,e,f,y,f,c,,b,t,?,k,k,p,w,p,w,o,e,w,v,d
e,x,y,g,t,n,f,c,b,w,e,b,s,s,w,w,p,w,t,p,w,y,p
p,k,s,e,f,f,f,c,n,b,t,?,s,k,w,w,,w,o,e,w,v,l
e,b,s,n,f,n,a,c,b,,e,?,s,s,o,o,p,o,o,p,y,v,l
p,k,y,e,f,y,f,c,n,b,t,?,k,s,p,w,p,w,o,e,w,v,p
e,x,s,n,f,n,a,c,b,y,e,?,s,s,o,o,p,o,,p,b,c,
e,f,s,n,f,n,a,c,b,n,e,?,s,s,o,o,p,n,o,p,b,v,l
e,f,s,n,f,n,,c,b,n,e,?,s,s,o,o,p,n,o,p,y,c,l
p,k,y,e,f,y,f,c,n,b,t,?,k,s,w,p,p,w,o,e,w,v,p
e,b,f,g,f,n,f,w,b,g,e,?,k,s,w,w,p,w,t,p,w,n,g
p,k,s,e,f,y,f,c,n,b,t,?,s,k,p,w,p,w,o,e,w,v,d
p,k,s,n,f,y,f,c,n,b,t,,s,k,w,p,p,w,o,e,w,v,d
p,k,y,n,f,f,,c,n,b,t,?,k,s,w,w,p,w,o,e,w,v,l
p,k,s,n,f,s,f,c,n,b,t,?,s,k,w,p,p,w,o,e,w,v,d
e,x,f,w,f,n,f,w,b,w,e,?,s,k,w,w,p,w,t,p,w,s,g
e,f,,,f,n,a,c,b,y,e,?,s,s,o,o,p,n,o,p,o,v,l
p,k,y,n,f,f,f,c,,b,t,?,k,k,w,p,p,w,o,e,w,v,d
e,x,s,n,f,n,a,c,b,n,e,?,s,s,o,o,p,n,o,p,n,v,l
e,,f,g,f,n,f,w,Z,w,e,?,k,s,w,w,p,w,t,p,w,XXX,g
e,b,s,n,f,n,a,c,b,o,e,?,s,s,o,o,p,o,o,p,y,v,l
e,x,s,n,f,n,a,c,b,o,e,?,s,s,o,o,p,n,o,p,o,v,l
p,k,s,e,f,,f,c,n,b,t,?,s,k,w,p,p,w,o,e,w,v,l
p,k,s,n,f,f,f,c,n,b,t,?,s,s,w,p,p,w,o,e,w,v,p
p,k,s,n,f,s,f,c,n,b,t,?,k,s,p,p,p,w,o,e,w,v,d
p,k,s,n,f,s,f,c,n,b,t,?,k,k,p,p,p,w,o,e,w,v,p
p,k,y,n,f,y,f,c,n,b,t,?,s,k,p,w,p,w,o,e,w,v,l
e,k,f,w,f,n,f,w,b,w,e,?,k,s,,w,p,w,t,p,w,s,g
p,k,y,e,f,f,,c,n,b,t,?,s,s,p,p,p,w,o,e,w,v,l
e,k,s,n,f,n,a,c,b,y,e,?,s,s,o,o,p,o,o,p,b,v,l
p,k,s,e,f,f,f,c,n,,t,?,k,k,w,w,p,w,o,,w,v,p
e,b,s,n,f,n,a,c,b,n,e,?,s,s,o,,p,o,o,p,b,c,l
e,f,s,n,f,n,a,c,b,o,e,?,s,s,o,o,p,o,o,p,b,c,l
e,k,s,n,f,n,a,c,b,n,e,?,s,s,o,o,p,n,o,p,n,c,l
p,k,y,e,f,s,f,c,n,b,t,?,k,k,w,w,p,w,o,e,w,v,l
e,k,s,n,f,n,a,c,b,n,e,?,s,,o,o,p,o,o,p,y,v,l
p,k,y,,,f,f,c,n,b,t,?,k,k,w,w,p,w,o,e,w,v,p
e,k,s,n,f,n,a,c,b,n,e,?,s,s,o,o,p,n,o,p,y,v,l
e,b,f,g,f,n,f,w,b,w,e,?,k,k,w,w,p,w,t,p,w,n,g
e,f,s,n,f,n,a,c,b,o,e,?,s,s,o,o,p,o,o,p,o,c,l
e,b,s,n,f,n,a,c,b,o,e,?,s,s,o,,p,n,o,p,y,c,l
e,f,s,n,f,n,a,c,,o,e,?,,s,o,o,p,n,o,p,o,v,l
e,b,f,g,f,n,f,w,b,g,e,?,s,s,w,w,p,w,t,p,w,s,g
p,k,y,e,f,f,f,c,n,b,t,?,s,s,w,w,p,w,o,e,w,v,l
,k,s,n,f,s,f,c,n,b,t,?,s,k,p,w,p,w,o,e,w,v,d
p,k,y,n,f,f,f,c,n,b,t,?,k,s,w,w,p,w,o,e,w,v,p
p,k,s,e,f,s,f,c,n,b,t,?,k,k,p,p,p,w,o,e,w,v,p
p,k,y,n,f,y,f,c,n,b,t,?,s,s,w,w,p,w,o,e,w,v,l
e,b,f,g,f,n,f,w,b,p,e,?,k,k,w,w,p,w,t,,w,s,g
e,k,f,w,f,n,f,w,b,g,e,?,s,k,w,w,p,w,t,p,w,s,g
e,k,s,n,f,n,a,c,b,n,e,?,s,s,o,o,p,n,o,p,o,v,l
p,x,s,e,f,f,f,c,n,b,t,?,k,s,w,p,p,w,o,e,w,v,p
e,k,s,n,f,n,a,c,b,n,e,?,s,s,o,o,p,o,o,p,n,v,l
p,k,y,e,f,f,f,c,n,b,t,?,k,k,w,p,p,w,o,,w,v,d
p,k,s,n,f,f,f,c,n,b,t,?,k,s,p,p,p,w,o,e,w,v,d
p,k,y,e,f,f,f,c,n,b,t,?,s,k,w,w,p,w,o,e,w,v,p
p,k,y,e,f,y,f,c,n,b,t,?,s,s,p,p,p,w,o,e,w,v,p
p,x,s,n,f,y,f,c,n,b,t,?,k,k,w,w,p,w,o,e,w,v,d
e,b,s,g,f,n,f,w,b,g,e,?,k,s,w,w,,w,t,p,w,n,g
p,x,y,c,f,m,f,c,b,y,e,c,k,y,,c,p,w,n,n,w,c,d
e,k,f,w,f,n,f,w,b,w,e,?,k,s,w,w,p,w,t,p,w,n,g
p,k,y,n,f,,f,,n,b,t,?,k,k,p,p,p,w,o,e,w,v,l
p,k,s,e,f,y,f,c,n,b,t,?,k,k,w,p,p,,o,e,w,v,d
e,k,f,w,f,n,f,w,b,w,e,?,k,k,w,w,p,w,t,p,w,,g
e,f,s,n,f,n,a,,b,o,e,?,s,s,o,o,p,n,o,p,b,v,l
p,k,s,e,f,s,f,c,n,b,t,?,s,s,p,w,p,w,o,e,w,v,p
e,x,s,n,f,n,a,c,b,y,e,?,s,s,o,o,p,,o,p,n,c,l
e,k,s,n,f,n,a,c,b,y,e,?,s,s,o,o,p,n,o,p,o,c,l
e,k,s,n,f,n,a,c,,y,e,?,,s,o,o,p,o,o,p,n,v,l
e,k,s,n,f,n,a,c,b,y,e,?,s,s,o,o,p,n,o,p,y,v,l
e,k,s,n,f,,a,c,b,o,e,?,s,s,o,o,p,o,o,p,n,,l
e,x,s,n,f,n,a,c,b,y,e,?,s,s,o,o,p,o,o,p,n,c,l
p,k,y,wrong,f,y,f,c,n,b,t,?,k,s,p,w,p,w,o,e,w,,l
e,b,s,w,,n,f,w,b,w,e,?,s,s,w,w,p,w,t,p,w,n,g
e,x,s,n,f,n,a,c,b,o,e,?,s,s,o,o,p,o,o,,n,v,l
e,k,s,w,f,n,f,w,b,p,e,?,s,s,w,w,p,w,t,p,w,n,g
e,k,s,n,f,n,a,c,b,o,e,?,s,s,o,o,p,n,o,p,b,v,l
p,k,y,e,f,y,f,c,n,b,t,?,k,k,p,p,p,w,o,e,w,v,d
p,f,,c,f,m,a,c,b,y,e,c,k,y,c,c,p,w,n,n,w,c,d
e,x,s,n,f,n,a,c,b,y,e,?,s,s,o,o,p,o,o,p,o,v,l
p,k,y,n,f,s,f,c,n,b,t,?,s,k,p,w,p,w,o,e,w,v,l
p,k,s,e,f,y,f,c,n,b,t,?,k,s,p,w,p,w,o,e,w,v,d
p,k,y,n,f,f,f,c,n,b,t,?,k,,p,w,p,w,o,e,w,v,d
e,k,s,n,f,n,a,c,b,y,e,?,s,s,o,o,p,o,o,p,b,c,l
e,x,s,n,f,n,a,c,b,y,e,?,s,s,o,o,p,n,o,p,b,v,l
e,f,s,n,f,n,a,c,b,n,e,?,s,s,o,o,p,o,o,p,b,c,l
p,k,y,n,f,y,f,c,n,b,t,?,s,k,w,w,p,w,o,e,w,v,l
e,x,s,n,f,n,a,c,b,y,e,?,s,s,o,o,p,o,,p,o,c,l
